curve,strategy,capital_multiple,capital_parent,capital_usd,trial,attacker_avg,best_honest_avg,is_top,snipe_fees,hop_fees,protocol_fees,price_impact_loss,round_trip_loss,mark_to_market,capital_deployed,cost_parent,cost_usd,cost_pct_of_capital,fee_share_of_cost,win_h0.0025,win_h0.005,win_h0.01,win_h0.0015
SINGLE_LIKE,self_fund_win,0.5,3220024.89897592,805.00622474398,0,3206527.0018250933,6467249.5794419,False,0.0,4828.226084458332,0.0,-1.5552359400317073e-10,4828.226084458176,0.0,3220024.89897592,4828.226084458176,1.207056521114544,0.0014994374999999908,1.0000000000000322,False,False,False,False
SINGLE_LIKE,self_fund_win,0.5,3220024.89897592,805.00622474398,1,3206527.0018250933,6157770.5314885415,False,0.0,4828.226084458332,0.0,-1.5552359400317073e-10,4828.226084458176,0.0,3220024.89897592,4828.226084458176,1.207056521114544,0.0014994374999999908,1.0000000000000322,False,False,False,False
SINGLE_LIKE,self_fund_win,0.5,3220024.89897592,805.00622474398,2,3206527.0018250933,6062463.315310662,False,0.0,4828.226084458332,0.0,-1.5552359400317073e-10,4828.226084458176,0.0,3220024.89897592,4828.226084458176,1.207056521114544,0.0014994374999999908,1.0000000000000322,False,False,False,False
SINGLE_LIKE,self_fund_win,0.5,3220024.89897592,805.00622474398,3,3206527.0018250933,6306385.125140712,False,0.0,4828.226084458332,0.0,-1.5552359400317073e-10,4828.226084458176,0.0,3220024.89897592,4828.226084458176,1.207056521114544,0.0014994374999999908,1.0000000000000322,False,False,False,False
SINGLE_LIKE,self_fund_win,0.5,3220024.89897592,805.00622474398,4,3206527.0018250933,6243380.712624881,False,0.0,4828.226084458332,0.0,-1.5552359400317073e-10,4828.226084458176,0.0,3220024.89897592,4828.226084458176,1.207056521114544,0.0014994374999999908,1.0000000000000322,False,False,False,False
SINGLE_LIKE,self_fund_win,0.5,3220024.89897592,805.00622474398,5,3206527.0018250933,7810309.951177467,False,0.0,4828.226084458332,0.0,-1.5552359400317073e-10,4828.226084458176,0.0,3220024.89897592,4828.226084458176,1.207056521114544,0.0014994374999999908,1.0000000000000322,False,False,False,False
SINGLE_LIKE,self_fund_win,0.5,3220024.89897592,805.00622474398,6,3206527.0018250933,6528870.235463332,False,0.0,4828.226084458332,0.0,-1.5552359400317073e-10,4828.226084458176,0.0,3220024.89897592,4828.226084458176,1.207056521114544,0.0014994374999999908,1.0000000000000322,False,False,False,False
SINGLE_LIKE,self_fund_win,0.5,3220024.89897592,805.00622474398,7,3206527.0018250933,6903695.466637338,False,0.0,4828.226084458332,0.0,-1.5552359400317073e-10,4828.226084458176,0.0,3220024.89897592,4828.226084458176,1.207056521114544,0.0014994374999999908,1.0000000000000322,False,False,False,False
SINGLE_LIKE,self_fund_win,0.5,3220024.89897592,805.00622474398,8,3206527.0018250933,6133380.824497388,False,0.0,4828.226084458332,0.0,-1.5552359400317073e-10,4828.226084458176,0.0,3220024.89897592,4828.226084458176,1.207056521114544,0.0014994374999999908,1.0000000000000322,False,False,False,False
SINGLE_LIKE,self_fund_win,0.5,3220024.89897592,805.00622474398,9,3206527.0018250933,6740332.9250746835,False,0.0,4828.226084458332,0.0,-1.5552359400317073e-10,4828.226084458176,0.0,3220024.89897592,4828.226084458176,1.207056521114544,0.0014994374999999908,1.0000000000000322,False,False,False,False
SINGLE_LIKE,self_fund_win,0.5,3220024.89897592,805.00622474398,10,3206527.0018250933,6839283.99503342,False,0.0,4828.226084458332,0.0,-1.5552359400317073e-10,4828.226084458176,0.0,3220024.89897592,4828.226084458176,1.207056521114544,0.0014994374999999908,1.0000000000000322,False,False,False,False
SINGLE_LIKE,self_fund_win,0.5,3220024.89897592,805.00622474398,11,3206527.0018250933,6287595.706344894,False,0.0,4828.226084458332,0.0,-1.5552359400317073e-10,4828.226084458176,0.0,3220024.89897592,4828.226084458176,1.207056521114544,0.0014994374999999908,1.0000000000000322,False,False,False,False
SINGLE_LIKE,self_fund_win,0.5,3220024.89897592,805.00622474398,12,3206527.0018250933,6360702.330500156,False,0.0,4828.226084458332,0.0,-1.5552359400317073e-10,4828.226084458176,0.0,3220024.89897592,4828.226084458176,1.207056521114544,0.0014994374999999908,1.0000000000000322,False,False,False,False
SINGLE_LIKE,self_fund_win,0.5,3220024.89897592,805.00622474398,13,3206527.0018250933,6230696.578733467,False,0.0,4828.226084458332,0.0,-1.5552359400317073e-10,4828.226084458176,0.0,3220024.89897592,4828.226084458176,1.207056521114544,0.0014994374999999908,1.0000000000000322,False,False,False,False
SINGLE_LIKE,self_fund_win,0.5,3220024.89897592,805.00622474398,14,3206527.0018250933,6701158.341942873,False,0.0,4828.226084458332,0.0,-1.5552359400317073e-10,4828.226084458176,0.0,3220024.89897592,4828.226084458176,1.207056521114544,0.0014994374999999908,1.0000000000000322,False,False,False,False
SINGLE_LIKE,self_fund_win,0.5,3220024.89897592,805.00622474398,15,3206527.0018250933,5698876.855946712,False,0.0,4828.226084458332,0.0,-1.5552359400317073e-10,4828.226084458176,0.0,3220024.89897592,4828.226084458176,1.207056521114544,0.0014994374999999908,1.0000000000000322,False,False,False,False
SINGLE_LIKE,self_fund_win,0.5,3220024.89897592,805.00622474398,16,3206527.0018250933,7416689.627895304,False,0.0,4828.226084458332,0.0,-1.5552359400317073e-10,4828.226084458176,0.0,3220024.89897592,4828.226084458176,1.207056521114544,0.0014994374999999908,1.0000000000000322,False,False,False,False
SINGLE_LIKE,self_fund_win,0.5,3220024.89897592,805.00622474398,17,3206527.0018250933,7096155.233661172,False,0.0,4828.226084458332,0.0,-1.5552359400317073e-10,4828.226084458176,0.0,3220024.89897592,4828.226084458176,1.207056521114544,0.0014994374999999908,1.0000000000000322,False,False,False,False
SINGLE_LIKE,self_fund_win,0.5,3220024.89897592,805.00622474398,18,3206527.0018250933,6939870.715075464,False,0.0,4828.226084458332,0.0,-1.5552359400317073e-10,4828.226084458176,0.0,3220024.89897592,4828.226084458176,1.207056521114544,0.0014994374999999908,1.0000000000000322,False,False,False,False
SINGLE_LIKE,self_fund_win,0.5,3220024.89897592,805.00622474398,19,3206527.0018250933,6500556.493589566,False,0.0,4828.226084458332,0.0,-1.5552359400317073e-10,4828.226084458176,0.0,3220024.89897592,4828.226084458176,1.207056521114544,0.0014994374999999908,1.0000000000000322,False,False,False,False
SINGLE_LIKE,self_fund_win,0.5,3220024.89897592,805.00622474398,20,3206527.0018250933,7018057.535628199,False,0.0,4828.226084458332,0.0,-1.5552359400317073e-10,4828.226084458176,0.0,3220024.89897592,4828.226084458176,1.207056521114544,0.0014994374999999908,1.0000000000000322,False,False,False,False
SINGLE_LIKE,self_fund_win,0.5,3220024.89897592,805.00622474398,21,3206527.0018250933,6162357.274202236,False,0.0,4828.226084458332,0.0,-1.5552359400317073e-10,4828.226084458176,0.0,3220024.89897592,4828.226084458176,1.207056521114544,0.0014994374999999908,1.0000000000000322,False,False,False,False
SINGLE_LIKE,self_fund_win,0.5,3220024.89897592,805.00622474398,22,3206527.0018250933,5547831.953362047,False,0.0,4828.226084458332,0.0,-1.5552359400317073e-10,4828.226084458176,0.0,3220024.89897592,4828.226084458176,1.207056521114544,0.0014994374999999908,1.0000000000000322,False,False,False,False
SINGLE_LIKE,self_fund_win,0.5,3220024.89897592,805.00622474398,23,3206527.0018250933,4919413.576375067,False,0.0,4828.226084458332,0.0,-1.5552359400317073e-10,4828.226084458176,0.0,3220024.89897592,4828.226084458176,1.207056521114544,0.0014994374999999908,1.0000000000000322,False,False,False,False
SINGLE_LIKE,self_fund_win,0.5,3220024.89897592,805.00622474398,24,3206527.0018250933,7019554.983630682,False,0.0,4828.226084458332,0.0,-1.5552359400317073e-10,4828.226084458176,0.0,3220024.89897592,4828.226084458176,1.207056521114544,0.0014994374999999908,1.0000000000000322,False,False,False,False
SINGLE_LIKE,self_fund_win,0.5,3220024.89897592,805.00622474398,25,3206527.0018250933,5421651.4360327255,False,0.0,4828.226084458332,0.0,-1.5552359400317073e-10,4828.226084458176,0.0,3220024.89897592,4828.226084458176,1.207056521114544,0.0014994374999999908,1.0000000000000322,False,False,False,False
SINGLE_LIKE,self_fund_win,0.5,3220024.89897592,805.00622474398,26,3206527.0018250933,6644635.4322623545,False,0.0,4828.226084458332,0.0,-1.5552359400317073e-10,4828.226084458176,0.0,3220024.89897592,4828.226084458176,1.207056521114544,0.0014994374999999908,1.0000000000000322,False,False,False,False
SINGLE_LIKE,self_fund_win,0.5,3220024.89897592,805.00622474398,27,3206527.0018250933,5888537.350708883,False,0.0,4828.226084458332,0.0,-1.5552359400317073e-10,4828.226084458176,0.0,3220024.89897592,4828.226084458176,1.207056521114544,0.0014994374999999908,1.0000000000000322,False,False,False,False
SINGLE_LIKE,self_fund_win,0.5,3220024.89897592,805.00622474398,28,3206527.0018250933,6953247.437785852,False,0.0,4828.226084458332,0.0,-1.5552359400317073e-10,4828.226084458176,0.0,3220024.89897592,4828.226084458176,1.207056521114544,0.0014994374999999908,1.0000000000000322,False,False,False,False
SINGLE_LIKE,self_fund_win,0.5,3220024.89897592,805.00622474398,29,3206527.0018250933,6091379.649800402,False,0.0,4828.226084458332,0.0,-1.5552359400317073e-10,4828.226084458176,0.0,3220024.89897592,4828.226084458176,1.207056521114544,0.0014994374999999908,1.0000000000000322,False,False,False,False
SINGLE_LIKE,self_fund_win,0.5,3220024.89897592,805.00622474398,30,3206527.0018250933,6256108.825344301,False,0.0,4828.226084458332,0.0,-1.5552359400317073e-10,4828.226084458176,0.0,3220024.89897592,4828.226084458176,1.207056521114544,0.0014994374999999908,1.0000000000000322,False,False,False,False
SINGLE_LIKE,self_fund_win,0.5,3220024.89897592,805.00622474398,31,3206527.0018250933,6433759.414498132,False,0.0,4828.226084458332,0.0,-1.5552359400317073e-10,4828.226084458176,0.0,3220024.89897592,4828.226084458176,1.207056521114544,0.0014994374999999908,1.0000000000000322,False,False,False,False
SINGLE_LIKE,self_fund_win,0.5,3220024.89897592,805.00622474398,32,3206527.0018250933,6857081.177652964,False,0.0,4828.226084458332,0.0,-1.5552359400317073e-10,4828.226084458176,0.0,3220024.89897592,4828.226084458176,1.207056521114544,0.0014994374999999908,1.0000000000000322,False,False,False,False
SINGLE_LIKE,self_fund_win,0.5,3220024.89897592,805.00622474398,33,3206527.0018250933,5528051.090302444,False,0.0,4828.226084458332,0.0,-1.5552359400317073e-10,4828.226084458176,0.0,3220024.89897592,4828.226084458176,1.207056521114544,0.0014994374999999908,1.0000000000000322,False,False,False,False
SINGLE_LIKE,self_fund_win,0.5,3220024.89897592,805.00622474398,34,3206527.0018250933,6539691.637770308,False,0.0,4828.226084458332,0.0,-1.5552359400317073e-10,4828.226084458176,0.0,3220024.89897592,4828.226084458176,1.207056521114544,0.0014994374999999908,1.0000000000000322,False,False,False,False
SINGLE_LIKE,self_fund_win,0.5,3220024.89897592,805.00622474398,35,3206527.0018250933,6454713.706260013,False,0.0,4828.226084458332,0.0,-1.5552359400317073e-10,4828.226084458176,0.0,3220024.89897592,4828.226084458176,1.207056521114544,0.0014994374999999908,1.0000000000000322,False,False,False,False
SINGLE_LIKE,self_fund_win,0.5,3220024.89897592,805.00622474398,36,3206527.0018250933,6590902.2839091495,False,0.0,4828.226084458332,0.0,-1.5552359400317073e-10,4828.226084458176,0.0,3220024.89897592,4828.226084458176,1.207056521114544,0.0014994374999999908,1.0000000000000322,False,False,False,False
SINGLE_LIKE,self_fund_win,0.5,3220024.89897592,805.00622474398,37,3206527.0018250933,7107417.591406233,False,0.0,4828.226084458332,0.0,-1.5552359400317073e-10,4828.226084458176,0.0,3220024.89897592,4828.226084458176,1.207056521114544,0.0014994374999999908,1.0000000000000322,False,False,False,False
SINGLE_LIKE,self_fund_win,0.5,3220024.89897592,805.00622474398,38,3206527.0018250933,6547383.96479496,False,0.0,4828.226084458332,0.0,-1.5552359400317073e-10,4828.226084458176,0.0,3220024.89897592,4828.226084458176,1.207056521114544,0.0014994374999999908,1.0000000000000322,False,False,False,False
SINGLE_LIKE,self_fund_win,0.5,3220024.89897592,805.00622474398,39,3206527.0018250933,6826305.387303806,False,0.0,4828.226084458332,0.0,-1.5552359400317073e-10,4828.226084458176,0.0,3220024.89897592,4828.226084458176,1.207056521114544,0.0014994374999999908,1.0000000000000322,False,False,False,False
SINGLE_LIKE,self_fund_win,1.0,6440049.79795184,1610.01244948796,0,6413054.003650187,6019801.707125755,True,0.0,9656.452168916663,0.0,-3.1104718800634146e-10,9656.452168916352,0.0,6440049.79795184,9656.452168916352,2.414113042229088,0.0014994374999999908,1.0000000000000322,True,True,False,True
SINGLE_LIKE,self_fund_win,1.0,6440049.79795184,1610.01244948796,1,6413054.003650187,6764805.11975382,False,0.0,9656.452168916663,0.0,-3.1104718800634146e-10,9656.452168916352,0.0,6440049.79795184,9656.452168916352,2.414113042229088,0.0014994374999999908,1.0000000000000322,False,False,False,False
SINGLE_LIKE,self_fund_win,1.0,6440049.79795184,1610.01244948796,2,6413054.003650187,6576383.134527485,False,0.0,9656.452168916663,0.0,-3.1104718800634146e-10,9656.452168916352,0.0,6440049.79795184,9656.452168916352,2.414113042229088,0.0014994374999999908,1.0000000000000322,False,False,False,False
SINGLE_LIKE,self_fund_win,1.0,6440049.79795184,1610.01244948796,3,6413054.003650187,6725533.249094309,False,0.0,9656.452168916663,0.0,-3.1104718800634146e-10,9656.452168916352,0.0,6440049.79795184,9656.452168916352,2.414113042229088,0.0014994374999999908,1.0000000000000322,False,False,False,False
SINGLE_LIKE,self_fund_win,1.0,6440049.79795184,1610.01244948796,4,6413054.003650187,6518547.106894001,False,0.0,9656.452168916663,0.0,-3.1104718800634146e-10,9656.452168916352,0.0,6440049.79795184,9656.452168916352,2.414113042229088,0.0014994374999999908,1.0000000000000322,False,False,False,False
SINGLE_LIKE,self_fund_win,1.0,6440049.79795184,1610.01244948796,5,6413054.003650187,6261122.514967581,True,0.0,9656.452168916663,0.0,-3.1104718800634146e-10,9656.452168916352,0.0,6440049.79795184,9656.452168916352,2.414113042229088,0.0014994374999999908,1.0000000000000322,True,True,False,True
SINGLE_LIKE,self_fund_win,1.0,6440049.79795184,1610.01244948796,6,6413054.003650187,5923663.614330628,True,0.0,9656.452168916663,0.0,-3.1104718800634146e-10,9656.452168916352,0.0,6440049.79795184,9656.452168916352,2.414113042229088,0.0014994374999999908,1.0000000000000322,True,True,False,True
SINGLE_LIKE,self_fund_win,1.0,6440049.79795184,1610.01244948796,7,6413054.003650187,5396482.133416583,True,0.0,9656.452168916663,0.0,-3.1104718800634146e-10,9656.452168916352,0.0,6440049.79795184,9656.452168916352,2.414113042229088,0.0014994374999999908,1.0000000000000322,True,True,False,True
SINGLE_LIKE,self_fund_win,1.0,6440049.79795184,1610.01244948796,8,6413054.003650187,5972996.86044409,True,0.0,9656.452168916663,0.0,-3.1104718800634146e-10,9656.452168916352,0.0,6440049.79795184,9656.452168916352,2.414113042229088,0.0014994374999999908,1.0000000000000322,True,True,False,True
SINGLE_LIKE,self_fund_win,1.0,6440049.79795184,1610.01244948796,9,6413054.003650187,6246681.5482947035,True,0.0,9656.452168916663,0.0,-3.1104718800634146e-10,9656.452168916352,0.0,6440049.79795184,9656.452168916352,2.414113042229088,0.0014994374999999908,1.0000000000000322,True,True,False,True
SINGLE_LIKE,self_fund_win,1.0,6440049.79795184,1610.01244948796,10,6413054.003650187,6800207.015369857,False,0.0,9656.452168916663,0.0,-3.1104718800634146e-10,9656.452168916352,0.0,6440049.79795184,9656.452168916352,2.414113042229088,0.0014994374999999908,1.0000000000000322,False,False,False,False
SINGLE_LIKE,self_fund_win,1.0,6440049.79795184,1610.01244948796,11,6413054.003650187,7346378.308056461,False,0.0,9656.452168916663,0.0,-3.1104718800634146e-10,9656.452168916352,0.0,6440049.79795184,9656.452168916352,2.414113042229088,0.0014994374999999908,1.0000000000000322,False,False,False,False
SINGLE_LIKE,self_fund_win,1.0,6440049.79795184,1610.01244948796,12,6413054.003650187,6136969.391466633,True,0.0,9656.452168916663,0.0,-3.1104718800634146e-10,9656.452168916352,0.0,6440049.79795184,9656.452168916352,2.414113042229088,0.0014994374999999908,1.0000000000000322,True,True,False,True
SINGLE_LIKE,self_fund_win,1.0,6440049.79795184,1610.01244948796,13,6413054.003650187,7208868.366365339,False,0.0,9656.452168916663,0.0,-3.1104718800634146e-10,9656.452168916352,0.0,6440049.79795184,9656.452168916352,2.414113042229088,0.0014994374999999908,1.0000000000000322,False,False,False,False
SINGLE_LIKE,self_fund_win,1.0,6440049.79795184,1610.01244948796,14,6413054.003650187,5974649.698520025,True,0.0,9656.452168916663,0.0,-3.1104718800634146e-10,9656.452168916352,0.0,6440049.79795184,9656.452168916352,2.414113042229088,0.0014994374999999908,1.0000000000000322,True,True,False,True
SINGLE_LIKE,self_fund_win,1.0,6440049.79795184,1610.01244948796,15,6413054.003650187,7480304.623491249,False,0.0,9656.452168916663,0.0,-3.1104718800634146e-10,9656.452168916352,0.0,6440049.79795184,9656.452168916352,2.414113042229088,0.0014994374999999908,1.0000000000000322,False,False,False,False
SINGLE_LIKE,self_fund_win,1.0,6440049.79795184,1610.01244948796,16,6413054.003650187,6182922.137915807,True,0.0,9656.452168916663,0.0,-3.1104718800634146e-10,9656.452168916352,0.0,6440049.79795184,9656.452168916352,2.414113042229088,0.0014994374999999908,1.0000000000000322,True,True,False,True
SINGLE_LIKE,self_fund_win,1.0,6440049.79795184,1610.01244948796,17,6413054.003650187,6774833.186176672,False,0.0,9656.452168916663,0.0,-3.1104718800634146e-10,9656.452168916352,0.0,6440049.79795184,9656.452168916352,2.414113042229088,0.0014994374999999908,1.0000000000000322,False,False,False,False
SINGLE_LIKE,self_fund_win,1.0,6440049.79795184,1610.01244948796,18,6413054.003650187,5803241.477066286,True,0.0,9656.452168916663,0.0,-3.1104718800634146e-10,9656.452168916352,0.0,6440049.79795184,9656.452168916352,2.414113042229088,0.0014994374999999908,1.0000000000000322,True,True,False,True
SINGLE_LIKE,self_fund_win,1.0,6440049.79795184,1610.01244948796,19,6413054.003650187,6893587.957396775,False,0.0,9656.452168916663,0.0,-3.1104718800634146e-10,9656.452168916352,0.0,6440049.79795184,9656.452168916352,2.414113042229088,0.0014994374999999908,1.0000000000000322,False,False,False,False
SINGLE_LIKE,self_fund_win,1.0,6440049.79795184,1610.01244948796,20,6413054.003650187,6080259.413473042,True,0.0,9656.452168916663,0.0,-3.1104718800634146e-10,9656.452168916352,0.0,6440049.79795184,9656.452168916352,2.414113042229088,0.0014994374999999908,1.0000000000000322,True,True,False,True
SINGLE_LIKE,self_fund_win,1.0,6440049.79795184,1610.01244948796,21,6413054.003650187,5667204.780323203,True,0.0,9656.452168916663,0.0,-3.1104718800634146e-10,9656.452168916352,0.0,6440049.79795184,9656.452168916352,2.414113042229088,0.0014994374999999908,1.0000000000000322,True,True,False,True
SINGLE_LIKE,self_fund_win,1.0,6440049.79795184,1610.01244948796,22,6413054.003650187,7275191.480873317,False,0.0,9656.452168916663,0.0,-3.1104718800634146e-10,9656.452168916352,0.0,6440049.79795184,9656.452168916352,2.414113042229088,0.0014994374999999908,1.0000000000000322,False,False,False,False
SINGLE_LIKE,self_fund_win,1.0,6440049.79795184,1610.01244948796,23,6413054.003650187,5980606.070976309,True,0.0,9656.452168916663,0.0,-3.1104718800634146e-10,9656.452168916352,0.0,6440049.79795184,9656.452168916352,2.414113042229088,0.0014994374999999908,1.0000000000000322,True,True,False,True
SINGLE_LIKE,self_fund_win,1.0,6440049.79795184,1610.01244948796,24,6413054.003650187,6225676.485776864,True,0.0,9656.452168916663,0.0,-3.1104718800634146e-10,9656.452168916352,0.0,6440049.79795184,9656.452168916352,2.414113042229088,0.0014994374999999908,1.0000000000000322,True,True,False,True
SINGLE_LIKE,self_fund_win,1.0,6440049.79795184,1610.01244948796,25,6413054.003650187,6327602.303756297,True,0.0,9656.452168916663,0.0,-3.1104718800634146e-10,9656.452168916352,0.0,6440049.79795184,9656.452168916352,2.414113042229088,0.0014994374999999908,1.0000000000000322,True,True,False,True
SINGLE_LIKE,self_fund_win,1.0,6440049.79795184,1610.01244948796,26,6413054.003650187,6512443.085476938,False,0.0,9656.452168916663,0.0,-3.1104718800634146e-10,9656.452168916352,0.0,6440049.79795184,9656.452168916352,2.414113042229088,0.0014994374999999908,1.0000000000000322,False,False,False,False
SINGLE_LIKE,self_fund_win,1.0,6440049.79795184,1610.01244948796,27,6413054.003650187,7357292.922473632,False,0.0,9656.452168916663,0.0,-3.1104718800634146e-10,9656.452168916352,0.0,6440049.79795184,9656.452168916352,2.414113042229088,0.0014994374999999908,1.0000000000000322,False,False,False,False
SINGLE_LIKE,self_fund_win,1.0,6440049.79795184,1610.01244948796,28,6413054.003650187,6956545.305714874,False,0.0,9656.452168916663,0.0,-3.1104718800634146e-10,9656.452168916352,0.0,6440049.79795184,9656.452168916352,2.414113042229088,0.0014994374999999908,1.0000000000000322,False,False,False,False
SINGLE_LIKE,self_fund_win,1.0,6440049.79795184,1610.01244948796,29,6413054.003650187,7330137.13643513,False,0.0,9656.452168916663,0.0,-3.1104718800634146e-10,9656.452168916352,0.0,6440049.79795184,9656.452168916352,2.414113042229088,0.0014994374999999908,1.0000000000000322,False,False,False,False
SINGLE_LIKE,self_fund_win,1.0,6440049.79795184,1610.01244948796,30,6413054.003650187,6979953.278274764,False,0.0,9656.452168916663,0.0,-3.1104718800634146e-10,9656.452168916352,0.0,6440049.79795184,9656.452168916352,2.414113042229088,0.0014994374999999908,1.0000000000000322,False,False,False,False
SINGLE_LIKE,self_fund_win,1.0,6440049.79795184,1610.01244948796,31,6413054.003650187,6530115.7363046855,False,0.0,9656.452168916663,0.0,-3.1104718800634146e-10,9656.452168916352,0.0,6440049.79795184,9656.452168916352,2.414113042229088,0.0014994374999999908,1.0000000000000322,False,False,False,False
SINGLE_LIKE,self_fund_win,1.0,6440049.79795184,1610.01244948796,32,6413054.003650187,7166542.348644087,False,0.0,9656.452168916663,0.0,-3.1104718800634146e-10,9656.452168916352,0.0,6440049.79795184,9656.452168916352,2.414113042229088,0.0014994374999999908,1.0000000000000322,False,False,False,False
SINGLE_LIKE,self_fund_win,1.0,6440049.79795184,1610.01244948796,33,6413054.003650187,5862726.08932935,True,0.0,9656.452168916663,0.0,-3.1104718800634146e-10,9656.452168916352,0.0,6440049.79795184,9656.452168916352,2.414113042229088,0.0014994374999999908,1.0000000000000322,True,True,False,True
SINGLE_LIKE,self_fund_win,1.0,6440049.79795184,1610.01244948796,34,6413054.003650187,6400877.4882740835,True,0.0,9656.452168916663,0.0,-3.1104718800634146e-10,9656.452168916352,0.0,6440049.79795184,9656.452168916352,2.414113042229088,0.0014994374999999908,1.0000000000000322,True,True,False,True
SINGLE_LIKE,self_fund_win,1.0,6440049.79795184,1610.01244948796,35,6413054.003650187,6026507.524242913,True,0.0,9656.452168916663,0.0,-3.1104718800634146e-10,9656.452168916352,0.0,6440049.79795184,9656.452168916352,2.414113042229088,0.0014994374999999908,1.0000000000000322,True,True,False,True
SINGLE_LIKE,self_fund_win,1.0,6440049.79795184,1610.01244948796,36,6413054.003650187,6772875.311156891,False,0.0,9656.452168916663,0.0,-3.1104718800634146e-10,9656.452168916352,0.0,6440049.79795184,9656.452168916352,2.414113042229088,0.0014994374999999908,1.0000000000000322,False,False,False,False
SINGLE_LIKE,self_fund_win,1.0,6440049.79795184,1610.01244948796,37,6413054.003650187,6717328.7412487585,False,0.0,9656.452168916663,0.0,-3.1104718800634146e-10,9656.452168916352,0.0,6440049.79795184,9656.452168916352,2.414113042229088,0.0014994374999999908,1.0000000000000322,False,False,False,False
SINGLE_LIKE,self_fund_win,1.0,6440049.79795184,1610.01244948796,38,6413054.003650187,5414234.35626054,True,0.0,9656.452168916663,0.0,-3.1104718800634146e-10,9656.452168916352,0.0,6440049.79795184,9656.452168916352,2.414113042229088,0.0014994374999999908,1.0000000000000322,True,True,False,True
SINGLE_LIKE,self_fund_win,1.0,6440049.79795184,1610.01244948796,39,6413054.003650187,5024503.976368703,True,0.0,9656.452168916663,0.0,-3.1104718800634146e-10,9656.452168916352,0.0,6440049.79795184,9656.452168916352,2.414113042229088,0.0014994374999999908,1.0000000000000322,True,True,False,True
SINGLE_LIKE,self_fund_win,2.0,12880099.59590368,3220.02489897592,0,12826108.007300373,8461472.564613877,True,0.0,19312.904337833323,0.0,3.0486262403428555e-09,19312.90433783637,5.972997925745498e-11,12880099.59590368,19312.90433783637,4.828226084459093,0.0014994375000002755,0.9999999999998421,True,True,True,True
SINGLE_LIKE,self_fund_win,2.0,12880099.59590368,3220.02489897592,1,12826108.007300373,5799917.532125798,True,0.0,19312.904337833323,0.0,3.0486262403428555e-09,19312.90433783637,5.972997925745498e-11,12880099.59590368,19312.90433783637,4.828226084459093,0.0014994375000002755,0.9999999999998421,True,True,True,True
SINGLE_LIKE,self_fund_win,2.0,12880099.59590368,3220.02489897592,2,12826108.007300373,7989528.406523852,True,0.0,19312.904337833323,0.0,3.0486262403428555e-09,19312.90433783637,5.972997925745498e-11,12880099.59590368,19312.90433783637,4.828226084459093,0.0014994375000002755,0.9999999999998421,True,True,True,True
SINGLE_LIKE,self_fund_win,2.0,12880099.59590368,3220.02489897592,3,12826108.007300373,6203980.505736118,True,0.0,19312.904337833323,0.0,3.0486262403428555e-09,19312.90433783637,5.972997925745498e-11,12880099.59590368,19312.90433783637,4.828226084459093,0.0014994375000002755,0.9999999999998421,True,True,True,True
SINGLE_LIKE,self_fund_win,2.0,12880099.59590368,3220.02489897592,4,12826108.007300373,5851926.186422722,True,0.0,19312.904337833323,0.0,3.0486262403428555e-09,19312.90433783637,5.972997925745498e-11,12880099.59590368,19312.90433783637,4.828226084459093,0.0014994375000002755,0.9999999999998421,True,True,True,True
SINGLE_LIKE,self_fund_win,2.0,12880099.59590368,3220.02489897592,5,12826108.007300373,7936809.304656885,True,0.0,19312.904337833323,0.0,3.0486262403428555e-09,19312.90433783637,5.972997925745498e-11,12880099.59590368,19312.90433783637,4.828226084459093,0.0014994375000002755,0.9999999999998421,True,True,True,True
SINGLE_LIKE,self_fund_win,2.0,12880099.59590368,3220.02489897592,6,12826108.007300373,7275240.620899587,True,0.0,19312.904337833323,0.0,3.0486262403428555e-09,19312.90433783637,5.972997925745498e-11,12880099.59590368,19312.90433783637,4.828226084459093,0.0014994375000002755,0.9999999999998421,True,True,True,True
SINGLE_LIKE,self_fund_win,2.0,12880099.59590368,3220.02489897592,7,12826108.007300373,7419752.174523949,True,0.0,19312.904337833323,0.0,3.0486262403428555e-09,19312.90433783637,5.972997925745498e-11,12880099.59590368,19312.90433783637,4.828226084459093,0.0014994375000002755,0.9999999999998421,True,True,True,True
SINGLE_LIKE,self_fund_win,2.0,12880099.59590368,3220.02489897592,8,12826108.007300373,5137497.626577958,True,0.0,19312.904337833323,0.0,3.0486262403428555e-09,19312.90433783637,5.972997925745498e-11,12880099.59590368,19312.90433783637,4.828226084459093,0.0014994375000002755,0.9999999999998421,True,True,True,True
SINGLE_LIKE,self_fund_win,2.0,12880099.59590368,3220.02489897592,9,12826108.007300373,4813129.998825819,True,0.0,19312.904337833323,0.0,3.0486262403428555e-09,19312.90433783637,5.972997925745498e-11,12880099.59590368,19312.90433783637,4.828226084459093,0.0014994375000002755,0.9999999999998421,True,True,True,True
SINGLE_LIKE,self_fund_win,2.0,12880099.59590368,3220.02489897592,10,12826108.007300373,6859844.721172437,True,0.0,19312.904337833323,0.0,3.0486262403428555e-09,19312.90433783637,5.972997925745498e-11,12880099.59590368,19312.90433783637,4.828226084459093,0.0014994375000002755,0.9999999999998421,True,True,True,True
SINGLE_LIKE,self_fund_win,2.0,12880099.59590368,3220.02489897592,11,12826108.007300373,6496212.030272892,True,0.0,19312.904337833323,0.0,3.0486262403428555e-09,19312.90433783637,5.972997925745498e-11,12880099.59590368,19312.90433783637,4.828226084459093,0.0014994375000002755,0.9999999999998421,True,True,True,True
SINGLE_LIKE,self_fund_win,2.0,12880099.59590368,3220.02489897592,12,12826108.007300373,7200378.927225475,True,0.0,19312.904337833323,0.0,3.0486262403428555e-09,19312.90433783637,5.972997925745498e-11,12880099.59590368,19312.90433783637,4.828226084459093,0.0014994375000002755,0.9999999999998421,True,True,True,True
SINGLE_LIKE,self_fund_win,2.0,12880099.59590368,3220.02489897592,13,12826108.007300373,7043469.733420635,True,0.0,19312.904337833323,0.0,3.0486262403428555e-09,19312.90433783637,5.972997925745498e-11,12880099.59590368,19312.90433783637,4.828226084459093,0.0014994375000002755,0.9999999999998421,True,True,True,True
SINGLE_LIKE,self_fund_win,2.0,12880099.59590368,3220.02489897592,14,12826108.007300373,5609030.855613314,True,0.0,19312.904337833323,0.0,3.0486262403428555e-09,19312.90433783637,5.972997925745498e-11,12880099.59590368,19312.90433783637,4.828226084459093,0.0014994375000002755,0.9999999999998421,True,True,True,True
SINGLE_LIKE,self_fund_win,2.0,12880099.59590368,3220.02489897592,15,12826108.007300373,7562431.539370025,True,0.0,19312.904337833323,0.0,3.0486262403428555e-09,19312.90433783637,5.972997925745498e-11,12880099.59590368,19312.90433783637,4.828226084459093,0.0014994375000002755,0.9999999999998421,True,True,True,True
SINGLE_LIKE,self_fund_win,2.0,12880099.59590368,3220.02489897592,16,12826108.007300373,7294418.457360373,True,0.0,19312.904337833323,0.0,3.0486262403428555e-09,19312.90433783637,5.972997925745498e-11,12880099.59590368,19312.90433783637,4.828226084459093,0.0014994375000002755,0.9999999999998421,True,True,True,True
SINGLE_LIKE,self_fund_win,2.0,12880099.59590368,3220.02489897592,17,12826108.007300373,6815187.939260976,True,0.0,19312.904337833323,0.0,3.0486262403428555e-09,19312.90433783637,5.972997925745498e-11,12880099.59590368,19312.90433783637,4.828226084459093,0.0014994375000002755,0.9999999999998421,True,True,True,True
SINGLE_LIKE,self_fund_win,2.0,12880099.59590368,3220.02489897592,18,12826108.007300373,5725479.017618527,True,0.0,19312.904337833323,0.0,3.0486262403428555e-09,19312.90433783637,5.972997925745498e-11,12880099.59590368,19312.90433783637,4.828226084459093,0.0014994375000002755,0.9999999999998421,True,True,True,True
SINGLE_LIKE,self_fund_win,2.0,12880099.59590368,3220.02489897592,19,12826108.007300373,7066362.536116955,True,0.0,19312.904337833323,0.0,3.0486262403428555e-09,19312.90433783637,5.972997925745498e-11,12880099.59590368,19312.90433783637,4.828226084459093,0.0014994375000002755,0.9999999999998421,True,True,True,True
SINGLE_LIKE,self_fund_win,2.0,12880099.59590368,3220.02489897592,20,12826108.007300373,6806395.469398071,True,0.0,19312.904337833323,0.0,3.0486262403428555e-09,19312.90433783637,5.972997925745498e-11,12880099.59590368,19312.90433783637,4.828226084459093,0.0014994375000002755,0.9999999999998421,True,True,True,True
SINGLE_LIKE,self_fund_win,2.0,12880099.59590368,3220.02489897592,21,12826108.007300373,5532502.201424032,True,0.0,19312.904337833323,0.0,3.0486262403428555e-09,19312.90433783637,5.972997925745498e-11,12880099.59590368,19312.90433783637,4.828226084459093,0.0014994375000002755,0.9999999999998421,True,True,True,True
SINGLE_LIKE,self_fund_win,2.0,12880099.59590368,3220.02489897592,22,12826108.007300373,6147992.017703915,True,0.0,19312.904337833323,0.0,3.0486262403428555e-09,19312.90433783637,5.972997925745498e-11,12880099.59590368,19312.90433783637,4.828226084459093,0.0014994375000002755,0.9999999999998421,True,True,True,True
SINGLE_LIKE,self_fund_win,2.0,12880099.59590368,3220.02489897592,23,12826108.007300373,6277894.753969886,True,0.0,19312.904337833323,0.0,3.0486262403428555e-09,19312.90433783637,5.972997925745498e-11,12880099.59590368,19312.90433783637,4.828226084459093,0.0014994375000002755,0.9999999999998421,True,True,True,True
SINGLE_LIKE,self_fund_win,2.0,12880099.59590368,3220.02489897592,24,12826108.007300373,6520615.508413425,True,0.0,19312.904337833323,0.0,3.0486262403428555e-09,19312.90433783637,5.972997925745498e-11,12880099.59590368,19312.90433783637,4.828226084459093,0.0014994375000002755,0.9999999999998421,True,True,True,True
SINGLE_LIKE,self_fund_win,2.0,12880099.59590368,3220.02489897592,25,12826108.007300373,6632043.454800488,True,0.0,19312.904337833323,0.0,3.0486262403428555e-09,19312.90433783637,5.972997925745498e-11,12880099.59590368,19312.90433783637,4.828226084459093,0.0014994375000002755,0.9999999999998421,True,True,True,True
SINGLE_LIKE,self_fund_win,2.0,12880099.59590368,3220.02489897592,26,12826108.007300373,6282803.995333672,True,0.0,19312.904337833323,0.0,3.0486262403428555e-09,19312.90433783637,5.972997925745498e-11,12880099.59590368,19312.90433783637,4.828226084459093,0.0014994375000002755,0.9999999999998421,True,True,True,True
SINGLE_LIKE,self_fund_win,2.0,12880099.59590368,3220.02489897592,27,12826108.007300373,6693956.417784223,True,0.0,19312.904337833323,0.0,3.0486262403428555e-09,19312.90433783637,5.972997925745498e-11,12880099.59590368,19312.90433783637,4.828226084459093,0.0014994375000002755,0.9999999999998421,True,True,True,True
SINGLE_LIKE,self_fund_win,2.0,12880099.59590368,3220.02489897592,28,12826108.007300373,6591970.202062702,True,0.0,19312.904337833323,0.0,3.0486262403428555e-09,19312.90433783637,5.972997925745498e-11,12880099.59590368,19312.90433783637,4.828226084459093,0.0014994375000002755,0.9999999999998421,True,True,True,True
SINGLE_LIKE,self_fund_win,2.0,12880099.59590368,3220.02489897592,29,12826108.007300373,6602175.900958346,True,0.0,19312.904337833323,0.0,3.0486262403428555e-09,19312.90433783637,5.972997925745498e-11,12880099.59590368,19312.90433783637,4.828226084459093,0.0014994375000002755,0.9999999999998421,True,True,True,True
SINGLE_LIKE,self_fund_win,2.0,12880099.59590368,3220.02489897592,30,12826108.007300373,6270020.890174611,True,0.0,19312.904337833323,0.0,3.0486262403428555e-09,19312.90433783637,5.972997925745498e-11,12880099.59590368,19312.90433783637,4.828226084459093,0.0014994375000002755,0.9999999999998421,True,True,True,True
SINGLE_LIKE,self_fund_win,2.0,12880099.59590368,3220.02489897592,31,12826108.007300373,6400934.57248871,True,0.0,19312.904337833323,0.0,3.0486262403428555e-09,19312.90433783637,5.972997925745498e-11,12880099.59590368,19312.90433783637,4.828226084459093,0.0014994375000002755,0.9999999999998421,True,True,True,True
SINGLE_LIKE,self_fund_win,2.0,12880099.59590368,3220.02489897592,32,12826108.007300373,6359751.644670635,True,0.0,19312.904337833323,0.0,3.0486262403428555e-09,19312.90433783637,5.972997925745498e-11,12880099.59590368,19312.90433783637,4.828226084459093,0.0014994375000002755,0.9999999999998421,True,True,True,True
SINGLE_LIKE,self_fund_win,2.0,12880099.59590368,3220.02489897592,33,12826108.007300373,5877060.299399921,True,0.0,19312.904337833323,0.0,3.0486262403428555e-09,19312.90433783637,5.972997925745498e-11,12880099.59590368,19312.90433783637,4.828226084459093,0.0014994375000002755,0.9999999999998421,True,True,True,True
SINGLE_LIKE,self_fund_win,2.0,12880099.59590368,3220.02489897592,34,12826108.007300373,4843053.108032872,True,0.0,19312.904337833323,0.0,3.0486262403428555e-09,19312.90433783637,5.972997925745498e-11,12880099.59590368,19312.90433783637,4.828226084459093,0.0014994375000002755,0.9999999999998421,True,True,True,True
SINGLE_LIKE,self_fund_win,2.0,12880099.59590368,3220.02489897592,35,12826108.007300373,5674606.97895646,True,0.0,19312.904337833323,0.0,3.0486262403428555e-09,19312.90433783637,5.972997925745498e-11,12880099.59590368,19312.90433783637,4.828226084459093,0.0014994375000002755,0.9999999999998421,True,True,True,True
SINGLE_LIKE,self_fund_win,2.0,12880099.59590368,3220.02489897592,36,12826108.007300373,6061834.197347365,True,0.0,19312.904337833323,0.0,3.0486262403428555e-09,19312.90433783637,5.972997925745498e-11,12880099.59590368,19312.90433783637,4.828226084459093,0.0014994375000002755,0.9999999999998421,True,True,True,True
SINGLE_LIKE,self_fund_win,2.0,12880099.59590368,3220.02489897592,37,12826108.007300373,6280203.32552117,True,0.0,19312.904337833323,0.0,3.0486262403428555e-09,19312.90433783637,5.972997925745498e-11,12880099.59590368,19312.90433783637,4.828226084459093,0.0014994375000002755,0.9999999999998421,True,True,True,True
SINGLE_LIKE,self_fund_win,2.0,12880099.59590368,3220.02489897592,38,12826108.007300373,5895167.495041154,True,0.0,19312.904337833323,0.0,3.0486262403428555e-09,19312.90433783637,5.972997925745498e-11,12880099.59590368,19312.90433783637,4.828226084459093,0.0014994375000002755,0.9999999999998421,True,True,True,True
SINGLE_LIKE,self_fund_win,2.0,12880099.59590368,3220.02489897592,39,12826108.007300373,5903041.7627505055,True,0.0,19312.904337833323,0.0,3.0486262403428555e-09,19312.90433783637,5.972997925745498e-11,12880099.59590368,19312.90433783637,4.828226084459093,0.0014994375000002755,0.9999999999998421,True,True,True,True
SINGLE_LIKE,self_fund_win,5.0,32200248.9897592,8050.0622474398,0,32065270.01825093,6712484.278718511,True,0.0,48282.26084458332,0.0,-2.4883775040507317e-09,48282.26084458083,0.0,32200248.9897592,48282.26084458083,12.070565211145208,0.0014994374999999617,1.0000000000000515,True,True,True,True
SINGLE_LIKE,self_fund_win,5.0,32200248.9897592,8050.0622474398,1,32065270.01825093,7005705.523137405,True,0.0,48282.26084458332,0.0,-2.4883775040507317e-09,48282.26084458083,0.0,32200248.9897592,48282.26084458083,12.070565211145208,0.0014994374999999617,1.0000000000000515,True,True,True,True
SINGLE_LIKE,self_fund_win,5.0,32200248.9897592,8050.0622474398,2,32065270.01825093,6309043.030886803,True,0.0,48282.26084458332,0.0,-2.4883775040507317e-09,48282.26084458083,0.0,32200248.9897592,48282.26084458083,12.070565211145208,0.0014994374999999617,1.0000000000000515,True,True,True,True
SINGLE_LIKE,self_fund_win,5.0,32200248.9897592,8050.0622474398,3,32065270.01825093,7336527.297184064,True,0.0,48282.26084458332,0.0,-2.4883775040507317e-09,48282.26084458083,0.0,32200248.9897592,48282.26084458083,12.070565211145208,0.0014994374999999617,1.0000000000000515,True,True,True,True
SINGLE_LIKE,self_fund_win,5.0,32200248.9897592,8050.0622474398,4,32065270.01825093,7599377.393439068,True,0.0,48282.26084458332,0.0,-2.4883775040507317e-09,48282.26084458083,0.0,32200248.9897592,48282.26084458083,12.070565211145208,0.0014994374999999617,1.0000000000000515,True,True,True,True
SINGLE_LIKE,self_fund_win,5.0,32200248.9897592,8050.0622474398,5,32065270.01825093,5871423.74663523,True,0.0,48282.26084458332,0.0,-2.4883775040507317e-09,48282.26084458083,0.0,32200248.9897592,48282.26084458083,12.070565211145208,0.0014994374999999617,1.0000000000000515,True,True,True,True
SINGLE_LIKE,self_fund_win,5.0,32200248.9897592,8050.0622474398,6,32065270.01825093,6146537.2226059735,True,0.0,48282.26084458332,0.0,-2.4883775040507317e-09,48282.26084458083,0.0,32200248.9897592,48282.26084458083,12.070565211145208,0.0014994374999999617,1.0000000000000515,True,True,True,True
SINGLE_LIKE,self_fund_win,5.0,32200248.9897592,8050.0622474398,7,32065270.01825093,7144556.565461819,True,0.0,48282.26084458332,0.0,-2.4883775040507317e-09,48282.26084458083,0.0,32200248.9897592,48282.26084458083,12.070565211145208,0.0014994374999999617,1.0000000000000515,True,True,True,True
SINGLE_LIKE,self_fund_win,5.0,32200248.9897592,8050.0622474398,8,32065270.01825093,5946260.431842187,True,0.0,48282.26084458332,0.0,-2.4883775040507317e-09,48282.26084458083,0.0,32200248.9897592,48282.26084458083,12.070565211145208,0.0014994374999999617,1.0000000000000515,True,True,True,True
SINGLE_LIKE,self_fund_win,5.0,32200248.9897592,8050.0622474398,9,32065270.01825093,5778215.260534207,True,0.0,48282.26084458332,0.0,-2.4883775040507317e-09,48282.26084458083,0.0,32200248.9897592,48282.26084458083,12.070565211145208,0.0014994374999999617,1.0000000000000515,True,True,True,True
SINGLE_LIKE,self_fund_win,5.0,32200248.9897592,8050.0622474398,10,32065270.01825093,7349646.430572827,True,0.0,48282.26084458332,0.0,-2.4883775040507317e-09,48282.26084458083,0.0,32200248.9897592,48282.26084458083,12.070565211145208,0.0014994374999999617,1.0000000000000515,True,True,True,True
SINGLE_LIKE,self_fund_win,5.0,32200248.9897592,8050.0622474398,11,32065270.01825093,7284519.369392626,True,0.0,48282.26084458332,0.0,-2.4883775040507317e-09,48282.26084458083,0.0,32200248.9897592,48282.26084458083,12.070565211145208,0.0014994374999999617,1.0000000000000515,True,True,True,True
SINGLE_LIKE,self_fund_win,5.0,32200248.9897592,8050.0622474398,12,32065270.01825093,6483713.887690038,True,0.0,48282.26084458332,0.0,-2.4883775040507317e-09,48282.26084458083,0.0,32200248.9897592,48282.26084458083,12.070565211145208,0.0014994374999999617,1.0000000000000515,True,True,True,True
SINGLE_LIKE,self_fund_win,5.0,32200248.9897592,8050.0622474398,13,32065270.01825093,6997900.458961353,True,0.0,48282.26084458332,0.0,-2.4883775040507317e-09,48282.26084458083,0.0,32200248.9897592,48282.26084458083,12.070565211145208,0.0014994374999999617,1.0000000000000515,True,True,True,True
SINGLE_LIKE,self_fund_win,5.0,32200248.9897592,8050.0622474398,14,32065270.01825093,6283236.440528611,True,0.0,48282.26084458332,0.0,-2.4883775040507317e-09,48282.26084458083,0.0,32200248.9897592,48282.26084458083,12.070565211145208,0.0014994374999999617,1.0000000000000515,True,True,True,True
SINGLE_LIKE,self_fund_win,5.0,32200248.9897592,8050.0622474398,15,32065270.01825093,6480647.589055998,True,0.0,48282.26084458332,0.0,-2.4883775040507317e-09,48282.26084458083,0.0,32200248.9897592,48282.26084458083,12.070565211145208,0.0014994374999999617,1.0000000000000515,True,True,True,True
SINGLE_LIKE,self_fund_win,5.0,32200248.9897592,8050.0622474398,16,32065270.01825093,7265080.9912392115,True,0.0,48282.26084458332,0.0,-2.4883775040507317e-09,48282.26084458083,0.0,32200248.9897592,48282.26084458083,12.070565211145208,0.0014994374999999617,1.0000000000000515,True,True,True,True
SINGLE_LIKE,self_fund_win,5.0,32200248.9897592,8050.0622474398,17,32065270.01825093,7779577.712336733,True,0.0,48282.26084458332,0.0,-2.4883775040507317e-09,48282.26084458083,0.0,32200248.9897592,48282.26084458083,12.070565211145208,0.0014994374999999617,1.0000000000000515,True,True,True,True
SINGLE_LIKE,self_fund_win,5.0,32200248.9897592,8050.0622474398,18,32065270.01825093,6198147.75370375,True,0.0,48282.26084458332,0.0,-2.4883775040507317e-09,48282.26084458083,0.0,32200248.9897592,48282.26084458083,12.070565211145208,0.0014994374999999617,1.0000000000000515,True,True,True,True
SINGLE_LIKE,self_fund_win,5.0,32200248.9897592,8050.0622474398,19,32065270.01825093,6395822.344035727,True,0.0,48282.26084458332,0.0,-2.4883775040507317e-09,48282.26084458083,0.0,32200248.9897592,48282.26084458083,12.070565211145208,0.0014994374999999617,1.0000000000000515,True,True,True,True
SINGLE_LIKE,self_fund_win,5.0,32200248.9897592,8050.0622474398,20,32065270.01825093,6540899.381435473,True,0.0,48282.26084458332,0.0,-2.4883775040507317e-09,48282.26084458083,0.0,32200248.9897592,48282.26084458083,12.070565211145208,0.0014994374999999617,1.0000000000000515,True,True,True,True
SINGLE_LIKE,self_fund_win,5.0,32200248.9897592,8050.0622474398,21,32065270.01825093,6476584.516186255,True,0.0,48282.26084458332,0.0,-2.4883775040507317e-09,48282.26084458083,0.0,32200248.9897592,48282.26084458083,12.070565211145208,0.0014994374999999617,1.0000000000000515,True,True,True,True
SINGLE_LIKE,self_fund_win,5.0,32200248.9897592,8050.0622474398,22,32065270.01825093,6549788.558270302,True,0.0,48282.26084458332,0.0,-2.4883775040507317e-09,48282.26084458083,0.0,32200248.9897592,48282.26084458083,12.070565211145208,0.0014994374999999617,1.0000000000000515,True,True,True,True
SINGLE_LIKE,self_fund_win,5.0,32200248.9897592,8050.0622474398,23,32065270.01825093,6173080.125907262,True,0.0,48282.26084458332,0.0,-2.4883775040507317e-09,48282.26084458083,0.0,32200248.9897592,48282.26084458083,12.070565211145208,0.0014994374999999617,1.0000000000000515,True,True,True,True
SINGLE_LIKE,self_fund_win,5.0,32200248.9897592,8050.0622474398,24,32065270.01825093,6280566.380129156,True,0.0,48282.26084458332,0.0,-2.4883775040507317e-09,48282.26084458083,0.0,32200248.9897592,48282.26084458083,12.070565211145208,0.0014994374999999617,1.0000000000000515,True,True,True,True
SINGLE_LIKE,self_fund_win,5.0,32200248.9897592,8050.0622474398,25,32065270.01825093,6850140.870423829,True,0.0,48282.26084458332,0.0,-2.4883775040507317e-09,48282.26084458083,0.0,32200248.9897592,48282.26084458083,12.070565211145208,0.0014994374999999617,1.0000000000000515,True,True,True,True
SINGLE_LIKE,self_fund_win,5.0,32200248.9897592,8050.0622474398,26,32065270.01825093,7393561.946857235,True,0.0,48282.26084458332,0.0,-2.4883775040507317e-09,48282.26084458083,0.0,32200248.9897592,48282.26084458083,12.070565211145208,0.0014994374999999617,1.0000000000000515,True,True,True,True
SINGLE_LIKE,self_fund_win,5.0,32200248.9897592,8050.0622474398,27,32065270.01825093,7699473.410483343,True,0.0,48282.26084458332,0.0,-2.4883775040507317e-09,48282.26084458083,0.0,32200248.9897592,48282.26084458083,12.070565211145208,0.0014994374999999617,1.0000000000000515,True,True,True,True
SINGLE_LIKE,self_fund_win,5.0,32200248.9897592,8050.0622474398,28,32065270.01825093,6586763.482886509,True,0.0,48282.26084458332,0.0,-2.4883775040507317e-09,48282.26084458083,0.0,32200248.9897592,48282.26084458083,12.070565211145208,0.0014994374999999617,1.0000000000000515,True,True,True,True
SINGLE_LIKE,self_fund_win,5.0,32200248.9897592,8050.0622474398,29,32065270.01825093,7587436.134906574,True,0.0,48282.26084458332,0.0,-2.4883775040507317e-09,48282.26084458083,0.0,32200248.9897592,48282.26084458083,12.070565211145208,0.0014994374999999617,1.0000000000000515,True,True,True,True
SINGLE_LIKE,self_fund_win,5.0,32200248.9897592,8050.0622474398,30,32065270.01825093,6643039.024946626,True,0.0,48282.26084458332,0.0,-2.4883775040507317e-09,48282.26084458083,0.0,32200248.9897592,48282.26084458083,12.070565211145208,0.0014994374999999617,1.0000000000000515,True,True,True,True
SINGLE_LIKE,self_fund_win,5.0,32200248.9897592,8050.0622474398,31,32065270.01825093,7728150.957551706,True,0.0,48282.26084458332,0.0,-2.4883775040507317e-09,48282.26084458083,0.0,32200248.9897592,48282.26084458083,12.070565211145208,0.0014994374999999617,1.0000000000000515,True,True,True,True
SINGLE_LIKE,self_fund_win,5.0,32200248.9897592,8050.0622474398,32,32065270.01825093,6239747.020829854,True,0.0,48282.26084458332,0.0,-2.4883775040507317e-09,48282.26084458083,0.0,32200248.9897592,48282.26084458083,12.070565211145208,0.0014994374999999617,1.0000000000000515,True,True,True,True
SINGLE_LIKE,self_fund_win,5.0,32200248.9897592,8050.0622474398,33,32065270.01825093,6496928.031702918,True,0.0,48282.26084458332,0.0,-2.4883775040507317e-09,48282.26084458083,0.0,32200248.9897592,48282.26084458083,12.070565211145208,0.0014994374999999617,1.0000000000000515,True,True,True,True
SINGLE_LIKE,self_fund_win,5.0,32200248.9897592,8050.0622474398,34,32065270.01825093,6854246.276630251,True,0.0,48282.26084458332,0.0,-2.4883775040507317e-09,48282.26084458083,0.0,32200248.9897592,48282.26084458083,12.070565211145208,0.0014994374999999617,1.0000000000000515,True,True,True,True
SINGLE_LIKE,self_fund_win,5.0,32200248.9897592,8050.0622474398,35,32065270.01825093,7140528.885778876,True,0.0,48282.26084458332,0.0,-2.4883775040507317e-09,48282.26084458083,0.0,32200248.9897592,48282.26084458083,12.070565211145208,0.0014994374999999617,1.0000000000000515,True,True,True,True
SINGLE_LIKE,self_fund_win,5.0,32200248.9897592,8050.0622474398,36,32065270.01825093,6212382.962415989,True,0.0,48282.26084458332,0.0,-2.4883775040507317e-09,48282.26084458083,0.0,32200248.9897592,48282.26084458083,12.070565211145208,0.0014994374999999617,1.0000000000000515,True,True,True,True
SINGLE_LIKE,self_fund_win,5.0,32200248.9897592,8050.0622474398,37,32065270.01825093,5825112.303681933,True,0.0,48282.26084458332,0.0,-2.4883775040507317e-09,48282.26084458083,0.0,32200248.9897592,48282.26084458083,12.070565211145208,0.0014994374999999617,1.0000000000000515,True,True,True,True
SINGLE_LIKE,self_fund_win,5.0,32200248.9897592,8050.0622474398,38,32065270.01825093,6475297.118636514,True,0.0,48282.26084458332,0.0,-2.4883775040507317e-09,48282.26084458083,0.0,32200248.9897592,48282.26084458083,12.070565211145208,0.0014994374999999617,1.0000000000000515,True,True,True,True
SINGLE_LIKE,self_fund_win,5.0,32200248.9897592,8050.0622474398,39,32065270.01825093,7829468.293876752,True,0.0,48282.26084458332,0.0,-2.4883775040507317e-09,48282.26084458083,0.0,32200248.9897592,48282.26084458083,12.070565211145208,0.0014994374999999617,1.0000000000000515,True,True,True,True
SINGLE_LIKE,self_fund_win,10.0,64400497.9795184,16100.1244948796,0,64130540.03650186,6630174.833054822,True,0.0,96564.52168916664,0.0,-1.2427335605025291e-08,96564.52168915421,0.0,64400497.9795184,96564.52168915421,24.14113042228855,0.0014994374999998462,1.0000000000001288,True,True,True,True
SINGLE_LIKE,self_fund_win,10.0,64400497.9795184,16100.1244948796,1,64130540.03650186,6045107.966177479,True,0.0,96564.52168916664,0.0,-1.2427335605025291e-08,96564.52168915421,0.0,64400497.9795184,96564.52168915421,24.14113042228855,0.0014994374999998462,1.0000000000001288,True,True,True,True
SINGLE_LIKE,self_fund_win,10.0,64400497.9795184,16100.1244948796,2,64130540.03650186,5643823.954697133,True,0.0,96564.52168916664,0.0,-1.2427335605025291e-08,96564.52168915421,0.0,64400497.9795184,96564.52168915421,24.14113042228855,0.0014994374999998462,1.0000000000001288,True,True,True,True
SINGLE_LIKE,self_fund_win,10.0,64400497.9795184,16100.1244948796,3,64130540.03650186,6621365.583074724,True,0.0,96564.52168916664,0.0,-1.2427335605025291e-08,96564.52168915421,0.0,64400497.9795184,96564.52168915421,24.14113042228855,0.0014994374999998462,1.0000000000001288,True,True,True,True
SINGLE_LIKE,self_fund_win,10.0,64400497.9795184,16100.1244948796,4,64130540.03650186,6171254.86976199,True,0.0,96564.52168916664,0.0,-1.2427335605025291e-08,96564.52168915421,0.0,64400497.9795184,96564.52168915421,24.14113042228855,0.0014994374999998462,1.0000000000001288,True,True,True,True
SINGLE_LIKE,self_fund_win,10.0,64400497.9795184,16100.1244948796,5,64130540.03650186,6966625.943138809,True,0.0,96564.52168916664,0.0,-1.2427335605025291e-08,96564.52168915421,0.0,64400497.9795184,96564.52168915421,24.14113042228855,0.0014994374999998462,1.0000000000001288,True,True,True,True
SINGLE_LIKE,self_fund_win,10.0,64400497.9795184,16100.1244948796,6,64130540.03650186,6187110.82612947,True,0.0,96564.52168916664,0.0,-1.2427335605025291e-08,96564.52168915421,0.0,64400497.9795184,96564.52168915421,24.14113042228855,0.0014994374999998462,1.0000000000001288,True,True,True,True
SINGLE_LIKE,self_fund_win,10.0,64400497.9795184,16100.1244948796,7,64130540.03650186,7497468.839492568,True,0.0,96564.52168916664,0.0,-1.2427335605025291e-08,96564.52168915421,0.0,64400497.9795184,96564.52168915421,24.14113042228855,0.0014994374999998462,1.0000000000001288,True,True,True,True
SINGLE_LIKE,self_fund_win,10.0,64400497.9795184,16100.1244948796,8,64130540.03650186,6219028.124655294,True,0.0,96564.52168916664,0.0,-1.2427335605025291e-08,96564.52168915421,0.0,64400497.9795184,96564.52168915421,24.14113042228855,0.0014994374999998462,1.0000000000001288,True,True,True,True
SINGLE_LIKE,self_fund_win,10.0,64400497.9795184,16100.1244948796,9,64130540.03650186,6653300.4281475255,True,0.0,96564.52168916664,0.0,-1.2427335605025291e-08,96564.52168915421,0.0,64400497.9795184,96564.52168915421,24.14113042228855,0.0014994374999998462,1.0000000000001288,True,True,True,True
SINGLE_LIKE,self_fund_win,10.0,64400497.9795184,16100.1244948796,10,64130540.03650186,7011657.6512954915,True,0.0,96564.52168916664,0.0,-1.2427335605025291e-08,96564.52168915421,0.0,64400497.9795184,96564.52168915421,24.14113042228855,0.0014994374999998462,1.0000000000001288,True,True,True,True
SINGLE_LIKE,self_fund_win,10.0,64400497.9795184,16100.1244948796,11,64130540.03650186,6788123.344107549,True,0.0,96564.52168916664,0.0,-1.2427335605025291e-08,96564.52168915421,0.0,64400497.9795184,96564.52168915421,24.14113042228855,0.0014994374999998462,1.0000000000001288,True,True,True,True
SINGLE_LIKE,self_fund_win,10.0,64400497.9795184,16100.1244948796,12,64130540.03650186,5280610.9028523,True,0.0,96564.52168916664,0.0,-1.2427335605025291e-08,96564.52168915421,0.0,64400497.9795184,96564.52168915421,24.14113042228855,0.0014994374999998462,1.0000000000001288,True,True,True,True
SINGLE_LIKE,self_fund_win,10.0,64400497.9795184,16100.1244948796,13,64130540.03650186,6345970.323224612,True,0.0,96564.52168916664,0.0,-1.2427335605025291e-08,96564.52168915421,0.0,64400497.9795184,96564.52168915421,24.14113042228855,0.0014994374999998462,1.0000000000001288,True,True,True,True
SINGLE_LIKE,self_fund_win,10.0,64400497.9795184,16100.1244948796,14,64130540.03650186,7135521.868655089,True,0.0,96564.52168916664,0.0,-1.2427335605025291e-08,96564.52168915421,0.0,64400497.9795184,96564.52168915421,24.14113042228855,0.0014994374999998462,1.0000000000001288,True,True,True,True
SINGLE_LIKE,self_fund_win,10.0,64400497.9795184,16100.1244948796,15,64130540.03650186,6246096.640212858,True,0.0,96564.52168916664,0.0,-1.2427335605025291e-08,96564.52168915421,0.0,64400497.9795184,96564.52168915421,24.14113042228855,0.0014994374999998462,1.0000000000001288,True,True,True,True
SINGLE_LIKE,self_fund_win,10.0,64400497.9795184,16100.1244948796,16,64130540.03650186,6127872.006920282,True,0.0,96564.52168916664,0.0,-1.2427335605025291e-08,96564.52168915421,0.0,64400497.9795184,96564.52168915421,24.14113042228855,0.0014994374999998462,1.0000000000001288,True,True,True,True
SINGLE_LIKE,self_fund_win,10.0,64400497.9795184,16100.1244948796,17,64130540.03650186,5616730.909689267,True,0.0,96564.52168916664,0.0,-1.2427335605025291e-08,96564.52168915421,0.0,64400497.9795184,96564.52168915421,24.14113042228855,0.0014994374999998462,1.0000000000001288,True,True,True,True
SINGLE_LIKE,self_fund_win,10.0,64400497.9795184,16100.1244948796,18,64130540.03650186,6763458.159713886,True,0.0,96564.52168916664,0.0,-1.2427335605025291e-08,96564.52168915421,0.0,64400497.9795184,96564.52168915421,24.14113042228855,0.0014994374999998462,1.0000000000001288,True,True,True,True
SINGLE_LIKE,self_fund_win,10.0,64400497.9795184,16100.1244948796,19,64130540.03650186,7283383.372705598,True,0.0,96564.52168916664,0.0,-1.2427335605025291e-08,96564.52168915421,0.0,64400497.9795184,96564.52168915421,24.14113042228855,0.0014994374999998462,1.0000000000001288,True,True,True,True
SINGLE_LIKE,self_fund_win,10.0,64400497.9795184,16100.1244948796,20,64130540.03650186,5807248.736117702,True,0.0,96564.52168916664,0.0,-1.2427335605025291e-08,96564.52168915421,0.0,64400497.9795184,96564.52168915421,24.14113042228855,0.0014994374999998462,1.0000000000001288,True,True,True,True
SINGLE_LIKE,self_fund_win,10.0,64400497.9795184,16100.1244948796,21,64130540.03650186,7263018.437235296,True,0.0,96564.52168916664,0.0,-1.2427335605025291e-08,96564.52168915421,0.0,64400497.9795184,96564.52168915421,24.14113042228855,0.0014994374999998462,1.0000000000001288,True,True,True,True
SINGLE_LIKE,self_fund_win,10.0,64400497.9795184,16100.1244948796,22,64130540.03650186,5902021.25244177,True,0.0,96564.52168916664,0.0,-1.2427335605025291e-08,96564.52168915421,0.0,64400497.9795184,96564.52168915421,24.14113042228855,0.0014994374999998462,1.0000000000001288,True,True,True,True
SINGLE_LIKE,self_fund_win,10.0,64400497.9795184,16100.1244948796,23,64130540.03650186,6538699.240955147,True,0.0,96564.52168916664,0.0,-1.2427335605025291e-08,96564.52168915421,0.0,64400497.9795184,96564.52168915421,24.14113042228855,0.0014994374999998462,1.0000000000001288,True,True,True,True
SINGLE_LIKE,self_fund_win,10.0,64400497.9795184,16100.1244948796,24,64130540.03650186,6713303.988936319,True,0.0,96564.52168916664,0.0,-1.2427335605025291e-08,96564.52168915421,0.0,64400497.9795184,96564.52168915421,24.14113042228855,0.0014994374999998462,1.0000000000001288,True,True,True,True
SINGLE_LIKE,self_fund_win,10.0,64400497.9795184,16100.1244948796,25,64130540.03650186,6253572.306237195,True,0.0,96564.52168916664,0.0,-1.2427335605025291e-08,96564.52168915421,0.0,64400497.9795184,96564.52168915421,24.14113042228855,0.0014994374999998462,1.0000000000001288,True,True,True,True
SINGLE_LIKE,self_fund_win,10.0,64400497.9795184,16100.1244948796,26,64130540.03650186,6100628.159584186,True,0.0,96564.52168916664,0.0,-1.2427335605025291e-08,96564.52168915421,0.0,64400497.9795184,96564.52168915421,24.14113042228855,0.0014994374999998462,1.0000000000001288,True,True,True,True
SINGLE_LIKE,self_fund_win,10.0,64400497.9795184,16100.1244948796,27,64130540.03650186,7404769.403617983,True,0.0,96564.52168916664,0.0,-1.2427335605025291e-08,96564.52168915421,0.0,64400497.9795184,96564.52168915421,24.14113042228855,0.0014994374999998462,1.0000000000001288,True,True,True,True
SINGLE_LIKE,self_fund_win,10.0,64400497.9795184,16100.1244948796,28,64130540.03650186,6271721.024626771,True,0.0,96564.52168916664,0.0,-1.2427335605025291e-08,96564.52168915421,0.0,64400497.9795184,96564.52168915421,24.14113042228855,0.0014994374999998462,1.0000000000001288,True,True,True,True
SINGLE_LIKE,self_fund_win,10.0,64400497.9795184,16100.1244948796,29,64130540.03650186,6268011.49710982,True,0.0,96564.52168916664,0.0,-1.2427335605025291e-08,96564.52168915421,0.0,64400497.9795184,96564.52168915421,24.14113042228855,0.0014994374999998462,1.0000000000001288,True,True,True,True
SINGLE_LIKE,self_fund_win,10.0,64400497.9795184,16100.1244948796,30,64130540.03650186,6324618.981680722,True,0.0,96564.52168916664,0.0,-1.2427335605025291e-08,96564.52168915421,0.0,64400497.9795184,96564.52168915421,24.14113042228855,0.0014994374999998462,1.0000000000001288,True,True,True,True
SINGLE_LIKE,self_fund_win,10.0,64400497.9795184,16100.1244948796,31,64130540.03650186,5403043.75661013,True,0.0,96564.52168916664,0.0,-1.2427335605025291e-08,96564.52168915421,0.0,64400497.9795184,96564.52168915421,24.14113042228855,0.0014994374999998462,1.0000000000001288,True,True,True,True
SINGLE_LIKE,self_fund_win,10.0,64400497.9795184,16100.1244948796,32,64130540.03650186,6612534.20757966,True,0.0,96564.52168916664,0.0,-1.2427335605025291e-08,96564.52168915421,0.0,64400497.9795184,96564.52168915421,24.14113042228855,0.0014994374999998462,1.0000000000001288,True,True,True,True
SINGLE_LIKE,self_fund_win,10.0,64400497.9795184,16100.1244948796,33,64130540.03650186,6859025.429121142,True,0.0,96564.52168916664,0.0,-1.2427335605025291e-08,96564.52168915421,0.0,64400497.9795184,96564.52168915421,24.14113042228855,0.0014994374999998462,1.0000000000001288,True,True,True,True
SINGLE_LIKE,self_fund_win,10.0,64400497.9795184,16100.1244948796,34,64130540.03650186,6298228.592665109,True,0.0,96564.52168916664,0.0,-1.2427335605025291e-08,96564.52168915421,0.0,64400497.9795184,96564.52168915421,24.14113042228855,0.0014994374999998462,1.0000000000001288,True,True,True,True
SINGLE_LIKE,self_fund_win,10.0,64400497.9795184,16100.1244948796,35,64130540.03650186,6026359.883246513,True,0.0,96564.52168916664,0.0,-1.2427335605025291e-08,96564.52168915421,0.0,64400497.9795184,96564.52168915421,24.14113042228855,0.0014994374999998462,1.0000000000001288,True,True,True,True
SINGLE_LIKE,self_fund_win,10.0,64400497.9795184,16100.1244948796,36,64130540.03650186,7194991.753576792,True,0.0,96564.52168916664,0.0,-1.2427335605025291e-08,96564.52168915421,0.0,64400497.9795184,96564.52168915421,24.14113042228855,0.0014994374999998462,1.0000000000001288,True,True,True,True
SINGLE_LIKE,self_fund_win,10.0,64400497.9795184,16100.1244948796,37,64130540.03650186,6629236.88499615,True,0.0,96564.52168916664,0.0,-1.2427335605025291e-08,96564.52168915421,0.0,64400497.9795184,96564.52168915421,24.14113042228855,0.0014994374999998462,1.0000000000001288,True,True,True,True
SINGLE_LIKE,self_fund_win,10.0,64400497.9795184,16100.1244948796,38,64130540.03650186,6896890.296614751,True,0.0,96564.52168916664,0.0,-1.2427335605025291e-08,96564.52168915421,0.0,64400497.9795184,96564.52168915421,24.14113042228855,0.0014994374999998462,1.0000000000001288,True,True,True,True
SINGLE_LIKE,self_fund_win,10.0,64400497.9795184,16100.1244948796,39,64130540.03650186,7431096.585142681,True,0.0,96564.52168916664,0.0,-1.2427335605025291e-08,96564.52168915421,0.0,64400497.9795184,96564.52168915421,24.14113042228855,0.0014994374999998462,1.0000000000001288,True,True,True,True
WALL_LIKE,self_fund_win,0.5,3068174.4559178045,767.0436139794512,0,3055313.094733938,6302817.5833393615,False,0.0,4600.535835745213,0.0,6.548361852765083e-11,4600.535835745279,0.0,3068174.4559178045,4600.535835745279,1.1501339589363198,0.0014994375000000084,0.9999999999999858,False,False,False,False
WALL_LIKE,self_fund_win,0.5,3068174.4559178045,767.0436139794512,1,3055313.094733938,7624317.738825196,False,0.0,4600.535835745213,0.0,6.548361852765083e-11,4600.535835745279,0.0,3068174.4559178045,4600.535835745279,1.1501339589363198,0.0014994375000000084,0.9999999999999858,False,False,False,False
WALL_LIKE,self_fund_win,0.5,3068174.4559178045,767.0436139794512,2,3055313.094733938,5780918.467228755,False,0.0,4600.535835745213,0.0,6.548361852765083e-11,4600.535835745279,0.0,3068174.4559178045,4600.535835745279,1.1501339589363198,0.0014994375000000084,0.9999999999999858,False,False,False,False
WALL_LIKE,self_fund_win,0.5,3068174.4559178045,767.0436139794512,3,3055313.094733938,6885812.7830116255,False,0.0,4600.535835745213,0.0,6.548361852765083e-11,4600.535835745279,0.0,3068174.4559178045,4600.535835745279,1.1501339589363198,0.0014994375000000084,0.9999999999999858,False,False,False,False
WALL_LIKE,self_fund_win,0.5,3068174.4559178045,767.0436139794512,4,3055313.094733938,5880663.582923225,False,0.0,4600.535835745213,0.0,6.548361852765083e-11,4600.535835745279,0.0,3068174.4559178045,4600.535835745279,1.1501339589363198,0.0014994375000000084,0.9999999999999858,False,False,False,False
WALL_LIKE,self_fund_win,0.5,3068174.4559178045,767.0436139794512,5,3055313.094733938,6797732.5714629125,False,0.0,4600.535835745213,0.0,6.548361852765083e-11,4600.535835745279,0.0,3068174.4559178045,4600.535835745279,1.1501339589363198,0.0014994375000000084,0.9999999999999858,False,False,False,False
WALL_LIKE,self_fund_win,0.5,3068174.4559178045,767.0436139794512,6,3055313.094733938,6743956.921258885,False,0.0,4600.535835745213,0.0,6.548361852765083e-11,4600.535835745279,0.0,3068174.4559178045,4600.535835745279,1.1501339589363198,0.0014994375000000084,0.9999999999999858,False,False,False,False
WALL_LIKE,self_fund_win,0.5,3068174.4559178045,767.0436139794512,7,3055313.094733938,5866600.212441496,False,0.0,4600.535835745213,0.0,6.548361852765083e-11,4600.535835745279,0.0,3068174.4559178045,4600.535835745279,1.1501339589363198,0.0014994375000000084,0.9999999999999858,False,False,False,False
WALL_LIKE,self_fund_win,0.5,3068174.4559178045,767.0436139794512,8,3055313.094733938,5724782.374435418,False,0.0,4600.535835745213,0.0,6.548361852765083e-11,4600.535835745279,0.0,3068174.4559178045,4600.535835745279,1.1501339589363198,0.0014994375000000084,0.9999999999999858,False,False,False,False
WALL_LIKE,self_fund_win,0.5,3068174.4559178045,767.0436139794512,9,3055313.094733938,6771496.90654055,False,0.0,4600.535835745213,0.0,6.548361852765083e-11,4600.535835745279,0.0,3068174.4559178045,4600.535835745279,1.1501339589363198,0.0014994375000000084,0.9999999999999858,False,False,False,False
WALL_LIKE,self_fund_win,0.5,3068174.4559178045,767.0436139794512,10,3055313.094733938,7814594.208059949,False,0.0,4600.535835745213,0.0,6.548361852765083e-11,4600.535835745279,0.0,3068174.4559178045,4600.535835745279,1.1501339589363198,0.0014994375000000084,0.9999999999999858,False,False,False,False
WALL_LIKE,self_fund_win,0.5,3068174.4559178045,767.0436139794512,11,3055313.094733938,6567029.247447134,False,0.0,4600.535835745213,0.0,6.548361852765083e-11,4600.535835745279,0.0,3068174.4559178045,4600.535835745279,1.1501339589363198,0.0014994375000000084,0.9999999999999858,False,False,False,False
WALL_LIKE,self_fund_win,0.5,3068174.4559178045,767.0436139794512,12,3055313.094733938,6662462.472779398,False,0.0,4600.535835745213,0.0,6.548361852765083e-11,4600.535835745279,0.0,3068174.4559178045,4600.535835745279,1.1501339589363198,0.0014994375000000084,0.9999999999999858,False,False,False,False
WALL_LIKE,self_fund_win,0.5,3068174.4559178045,767.0436139794512,13,3055313.094733938,6430965.553918462,False,0.0,4600.535835745213,0.0,6.548361852765083e-11,4600.535835745279,0.0,3068174.4559178045,4600.535835745279,1.1501339589363198,0.0014994375000000084,0.9999999999999858,False,False,False,False
WALL_LIKE,self_fund_win,0.5,3068174.4559178045,767.0436139794512,14,3055313.094733938,6877874.922062069,False,0.0,4600.535835745213,0.0,6.548361852765083e-11,4600.535835745279,0.0,3068174.4559178045,4600.535835745279,1.1501339589363198,0.0014994375000000084,0.9999999999999858,False,False,False,False
WALL_LIKE,self_fund_win,0.5,3068174.4559178045,767.0436139794512,15,3055313.094733938,6590188.425113616,False,0.0,4600.535835745213,0.0,6.548361852765083e-11,4600.535835745279,0.0,3068174.4559178045,4600.535835745279,1.1501339589363198,0.0014994375000000084,0.9999999999999858,False,False,False,False
WALL_LIKE,self_fund_win,0.5,3068174.4559178045,767.0436139794512,16,3055313.094733938,6360228.942850983,False,0.0,4600.535835745213,0.0,6.548361852765083e-11,4600.535835745279,0.0,3068174.4559178045,4600.535835745279,1.1501339589363198,0.0014994375000000084,0.9999999999999858,False,False,False,False
WALL_LIKE,self_fund_win,0.5,3068174.4559178045,767.0436139794512,17,3055313.094733938,5567731.567033111,False,0.0,4600.535835745213,0.0,6.548361852765083e-11,4600.535835745279,0.0,3068174.4559178045,4600.535835745279,1.1501339589363198,0.0014994375000000084,0.9999999999999858,False,False,False,False
WALL_LIKE,self_fund_win,0.5,3068174.4559178045,767.0436139794512,18,3055313.094733938,6124169.379286103,False,0.0,4600.535835745213,0.0,6.548361852765083e-11,4600.535835745279,0.0,3068174.4559178045,4600.535835745279,1.1501339589363198,0.0014994375000000084,0.9999999999999858,False,False,False,False
WALL_LIKE,self_fund_win,0.5,3068174.4559178045,767.0436139794512,19,3055313.094733938,6170369.508486417,False,0.0,4600.535835745213,0.0,6.548361852765083e-11,4600.535835745279,0.0,3068174.4559178045,4600.535835745279,1.1501339589363198,0.0014994375000000084,0.9999999999999858,False,False,False,False
WALL_LIKE,self_fund_win,0.5,3068174.4559178045,767.0436139794512,20,3055313.094733938,6147867.749432885,False,0.0,4600.535835745213,0.0,6.548361852765083e-11,4600.535835745279,0.0,3068174.4559178045,4600.535835745279,1.1501339589363198,0.0014994375000000084,0.9999999999999858,False,False,False,False
WALL_LIKE,self_fund_win,0.5,3068174.4559178045,767.0436139794512,21,3055313.094733938,6687322.007077751,False,0.0,4600.535835745213,0.0,6.548361852765083e-11,4600.535835745279,0.0,3068174.4559178045,4600.535835745279,1.1501339589363198,0.0014994375000000084,0.9999999999999858,False,False,False,False
WALL_LIKE,self_fund_win,0.5,3068174.4559178045,767.0436139794512,22,3055313.094733938,6839009.355808138,False,0.0,4600.535835745213,0.0,6.548361852765083e-11,4600.535835745279,0.0,3068174.4559178045,4600.535835745279,1.1501339589363198,0.0014994375000000084,0.9999999999999858,False,False,False,False
WALL_LIKE,self_fund_win,0.5,3068174.4559178045,767.0436139794512,23,3055313.094733938,6696319.90665854,False,0.0,4600.535835745213,0.0,6.548361852765083e-11,4600.535835745279,0.0,3068174.4559178045,4600.535835745279,1.1501339589363198,0.0014994375000000084,0.9999999999999858,False,False,False,False
WALL_LIKE,self_fund_win,0.5,3068174.4559178045,767.0436139794512,24,3055313.094733938,7380116.840580549,False,0.0,4600.535835745213,0.0,6.548361852765083e-11,4600.535835745279,0.0,3068174.4559178045,4600.535835745279,1.1501339589363198,0.0014994375000000084,0.9999999999999858,False,False,False,False
WALL_LIKE,self_fund_win,0.5,3068174.4559178045,767.0436139794512,25,3055313.094733938,5922663.181024619,False,0.0,4600.535835745213,0.0,6.548361852765083e-11,4600.535835745279,0.0,3068174.4559178045,4600.535835745279,1.1501339589363198,0.0014994375000000084,0.9999999999999858,False,False,False,False
WALL_LIKE,self_fund_win,0.5,3068174.4559178045,767.0436139794512,26,3055313.094733938,6782386.466297694,False,0.0,4600.535835745213,0.0,6.548361852765083e-11,4600.535835745279,0.0,3068174.4559178045,4600.535835745279,1.1501339589363198,0.0014994375000000084,0.9999999999999858,False,False,False,False
WALL_LIKE,self_fund_win,0.5,3068174.4559178045,767.0436139794512,27,3055313.094733938,7594203.324328279,False,0.0,4600.535835745213,0.0,6.548361852765083e-11,4600.535835745279,0.0,3068174.4559178045,4600.535835745279,1.1501339589363198,0.0014994375000000084,0.9999999999999858,False,False,False,False
WALL_LIKE,self_fund_win,0.5,3068174.4559178045,767.0436139794512,28,3055313.094733938,5563071.842601917,False,0.0,4600.535835745213,0.0,6.548361852765083e-11,4600.535835745279,0.0,3068174.4559178045,4600.535835745279,1.1501339589363198,0.0014994375000000084,0.9999999999999858,False,False,False,False
WALL_LIKE,self_fund_win,0.5,3068174.4559178045,767.0436139794512,29,3055313.094733938,6425790.212841689,False,0.0,4600.535835745213,0.0,6.548361852765083e-11,4600.535835745279,0.0,3068174.4559178045,4600.535835745279,1.1501339589363198,0.0014994375000000084,0.9999999999999858,False,False,False,False
WALL_LIKE,self_fund_win,0.5,3068174.4559178045,767.0436139794512,30,3055313.094733938,6819967.476348183,False,0.0,4600.535835745213,0.0,6.548361852765083e-11,4600.535835745279,0.0,3068174.4559178045,4600.535835745279,1.1501339589363198,0.0014994375000000084,0.9999999999999858,False,False,False,False
WALL_LIKE,self_fund_win,0.5,3068174.4559178045,767.0436139794512,31,3055313.094733938,6180454.8874612255,False,0.0,4600.535835745213,0.0,6.548361852765083e-11,4600.535835745279,0.0,3068174.4559178045,4600.535835745279,1.1501339589363198,0.0014994375000000084,0.9999999999999858,False,False,False,False
WALL_LIKE,self_fund_win,0.5,3068174.4559178045,767.0436139794512,32,3055313.094733938,6944780.845060447,False,0.0,4600.535835745213,0.0,6.548361852765083e-11,4600.535835745279,0.0,3068174.4559178045,4600.535835745279,1.1501339589363198,0.0014994375000000084,0.9999999999999858,False,False,False,False
WALL_LIKE,self_fund_win,0.5,3068174.4559178045,767.0436139794512,33,3055313.094733938,7857912.61289805,False,0.0,4600.535835745213,0.0,6.548361852765083e-11,4600.535835745279,0.0,3068174.4559178045,4600.535835745279,1.1501339589363198,0.0014994375000000084,0.9999999999999858,False,False,False,False
WALL_LIKE,self_fund_win,0.5,3068174.4559178045,767.0436139794512,34,3055313.094733938,5748760.877430687,False,0.0,4600.535835745213,0.0,6.548361852765083e-11,4600.535835745279,0.0,3068174.4559178045,4600.535835745279,1.1501339589363198,0.0014994375000000084,0.9999999999999858,False,False,False,False
WALL_LIKE,self_fund_win,0.5,3068174.4559178045,767.0436139794512,35,3055313.094733938,7355462.404361977,False,0.0,4600.535835745213,0.0,6.548361852765083e-11,4600.535835745279,0.0,3068174.4559178045,4600.535835745279,1.1501339589363198,0.0014994375000000084,0.9999999999999858,False,False,False,False
WALL_LIKE,self_fund_win,0.5,3068174.4559178045,767.0436139794512,36,3055313.094733938,6739796.7538618175,False,0.0,4600.535835745213,0.0,6.548361852765083e-11,4600.535835745279,0.0,3068174.4559178045,4600.535835745279,1.1501339589363198,0.0014994375000000084,0.9999999999999858,False,False,False,False
WALL_LIKE,self_fund_win,0.5,3068174.4559178045,767.0436139794512,37,3055313.094733938,6363672.134155126,False,0.0,4600.535835745213,0.0,6.548361852765083e-11,4600.535835745279,0.0,3068174.4559178045,4600.535835745279,1.1501339589363198,0.0014994375000000084,0.9999999999999858,False,False,False,False
WALL_LIKE,self_fund_win,0.5,3068174.4559178045,767.0436139794512,38,3055313.094733938,6426287.563149715,False,0.0,4600.535835745213,0.0,6.548361852765083e-11,4600.535835745279,0.0,3068174.4559178045,4600.535835745279,1.1501339589363198,0.0014994375000000084,0.9999999999999858,False,False,False,False
WALL_LIKE,self_fund_win,0.5,3068174.4559178045,767.0436139794512,39,3055313.094733938,7843205.256560513,False,0.0,4600.535835745213,0.0,6.548361852765083e-11,4600.535835745279,0.0,3068174.4559178045,4600.535835745279,1.1501339589363198,0.0014994375000000084,0.9999999999999858,False,False,False,False
WALL_LIKE,self_fund_win,1.0,6136348.911835609,1534.0872279589023,0,6110626.189467876,6892534.2465564525,False,0.0,9201.071671490425,0.0,1.064108801074326e-09,9201.071671491489,0.0,6136348.911835609,9201.071671491489,2.300267917872872,0.0014994375000001601,0.9999999999998843,False,False,False,False
WALL_LIKE,self_fund_win,1.0,6136348.911835609,1534.0872279589023,1,6110626.189467876,5545048.217568227,True,0.0,9201.071671490425,0.0,1.064108801074326e-09,9201.071671491489,0.0,6136348.911835609,9201.071671491489,2.300267917872872,0.0014994375000001601,0.9999999999998843,True,True,False,True
WALL_LIKE,self_fund_win,1.0,6136348.911835609,1534.0872279589023,2,6110626.189467876,7268659.6104879305,False,0.0,9201.071671490425,0.0,1.064108801074326e-09,9201.071671491489,0.0,6136348.911835609,9201.071671491489,2.300267917872872,0.0014994375000001601,0.9999999999998843,False,False,False,False
WALL_LIKE,self_fund_win,1.0,6136348.911835609,1534.0872279589023,3,6110626.189467876,6258730.531653374,False,0.0,9201.071671490425,0.0,1.064108801074326e-09,9201.071671491489,0.0,6136348.911835609,9201.071671491489,2.300267917872872,0.0014994375000001601,0.9999999999998843,False,False,False,False
WALL_LIKE,self_fund_win,1.0,6136348.911835609,1534.0872279589023,4,6110626.189467876,5861506.298657794,True,0.0,9201.071671490425,0.0,1.064108801074326e-09,9201.071671491489,0.0,6136348.911835609,9201.071671491489,2.300267917872872,0.0014994375000001601,0.9999999999998843,True,True,False,True
WALL_LIKE,self_fund_win,1.0,6136348.911835609,1534.0872279589023,5,6110626.189467876,7148125.368246434,False,0.0,9201.071671490425,0.0,1.064108801074326e-09,9201.071671491489,0.0,6136348.911835609,9201.071671491489,2.300267917872872,0.0014994375000001601,0.9999999999998843,False,False,False,False
WALL_LIKE,self_fund_win,1.0,6136348.911835609,1534.0872279589023,6,6110626.189467876,8337723.205939332,False,0.0,9201.071671490425,0.0,1.064108801074326e-09,9201.071671491489,0.0,6136348.911835609,9201.071671491489,2.300267917872872,0.0014994375000001601,0.9999999999998843,False,False,False,False
WALL_LIKE,self_fund_win,1.0,6136348.911835609,1534.0872279589023,7,6110626.189467876,6509856.9659132855,False,0.0,9201.071671490425,0.0,1.064108801074326e-09,9201.071671491489,0.0,6136348.911835609,9201.071671491489,2.300267917872872,0.0014994375000001601,0.9999999999998843,False,False,False,False
WALL_LIKE,self_fund_win,1.0,6136348.911835609,1534.0872279589023,8,6110626.189467876,7077880.562921171,False,0.0,9201.071671490425,0.0,1.064108801074326e-09,9201.071671491489,0.0,6136348.911835609,9201.071671491489,2.300267917872872,0.0014994375000001601,0.9999999999998843,False,False,False,False
WALL_LIKE,self_fund_win,1.0,6136348.911835609,1534.0872279589023,9,6110626.189467876,7122447.579752535,False,0.0,9201.071671490425,0.0,1.064108801074326e-09,9201.071671491489,0.0,6136348.911835609,9201.071671491489,2.300267917872872,0.0014994375000001601,0.9999999999998843,False,False,False,False
WALL_LIKE,self_fund_win,1.0,6136348.911835609,1534.0872279589023,10,6110626.189467876,5876588.906831081,True,0.0,9201.071671490425,0.0,1.064108801074326e-09,9201.071671491489,0.0,6136348.911835609,9201.071671491489,2.300267917872872,0.0014994375000001601,0.9999999999998843,True,True,False,True
WALL_LIKE,self_fund_win,1.0,6136348.911835609,1534.0872279589023,11,6110626.189467876,6612468.26718401,False,0.0,9201.071671490425,0.0,1.064108801074326e-09,9201.071671491489,0.0,6136348.911835609,9201.071671491489,2.300267917872872,0.0014994375000001601,0.9999999999998843,False,False,False,False
WALL_LIKE,self_fund_win,1.0,6136348.911835609,1534.0872279589023,12,6110626.189467876,7279394.86473031,False,0.0,9201.071671490425,0.0,1.064108801074326e-09,9201.071671491489,0.0,6136348.911835609,9201.071671491489,2.300267917872872,0.0014994375000001601,0.9999999999998843,False,False,False,False
WALL_LIKE,self_fund_win,1.0,6136348.911835609,1534.0872279589023,13,6110626.189467876,6323804.533203262,False,0.0,9201.071671490425,0.0,1.064108801074326e-09,9201.071671491489,0.0,6136348.911835609,9201.071671491489,2.300267917872872,0.0014994375000001601,0.9999999999998843,False,False,False,False
WALL_LIKE,self_fund_win,1.0,6136348.911835609,1534.0872279589023,14,6110626.189467876,5183913.5545101,True,0.0,9201.071671490425,0.0,1.064108801074326e-09,9201.071671491489,0.0,6136348.911835609,9201.071671491489,2.300267917872872,0.0014994375000001601,0.9999999999998843,True,True,False,True
WALL_LIKE,self_fund_win,1.0,6136348.911835609,1534.0872279589023,15,6110626.189467876,7053995.070681658,False,0.0,9201.071671490425,0.0,1.064108801074326e-09,9201.071671491489,0.0,6136348.911835609,9201.071671491489,2.300267917872872,0.0014994375000001601,0.9999999999998843,False,False,False,False
WALL_LIKE,self_fund_win,1.0,6136348.911835609,1534.0872279589023,16,6110626.189467876,7208451.5734711625,False,0.0,9201.071671490425,0.0,1.064108801074326e-09,9201.071671491489,0.0,6136348.911835609,9201.071671491489,2.300267917872872,0.0014994375000001601,0.9999999999998843,False,False,False,False
WALL_LIKE,self_fund_win,1.0,6136348.911835609,1534.0872279589023,17,6110626.189467876,7350051.523490765,False,0.0,9201.071671490425,0.0,1.064108801074326e-09,9201.071671491489,0.0,6136348.911835609,9201.071671491489,2.300267917872872,0.0014994375000001601,0.9999999999998843,False,False,False,False
WALL_LIKE,self_fund_win,1.0,6136348.911835609,1534.0872279589023,18,6110626.189467876,6039689.008555152,True,0.0,9201.071671490425,0.0,1.064108801074326e-09,9201.071671491489,0.0,6136348.911835609,9201.071671491489,2.300267917872872,0.0014994375000001601,0.9999999999998843,True,True,False,True
WALL_LIKE,self_fund_win,1.0,6136348.911835609,1534.0872279589023,19,6110626.189467876,7438531.340203416,False,0.0,9201.071671490425,0.0,1.064108801074326e-09,9201.071671491489,0.0,6136348.911835609,9201.071671491489,2.300267917872872,0.0014994375000001601,0.9999999999998843,False,False,False,False
WALL_LIKE,self_fund_win,1.0,6136348.911835609,1534.0872279589023,20,6110626.189467876,6783246.485475051,False,0.0,9201.071671490425,0.0,1.064108801074326e-09,9201.071671491489,0.0,6136348.911835609,9201.071671491489,2.300267917872872,0.0014994375000001601,0.9999999999998843,False,False,False,False
WALL_LIKE,self_fund_win,1.0,6136348.911835609,1534.0872279589023,21,6110626.189467876,6232789.799222385,False,0.0,9201.071671490425,0.0,1.064108801074326e-09,9201.071671491489,0.0,6136348.911835609,9201.071671491489,2.300267917872872,0.0014994375000001601,0.9999999999998843,False,False,False,False
WALL_LIKE,self_fund_win,1.0,6136348.911835609,1534.0872279589023,22,6110626.189467876,5292317.24992381,True,0.0,9201.071671490425,0.0,1.064108801074326e-09,9201.071671491489,0.0,6136348.911835609,9201.071671491489,2.300267917872872,0.0014994375000001601,0.9999999999998843,True,True,False,True
WALL_LIKE,self_fund_win,1.0,6136348.911835609,1534.0872279589023,23,6110626.189467876,7271667.335434116,False,0.0,9201.071671490425,0.0,1.064108801074326e-09,9201.071671491489,0.0,6136348.911835609,9201.071671491489,2.300267917872872,0.0014994375000001601,0.9999999999998843,False,False,False,False
WALL_LIKE,self_fund_win,1.0,6136348.911835609,1534.0872279589023,24,6110626.189467876,6540704.877014723,False,0.0,9201.071671490425,0.0,1.064108801074326e-09,9201.071671491489,0.0,6136348.911835609,9201.071671491489,2.300267917872872,0.0014994375000001601,0.9999999999998843,False,False,False,False
WALL_LIKE,self_fund_win,1.0,6136348.911835609,1534.0872279589023,25,6110626.189467876,6382664.745618146,False,0.0,9201.071671490425,0.0,1.064108801074326e-09,9201.071671491489,0.0,6136348.911835609,9201.071671491489,2.300267917872872,0.0014994375000001601,0.9999999999998843,False,False,False,False
WALL_LIKE,self_fund_win,1.0,6136348.911835609,1534.0872279589023,26,6110626.189467876,5789776.15327716,True,0.0,9201.071671490425,0.0,1.064108801074326e-09,9201.071671491489,0.0,6136348.911835609,9201.071671491489,2.300267917872872,0.0014994375000001601,0.9999999999998843,True,True,False,True
WALL_LIKE,self_fund_win,1.0,6136348.911835609,1534.0872279589023,27,6110626.189467876,7507937.750628493,False,0.0,9201.071671490425,0.0,1.064108801074326e-09,9201.071671491489,0.0,6136348.911835609,9201.071671491489,2.300267917872872,0.0014994375000001601,0.9999999999998843,False,False,False,False
WALL_LIKE,self_fund_win,1.0,6136348.911835609,1534.0872279589023,28,6110626.189467876,5371482.652443673,True,0.0,9201.071671490425,0.0,1.064108801074326e-09,9201.071671491489,0.0,6136348.911835609,9201.071671491489,2.300267917872872,0.0014994375000001601,0.9999999999998843,True,True,False,True
WALL_LIKE,self_fund_win,1.0,6136348.911835609,1534.0872279589023,29,6110626.189467876,6916058.071843414,False,0.0,9201.071671490425,0.0,1.064108801074326e-09,9201.071671491489,0.0,6136348.911835609,9201.071671491489,2.300267917872872,0.0014994375000001601,0.9999999999998843,False,False,False,False
WALL_LIKE,self_fund_win,1.0,6136348.911835609,1534.0872279589023,30,6110626.189467876,5828312.87211693,True,0.0,9201.071671490425,0.0,1.064108801074326e-09,9201.071671491489,0.0,6136348.911835609,9201.071671491489,2.300267917872872,0.0014994375000001601,0.9999999999998843,True,True,False,True
WALL_LIKE,self_fund_win,1.0,6136348.911835609,1534.0872279589023,31,6110626.189467876,6765147.7995189475,False,0.0,9201.071671490425,0.0,1.064108801074326e-09,9201.071671491489,0.0,6136348.911835609,9201.071671491489,2.300267917872872,0.0014994375000001601,0.9999999999998843,False,False,False,False
WALL_LIKE,self_fund_win,1.0,6136348.911835609,1534.0872279589023,32,6110626.189467876,5313094.034559843,True,0.0,9201.071671490425,0.0,1.064108801074326e-09,9201.071671491489,0.0,6136348.911835609,9201.071671491489,2.300267917872872,0.0014994375000001601,0.9999999999998843,True,True,False,True
WALL_LIKE,self_fund_win,1.0,6136348.911835609,1534.0872279589023,33,6110626.189467876,6268027.050058577,False,0.0,9201.071671490425,0.0,1.064108801074326e-09,9201.071671491489,0.0,6136348.911835609,9201.071671491489,2.300267917872872,0.0014994375000001601,0.9999999999998843,False,False,False,False
WALL_LIKE,self_fund_win,1.0,6136348.911835609,1534.0872279589023,34,6110626.189467876,5785105.589657213,True,0.0,9201.071671490425,0.0,1.064108801074326e-09,9201.071671491489,0.0,6136348.911835609,9201.071671491489,2.300267917872872,0.0014994375000001601,0.9999999999998843,True,True,False,True
WALL_LIKE,self_fund_win,1.0,6136348.911835609,1534.0872279589023,35,6110626.189467876,6426959.769788296,False,0.0,9201.071671490425,0.0,1.064108801074326e-09,9201.071671491489,0.0,6136348.911835609,9201.071671491489,2.300267917872872,0.0014994375000001601,0.9999999999998843,False,False,False,False
WALL_LIKE,self_fund_win,1.0,6136348.911835609,1534.0872279589023,36,6110626.189467876,7392317.756621323,False,0.0,9201.071671490425,0.0,1.064108801074326e-09,9201.071671491489,0.0,6136348.911835609,9201.071671491489,2.300267917872872,0.0014994375000001601,0.9999999999998843,False,False,False,False
WALL_LIKE,self_fund_win,1.0,6136348.911835609,1534.0872279589023,37,6110626.189467876,5704402.393168672,True,0.0,9201.071671490425,0.0,1.064108801074326e-09,9201.071671491489,0.0,6136348.911835609,9201.071671491489,2.300267917872872,0.0014994375000001601,0.9999999999998843,True,True,False,True
WALL_LIKE,self_fund_win,1.0,6136348.911835609,1534.0872279589023,38,6110626.189467876,5733530.127483598,True,0.0,9201.071671490425,0.0,1.064108801074326e-09,9201.071671491489,0.0,6136348.911835609,9201.071671491489,2.300267917872872,0.0014994375000001601,0.9999999999998843,True,True,False,True
WALL_LIKE,self_fund_win,1.0,6136348.911835609,1534.0872279589023,39,6110626.189467876,6358744.131492392,False,0.0,9201.071671490425,0.0,1.064108801074326e-09,9201.071671491489,0.0,6136348.911835609,9201.071671491489,2.300267917872872,0.0014994375000001601,0.9999999999998843,False,False,False,False
WALL_LIKE,self_fund_win,2.0,12272697.823671218,3068.1744559178046,0,12221252.378935752,7068401.617705958,True,0.0,18402.143342980853,0.0,-1.6589183360338211e-09,18402.143342979194,5.972997925745498e-11,12272697.823671218,18402.143342979194,4.6005358357447985,0.0014994374999998518,1.0000000000000902,True,True,True,True
WALL_LIKE,self_fund_win,2.0,12272697.823671218,3068.1744559178046,1,12221252.378935752,7418618.100416394,True,0.0,18402.143342980853,0.0,-1.6589183360338211e-09,18402.143342979194,5.972997925745498e-11,12272697.823671218,18402.143342979194,4.6005358357447985,0.0014994374999998518,1.0000000000000902,True,True,True,True
WALL_LIKE,self_fund_win,2.0,12272697.823671218,3068.1744559178046,2,12221252.378935752,6915627.345434156,True,0.0,18402.143342980853,0.0,-1.6589183360338211e-09,18402.143342979194,5.972997925745498e-11,12272697.823671218,18402.143342979194,4.6005358357447985,0.0014994374999998518,1.0000000000000902,True,True,True,True
WALL_LIKE,self_fund_win,2.0,12272697.823671218,3068.1744559178046,3,12221252.378935752,6518241.8502546,True,0.0,18402.143342980853,0.0,-1.6589183360338211e-09,18402.143342979194,5.972997925745498e-11,12272697.823671218,18402.143342979194,4.6005358357447985,0.0014994374999998518,1.0000000000000902,True,True,True,True
WALL_LIKE,self_fund_win,2.0,12272697.823671218,3068.1744559178046,4,12221252.378935752,6254390.083617686,True,0.0,18402.143342980853,0.0,-1.6589183360338211e-09,18402.143342979194,5.972997925745498e-11,12272697.823671218,18402.143342979194,4.6005358357447985,0.0014994374999998518,1.0000000000000902,True,True,True,True
WALL_LIKE,self_fund_win,2.0,12272697.823671218,3068.1744559178046,5,12221252.378935752,6975294.331700787,True,0.0,18402.143342980853,0.0,-1.6589183360338211e-09,18402.143342979194,5.972997925745498e-11,12272697.823671218,18402.143342979194,4.6005358357447985,0.0014994374999998518,1.0000000000000902,True,True,True,True
WALL_LIKE,self_fund_win,2.0,12272697.823671218,3068.1744559178046,6,12221252.378935752,7022736.161809913,True,0.0,18402.143342980853,0.0,-1.6589183360338211e-09,18402.143342979194,5.972997925745498e-11,12272697.823671218,18402.143342979194,4.6005358357447985,0.0014994374999998518,1.0000000000000902,True,True,True,True
WALL_LIKE,self_fund_win,2.0,12272697.823671218,3068.1744559178046,7,12221252.378935752,5604023.41449084,True,0.0,18402.143342980853,0.0,-1.6589183360338211e-09,18402.143342979194,5.972997925745498e-11,12272697.823671218,18402.143342979194,4.6005358357447985,0.0014994374999998518,1.0000000000000902,True,True,True,True
WALL_LIKE,self_fund_win,2.0,12272697.823671218,3068.1744559178046,8,12221252.378935752,6780846.358114889,True,0.0,18402.143342980853,0.0,-1.6589183360338211e-09,18402.143342979194,5.972997925745498e-11,12272697.823671218,18402.143342979194,4.6005358357447985,0.0014994374999998518,1.0000000000000902,True,True,True,True
WALL_LIKE,self_fund_win,2.0,12272697.823671218,3068.1744559178046,9,12221252.378935752,8007488.6577099655,True,0.0,18402.143342980853,0.0,-1.6589183360338211e-09,18402.143342979194,5.972997925745498e-11,12272697.823671218,18402.143342979194,4.6005358357447985,0.0014994374999998518,1.0000000000000902,True,True,True,True
WALL_LIKE,self_fund_win,2.0,12272697.823671218,3068.1744559178046,10,12221252.378935752,6922570.1057111155,True,0.0,18402.143342980853,0.0,-1.6589183360338211e-09,18402.143342979194,5.972997925745498e-11,12272697.823671218,18402.143342979194,4.6005358357447985,0.0014994374999998518,1.0000000000000902,True,True,True,True
WALL_LIKE,self_fund_win,2.0,12272697.823671218,3068.1744559178046,11,12221252.378935752,7294408.816948589,True,0.0,18402.143342980853,0.0,-1.6589183360338211e-09,18402.143342979194,5.972997925745498e-11,12272697.823671218,18402.143342979194,4.6005358357447985,0.0014994374999998518,1.0000000000000902,True,True,True,True
WALL_LIKE,self_fund_win,2.0,12272697.823671218,3068.1744559178046,12,12221252.378935752,6002290.861716761,True,0.0,18402.143342980853,0.0,-1.6589183360338211e-09,18402.143342979194,5.972997925745498e-11,12272697.823671218,18402.143342979194,4.6005358357447985,0.0014994374999998518,1.0000000000000902,True,True,True,True
WALL_LIKE,self_fund_win,2.0,12272697.823671218,3068.1744559178046,13,12221252.378935752,7244179.533996892,True,0.0,18402.143342980853,0.0,-1.6589183360338211e-09,18402.143342979194,5.972997925745498e-11,12272697.823671218,18402.143342979194,4.6005358357447985,0.0014994374999998518,1.0000000000000902,True,True,True,True
WALL_LIKE,self_fund_win,2.0,12272697.823671218,3068.1744559178046,14,12221252.378935752,6805607.011213523,True,0.0,18402.143342980853,0.0,-1.6589183360338211e-09,18402.143342979194,5.972997925745498e-11,12272697.823671218,18402.143342979194,4.6005358357447985,0.0014994374999998518,1.0000000000000902,True,True,True,True
WALL_LIKE,self_fund_win,2.0,12272697.823671218,3068.1744559178046,15,12221252.378935752,6412351.242592456,True,0.0,18402.143342980853,0.0,-1.6589183360338211e-09,18402.143342979194,5.972997925745498e-11,12272697.823671218,18402.143342979194,4.6005358357447985,0.0014994374999998518,1.0000000000000902,True,True,True,True
WALL_LIKE,self_fund_win,2.0,12272697.823671218,3068.1744559178046,16,12221252.378935752,5099935.77323256,True,0.0,18402.143342980853,0.0,-1.6589183360338211e-09,18402.143342979194,5.972997925745498e-11,12272697.823671218,18402.143342979194,4.6005358357447985,0.0014994374999998518,1.0000000000000902,True,True,True,True
WALL_LIKE,self_fund_win,2.0,12272697.823671218,3068.1744559178046,17,12221252.378935752,7264706.003476554,True,0.0,18402.143342980853,0.0,-1.6589183360338211e-09,18402.143342979194,5.972997925745498e-11,12272697.823671218,18402.143342979194,4.6005358357447985,0.0014994374999998518,1.0000000000000902,True,True,True,True
WALL_LIKE,self_fund_win,2.0,12272697.823671218,3068.1744559178046,18,12221252.378935752,7078713.572088647,True,0.0,18402.143342980853,0.0,-1.6589183360338211e-09,18402.143342979194,5.972997925745498e-11,12272697.823671218,18402.143342979194,4.6005358357447985,0.0014994374999998518,1.0000000000000902,True,True,True,True
WALL_LIKE,self_fund_win,2.0,12272697.823671218,3068.1744559178046,19,12221252.378935752,6745402.416030707,True,0.0,18402.143342980853,0.0,-1.6589183360338211e-09,18402.143342979194,5.972997925745498e-11,12272697.823671218,18402.143342979194,4.6005358357447985,0.0014994374999998518,1.0000000000000902,True,True,True,True
WALL_LIKE,self_fund_win,2.0,12272697.823671218,3068.1744559178046,20,12221252.378935752,5414308.856825957,True,0.0,18402.143342980853,0.0,-1.6589183360338211e-09,18402.143342979194,5.972997925745498e-11,12272697.823671218,18402.143342979194,4.6005358357447985,0.0014994374999998518,1.0000000000000902,True,True,True,True
WALL_LIKE,self_fund_win,2.0,12272697.823671218,3068.1744559178046,21,12221252.378935752,7128500.799261036,True,0.0,18402.143342980853,0.0,-1.6589183360338211e-09,18402.143342979194,5.972997925745498e-11,12272697.823671218,18402.143342979194,4.6005358357447985,0.0014994374999998518,1.0000000000000902,True,True,True,True
WALL_LIKE,self_fund_win,2.0,12272697.823671218,3068.1744559178046,22,12221252.378935752,7588817.519819241,True,0.0,18402.143342980853,0.0,-1.6589183360338211e-09,18402.143342979194,5.972997925745498e-11,12272697.823671218,18402.143342979194,4.6005358357447985,0.0014994374999998518,1.0000000000000902,True,True,True,True
WALL_LIKE,self_fund_win,2.0,12272697.823671218,3068.1744559178046,23,12221252.378935752,6233408.029762621,True,0.0,18402.143342980853,0.0,-1.6589183360338211e-09,18402.143342979194,5.972997925745498e-11,12272697.823671218,18402.143342979194,4.6005358357447985,0.0014994374999998518,1.0000000000000902,True,True,True,True
WALL_LIKE,self_fund_win,2.0,12272697.823671218,3068.1744559178046,24,12221252.378935752,6800895.208378495,True,0.0,18402.143342980853,0.0,-1.6589183360338211e-09,18402.143342979194,5.972997925745498e-11,12272697.823671218,18402.143342979194,4.6005358357447985,0.0014994374999998518,1.0000000000000902,True,True,True,True
WALL_LIKE,self_fund_win,2.0,12272697.823671218,3068.1744559178046,25,12221252.378935752,6258292.738408982,True,0.0,18402.143342980853,0.0,-1.6589183360338211e-09,18402.143342979194,5.972997925745498e-11,12272697.823671218,18402.143342979194,4.6005358357447985,0.0014994374999998518,1.0000000000000902,True,True,True,True
WALL_LIKE,self_fund_win,2.0,12272697.823671218,3068.1744559178046,26,12221252.378935752,7468564.514480509,True,0.0,18402.143342980853,0.0,-1.6589183360338211e-09,18402.143342979194,5.972997925745498e-11,12272697.823671218,18402.143342979194,4.6005358357447985,0.0014994374999998518,1.0000000000000902,True,True,True,True
WALL_LIKE,self_fund_win,2.0,12272697.823671218,3068.1744559178046,27,12221252.378935752,6764522.030434207,True,0.0,18402.143342980853,0.0,-1.6589183360338211e-09,18402.143342979194,5.972997925745498e-11,12272697.823671218,18402.143342979194,4.6005358357447985,0.0014994374999998518,1.0000000000000902,True,True,True,True
WALL_LIKE,self_fund_win,2.0,12272697.823671218,3068.1744559178046,28,12221252.378935752,5950817.63455481,True,0.0,18402.143342980853,0.0,-1.6589183360338211e-09,18402.143342979194,5.972997925745498e-11,12272697.823671218,18402.143342979194,4.6005358357447985,0.0014994374999998518,1.0000000000000902,True,True,True,True
WALL_LIKE,self_fund_win,2.0,12272697.823671218,3068.1744559178046,29,12221252.378935752,5823415.207145789,True,0.0,18402.143342980853,0.0,-1.6589183360338211e-09,18402.143342979194,5.972997925745498e-11,12272697.823671218,18402.143342979194,4.6005358357447985,0.0014994374999998518,1.0000000000000902,True,True,True,True
WALL_LIKE,self_fund_win,2.0,12272697.823671218,3068.1744559178046,30,12221252.378935752,7245968.155261215,True,0.0,18402.143342980853,0.0,-1.6589183360338211e-09,18402.143342979194,5.972997925745498e-11,12272697.823671218,18402.143342979194,4.6005358357447985,0.0014994374999998518,1.0000000000000902,True,True,True,True
WALL_LIKE,self_fund_win,2.0,12272697.823671218,3068.1744559178046,31,12221252.378935752,6048899.020716614,True,0.0,18402.143342980853,0.0,-1.6589183360338211e-09,18402.143342979194,5.972997925745498e-11,12272697.823671218,18402.143342979194,4.6005358357447985,0.0014994374999998518,1.0000000000000902,True,True,True,True
WALL_LIKE,self_fund_win,2.0,12272697.823671218,3068.1744559178046,32,12221252.378935752,7042885.578522185,True,0.0,18402.143342980853,0.0,-1.6589183360338211e-09,18402.143342979194,5.972997925745498e-11,12272697.823671218,18402.143342979194,4.6005358357447985,0.0014994374999998518,1.0000000000000902,True,True,True,True
WALL_LIKE,self_fund_win,2.0,12272697.823671218,3068.1744559178046,33,12221252.378935752,6892643.016350075,True,0.0,18402.143342980853,0.0,-1.6589183360338211e-09,18402.143342979194,5.972997925745498e-11,12272697.823671218,18402.143342979194,4.6005358357447985,0.0014994374999998518,1.0000000000000902,True,True,True,True
WALL_LIKE,self_fund_win,2.0,12272697.823671218,3068.1744559178046,34,12221252.378935752,6342087.404102347,True,0.0,18402.143342980853,0.0,-1.6589183360338211e-09,18402.143342979194,5.972997925745498e-11,12272697.823671218,18402.143342979194,4.6005358357447985,0.0014994374999998518,1.0000000000000902,True,True,True,True
WALL_LIKE,self_fund_win,2.0,12272697.823671218,3068.1744559178046,35,12221252.378935752,6380367.477949488,True,0.0,18402.143342980853,0.0,-1.6589183360338211e-09,18402.143342979194,5.972997925745498e-11,12272697.823671218,18402.143342979194,4.6005358357447985,0.0014994374999998518,1.0000000000000902,True,True,True,True
WALL_LIKE,self_fund_win,2.0,12272697.823671218,3068.1744559178046,36,12221252.378935752,5632283.467438595,True,0.0,18402.143342980853,0.0,-1.6589183360338211e-09,18402.143342979194,5.972997925745498e-11,12272697.823671218,18402.143342979194,4.6005358357447985,0.0014994374999998518,1.0000000000000902,True,True,True,True
WALL_LIKE,self_fund_win,2.0,12272697.823671218,3068.1744559178046,37,12221252.378935752,5690785.625428859,True,0.0,18402.143342980853,0.0,-1.6589183360338211e-09,18402.143342979194,5.972997925745498e-11,12272697.823671218,18402.143342979194,4.6005358357447985,0.0014994374999998518,1.0000000000000902,True,True,True,True
WALL_LIKE,self_fund_win,2.0,12272697.823671218,3068.1744559178046,38,12221252.378935752,6233469.00606529,True,0.0,18402.143342980853,0.0,-1.6589183360338211e-09,18402.143342979194,5.972997925745498e-11,12272697.823671218,18402.143342979194,4.6005358357447985,0.0014994374999998518,1.0000000000000902,True,True,True,True
WALL_LIKE,self_fund_win,2.0,12272697.823671218,3068.1744559178046,39,12221252.378935752,7326198.897804298,True,0.0,18402.143342980853,0.0,-1.6589183360338211e-09,18402.143342979194,5.972997925745498e-11,12272697.823671218,18402.143342979194,4.6005358357447985,0.0014994374999998518,1.0000000000000902,True,True,True,True
WALL_LIKE,self_fund_win,5.0,30681744.559178047,7670.436139794512,0,30553130.947339386,6246821.217891578,True,0.0,46005.358357453064,0.0,-1.2078089639544487e-09,46005.358357451856,0.0,30681744.559178047,46005.358357451856,11.501339589362964,0.001499437499999978,1.0000000000000262,True,True,True,True
WALL_LIKE,self_fund_win,5.0,30681744.559178047,7670.436139794512,1,30553130.947339386,6611608.928789757,True,0.0,46005.358357453064,0.0,-1.2078089639544487e-09,46005.358357451856,0.0,30681744.559178047,46005.358357451856,11.501339589362964,0.001499437499999978,1.0000000000000262,True,True,True,True
WALL_LIKE,self_fund_win,5.0,30681744.559178047,7670.436139794512,2,30553130.947339386,7077340.314405112,True,0.0,46005.358357453064,0.0,-1.2078089639544487e-09,46005.358357451856,0.0,30681744.559178047,46005.358357451856,11.501339589362964,0.001499437499999978,1.0000000000000262,True,True,True,True
WALL_LIKE,self_fund_win,5.0,30681744.559178047,7670.436139794512,3,30553130.947339386,5378263.083804055,True,0.0,46005.358357453064,0.0,-1.2078089639544487e-09,46005.358357451856,0.0,30681744.559178047,46005.358357451856,11.501339589362964,0.001499437499999978,1.0000000000000262,True,True,True,True
WALL_LIKE,self_fund_win,5.0,30681744.559178047,7670.436139794512,4,30553130.947339386,5645138.3116518175,True,0.0,46005.358357453064,0.0,-1.2078089639544487e-09,46005.358357451856,0.0,30681744.559178047,46005.358357451856,11.501339589362964,0.001499437499999978,1.0000000000000262,True,True,True,True
WALL_LIKE,self_fund_win,5.0,30681744.559178047,7670.436139794512,5,30553130.947339386,5930435.839767746,True,0.0,46005.358357453064,0.0,-1.2078089639544487e-09,46005.358357451856,0.0,30681744.559178047,46005.358357451856,11.501339589362964,0.001499437499999978,1.0000000000000262,True,True,True,True
WALL_LIKE,self_fund_win,5.0,30681744.559178047,7670.436139794512,6,30553130.947339386,6615601.936581645,True,0.0,46005.358357453064,0.0,-1.2078089639544487e-09,46005.358357451856,0.0,30681744.559178047,46005.358357451856,11.501339589362964,0.001499437499999978,1.0000000000000262,True,True,True,True
WALL_LIKE,self_fund_win,5.0,30681744.559178047,7670.436139794512,7,30553130.947339386,6745402.021352768,True,0.0,46005.358357453064,0.0,-1.2078089639544487e-09,46005.358357451856,0.0,30681744.559178047,46005.358357451856,11.501339589362964,0.001499437499999978,1.0000000000000262,True,True,True,True
WALL_LIKE,self_fund_win,5.0,30681744.559178047,7670.436139794512,8,30553130.947339386,6304049.870095544,True,0.0,46005.358357453064,0.0,-1.2078089639544487e-09,46005.358357451856,0.0,30681744.559178047,46005.358357451856,11.501339589362964,0.001499437499999978,1.0000000000000262,True,True,True,True
WALL_LIKE,self_fund_win,5.0,30681744.559178047,7670.436139794512,9,30553130.947339386,6409882.781332239,True,0.0,46005.358357453064,0.0,-1.2078089639544487e-09,46005.358357451856,0.0,30681744.559178047,46005.358357451856,11.501339589362964,0.001499437499999978,1.0000000000000262,True,True,True,True
WALL_LIKE,self_fund_win,5.0,30681744.559178047,7670.436139794512,10,30553130.947339386,5749747.4828359345,True,0.0,46005.358357453064,0.0,-1.2078089639544487e-09,46005.358357451856,0.0,30681744.559178047,46005.358357451856,11.501339589362964,0.001499437499999978,1.0000000000000262,True,True,True,True
WALL_LIKE,self_fund_win,5.0,30681744.559178047,7670.436139794512,11,30553130.947339386,7144326.678597225,True,0.0,46005.358357453064,0.0,-1.2078089639544487e-09,46005.358357451856,0.0,30681744.559178047,46005.358357451856,11.501339589362964,0.001499437499999978,1.0000000000000262,True,True,True,True
WALL_LIKE,self_fund_win,5.0,30681744.559178047,7670.436139794512,12,30553130.947339386,6891177.260227157,True,0.0,46005.358357453064,0.0,-1.2078089639544487e-09,46005.358357451856,0.0,30681744.559178047,46005.358357451856,11.501339589362964,0.001499437499999978,1.0000000000000262,True,True,True,True
WALL_LIKE,self_fund_win,5.0,30681744.559178047,7670.436139794512,13,30553130.947339386,7854224.5540516935,True,0.0,46005.358357453064,0.0,-1.2078089639544487e-09,46005.358357451856,0.0,30681744.559178047,46005.358357451856,11.501339589362964,0.001499437499999978,1.0000000000000262,True,True,True,True
WALL_LIKE,self_fund_win,5.0,30681744.559178047,7670.436139794512,14,30553130.947339386,6929608.22442138,True,0.0,46005.358357453064,0.0,-1.2078089639544487e-09,46005.358357451856,0.0,30681744.559178047,46005.358357451856,11.501339589362964,0.001499437499999978,1.0000000000000262,True,True,True,True
WALL_LIKE,self_fund_win,5.0,30681744.559178047,7670.436139794512,15,30553130.947339386,7524793.3864487745,True,0.0,46005.358357453064,0.0,-1.2078089639544487e-09,46005.358357451856,0.0,30681744.559178047,46005.358357451856,11.501339589362964,0.001499437499999978,1.0000000000000262,True,True,True,True
WALL_LIKE,self_fund_win,5.0,30681744.559178047,7670.436139794512,16,30553130.947339386,6885473.993975419,True,0.0,46005.358357453064,0.0,-1.2078089639544487e-09,46005.358357451856,0.0,30681744.559178047,46005.358357451856,11.501339589362964,0.001499437499999978,1.0000000000000262,True,True,True,True
WALL_LIKE,self_fund_win,5.0,30681744.559178047,7670.436139794512,17,30553130.947339386,6112603.609829335,True,0.0,46005.358357453064,0.0,-1.2078089639544487e-09,46005.358357451856,0.0,30681744.559178047,46005.358357451856,11.501339589362964,0.001499437499999978,1.0000000000000262,True,True,True,True
WALL_LIKE,self_fund_win,5.0,30681744.559178047,7670.436139794512,18,30553130.947339386,7212648.47478854,True,0.0,46005.358357453064,0.0,-1.2078089639544487e-09,46005.358357451856,0.0,30681744.559178047,46005.358357451856,11.501339589362964,0.001499437499999978,1.0000000000000262,True,True,True,True
WALL_LIKE,self_fund_win,5.0,30681744.559178047,7670.436139794512,19,30553130.947339386,6650203.000327613,True,0.0,46005.358357453064,0.0,-1.2078089639544487e-09,46005.358357451856,0.0,30681744.559178047,46005.358357451856,11.501339589362964,0.001499437499999978,1.0000000000000262,True,True,True,True
WALL_LIKE,self_fund_win,5.0,30681744.559178047,7670.436139794512,20,30553130.947339386,6167654.488453382,True,0.0,46005.358357453064,0.0,-1.2078089639544487e-09,46005.358357451856,0.0,30681744.559178047,46005.358357451856,11.501339589362964,0.001499437499999978,1.0000000000000262,True,True,True,True
WALL_LIKE,self_fund_win,5.0,30681744.559178047,7670.436139794512,21,30553130.947339386,5890674.660525684,True,0.0,46005.358357453064,0.0,-1.2078089639544487e-09,46005.358357451856,0.0,30681744.559178047,46005.358357451856,11.501339589362964,0.001499437499999978,1.0000000000000262,True,True,True,True
WALL_LIKE,self_fund_win,5.0,30681744.559178047,7670.436139794512,22,30553130.947339386,5196553.931909013,True,0.0,46005.358357453064,0.0,-1.2078089639544487e-09,46005.358357451856,0.0,30681744.559178047,46005.358357451856,11.501339589362964,0.001499437499999978,1.0000000000000262,True,True,True,True
WALL_LIKE,self_fund_win,5.0,30681744.559178047,7670.436139794512,23,30553130.947339386,6889504.712203457,True,0.0,46005.358357453064,0.0,-1.2078089639544487e-09,46005.358357451856,0.0,30681744.559178047,46005.358357451856,11.501339589362964,0.001499437499999978,1.0000000000000262,True,True,True,True
WALL_LIKE,self_fund_win,5.0,30681744.559178047,7670.436139794512,24,30553130.947339386,8187870.379216487,True,0.0,46005.358357453064,0.0,-1.2078089639544487e-09,46005.358357451856,0.0,30681744.559178047,46005.358357451856,11.501339589362964,0.001499437499999978,1.0000000000000262,True,True,True,True
WALL_LIKE,self_fund_win,5.0,30681744.559178047,7670.436139794512,25,30553130.947339386,7024075.660139498,True,0.0,46005.358357453064,0.0,-1.2078089639544487e-09,46005.358357451856,0.0,30681744.559178047,46005.358357451856,11.501339589362964,0.001499437499999978,1.0000000000000262,True,True,True,True
WALL_LIKE,self_fund_win,5.0,30681744.559178047,7670.436139794512,26,30553130.947339386,6511176.065692104,True,0.0,46005.358357453064,0.0,-1.2078089639544487e-09,46005.358357451856,0.0,30681744.559178047,46005.358357451856,11.501339589362964,0.001499437499999978,1.0000000000000262,True,True,True,True
WALL_LIKE,self_fund_win,5.0,30681744.559178047,7670.436139794512,27,30553130.947339386,6866748.9895793935,True,0.0,46005.358357453064,0.0,-1.2078089639544487e-09,46005.358357451856,0.0,30681744.559178047,46005.358357451856,11.501339589362964,0.001499437499999978,1.0000000000000262,True,True,True,True
WALL_LIKE,self_fund_win,5.0,30681744.559178047,7670.436139794512,28,30553130.947339386,6198736.674103477,True,0.0,46005.358357453064,0.0,-1.2078089639544487e-09,46005.358357451856,0.0,30681744.559178047,46005.358357451856,11.501339589362964,0.001499437499999978,1.0000000000000262,True,True,True,True
WALL_LIKE,self_fund_win,5.0,30681744.559178047,7670.436139794512,29,30553130.947339386,7145730.701752632,True,0.0,46005.358357453064,0.0,-1.2078089639544487e-09,46005.358357451856,0.0,30681744.559178047,46005.358357451856,11.501339589362964,0.001499437499999978,1.0000000000000262,True,True,True,True
WALL_LIKE,self_fund_win,5.0,30681744.559178047,7670.436139794512,30,30553130.947339386,6343078.2272127615,True,0.0,46005.358357453064,0.0,-1.2078089639544487e-09,46005.358357451856,0.0,30681744.559178047,46005.358357451856,11.501339589362964,0.001499437499999978,1.0000000000000262,True,True,True,True
WALL_LIKE,self_fund_win,5.0,30681744.559178047,7670.436139794512,31,30553130.947339386,7056282.305592737,True,0.0,46005.358357453064,0.0,-1.2078089639544487e-09,46005.358357451856,0.0,30681744.559178047,46005.358357451856,11.501339589362964,0.001499437499999978,1.0000000000000262,True,True,True,True
WALL_LIKE,self_fund_win,5.0,30681744.559178047,7670.436139794512,32,30553130.947339386,7413236.525288068,True,0.0,46005.358357453064,0.0,-1.2078089639544487e-09,46005.358357451856,0.0,30681744.559178047,46005.358357451856,11.501339589362964,0.001499437499999978,1.0000000000000262,True,True,True,True
WALL_LIKE,self_fund_win,5.0,30681744.559178047,7670.436139794512,33,30553130.947339386,6510801.347622189,True,0.0,46005.358357453064,0.0,-1.2078089639544487e-09,46005.358357451856,0.0,30681744.559178047,46005.358357451856,11.501339589362964,0.001499437499999978,1.0000000000000262,True,True,True,True
WALL_LIKE,self_fund_win,5.0,30681744.559178047,7670.436139794512,34,30553130.947339386,5857277.7805545665,True,0.0,46005.358357453064,0.0,-1.2078089639544487e-09,46005.358357451856,0.0,30681744.559178047,46005.358357451856,11.501339589362964,0.001499437499999978,1.0000000000000262,True,True,True,True
WALL_LIKE,self_fund_win,5.0,30681744.559178047,7670.436139794512,35,30553130.947339386,5762883.961642899,True,0.0,46005.358357453064,0.0,-1.2078089639544487e-09,46005.358357451856,0.0,30681744.559178047,46005.358357451856,11.501339589362964,0.001499437499999978,1.0000000000000262,True,True,True,True
WALL_LIKE,self_fund_win,5.0,30681744.559178047,7670.436139794512,36,30553130.947339386,6391941.690597758,True,0.0,46005.358357453064,0.0,-1.2078089639544487e-09,46005.358357451856,0.0,30681744.559178047,46005.358357451856,11.501339589362964,0.001499437499999978,1.0000000000000262,True,True,True,True
WALL_LIKE,self_fund_win,5.0,30681744.559178047,7670.436139794512,37,30553130.947339386,6137662.527014599,True,0.0,46005.358357453064,0.0,-1.2078089639544487e-09,46005.358357451856,0.0,30681744.559178047,46005.358357451856,11.501339589362964,0.001499437499999978,1.0000000000000262,True,True,True,True
WALL_LIKE,self_fund_win,5.0,30681744.559178047,7670.436139794512,38,30553130.947339386,6485899.517992055,True,0.0,46005.358357453064,0.0,-1.2078089639544487e-09,46005.358357451856,0.0,30681744.559178047,46005.358357451856,11.501339589362964,0.001499437499999978,1.0000000000000262,True,True,True,True
WALL_LIKE,self_fund_win,5.0,30681744.559178047,7670.436139794512,39,30553130.947339386,6876784.52790915,True,0.0,46005.358357453064,0.0,-1.2078089639544487e-09,46005.358357451856,0.0,30681744.559178047,46005.358357451856,11.501339589362964,0.001499437499999978,1.0000000000000262,True,True,True,True
WALL_LIKE,self_fund_win,10.0,61363489.118356094,15340.872279589024,0,61106261.89467877,5285229.63478922,True,0.0,92010.71671490613,0.0,-2.5320332497358322e-09,92010.7167149036,1.1945995851490996e-10,61363489.118356094,92010.7167149036,23.0026791787259,0.001499437499999976,1.0000000000000275,True,True,True,True
WALL_LIKE,self_fund_win,10.0,61363489.118356094,15340.872279589024,1,61106261.89467877,6263177.920487959,True,0.0,92010.71671490613,0.0,-2.5320332497358322e-09,92010.7167149036,1.1945995851490996e-10,61363489.118356094,92010.7167149036,23.0026791787259,0.001499437499999976,1.0000000000000275,True,True,True,True
WALL_LIKE,self_fund_win,10.0,61363489.118356094,15340.872279589024,2,61106261.89467877,5587074.046816649,True,0.0,92010.71671490613,0.0,-2.5320332497358322e-09,92010.7167149036,1.1945995851490996e-10,61363489.118356094,92010.7167149036,23.0026791787259,0.001499437499999976,1.0000000000000275,True,True,True,True
WALL_LIKE,self_fund_win,10.0,61363489.118356094,15340.872279589024,3,61106261.89467877,6497607.574940259,True,0.0,92010.71671490613,0.0,-2.5320332497358322e-09,92010.7167149036,1.1945995851490996e-10,61363489.118356094,92010.7167149036,23.0026791787259,0.001499437499999976,1.0000000000000275,True,True,True,True
WALL_LIKE,self_fund_win,10.0,61363489.118356094,15340.872279589024,4,61106261.89467877,6074644.351360382,True,0.0,92010.71671490613,0.0,-2.5320332497358322e-09,92010.7167149036,1.1945995851490996e-10,61363489.118356094,92010.7167149036,23.0026791787259,0.001499437499999976,1.0000000000000275,True,True,True,True
WALL_LIKE,self_fund_win,10.0,61363489.118356094,15340.872279589024,5,61106261.89467877,6841680.910412768,True,0.0,92010.71671490613,0.0,-2.5320332497358322e-09,92010.7167149036,1.1945995851490996e-10,61363489.118356094,92010.7167149036,23.0026791787259,0.001499437499999976,1.0000000000000275,True,True,True,True
WALL_LIKE,self_fund_win,10.0,61363489.118356094,15340.872279589024,6,61106261.89467877,6874028.998522245,True,0.0,92010.71671490613,0.0,-2.5320332497358322e-09,92010.7167149036,1.1945995851490996e-10,61363489.118356094,92010.7167149036,23.0026791787259,0.001499437499999976,1.0000000000000275,True,True,True,True
WALL_LIKE,self_fund_win,10.0,61363489.118356094,15340.872279589024,7,61106261.89467877,6906381.463962548,True,0.0,92010.71671490613,0.0,-2.5320332497358322e-09,92010.7167149036,1.1945995851490996e-10,61363489.118356094,92010.7167149036,23.0026791787259,0.001499437499999976,1.0000000000000275,True,True,True,True
WALL_LIKE,self_fund_win,10.0,61363489.118356094,15340.872279589024,8,61106261.89467877,6698520.8229670115,True,0.0,92010.71671490613,0.0,-2.5320332497358322e-09,92010.7167149036,1.1945995851490996e-10,61363489.118356094,92010.7167149036,23.0026791787259,0.001499437499999976,1.0000000000000275,True,True,True,True
WALL_LIKE,self_fund_win,10.0,61363489.118356094,15340.872279589024,9,61106261.89467877,6432512.338426874,True,0.0,92010.71671490613,0.0,-2.5320332497358322e-09,92010.7167149036,1.1945995851490996e-10,61363489.118356094,92010.7167149036,23.0026791787259,0.001499437499999976,1.0000000000000275,True,True,True,True
WALL_LIKE,self_fund_win,10.0,61363489.118356094,15340.872279589024,10,61106261.89467877,6741002.397334839,True,0.0,92010.71671490613,0.0,-2.5320332497358322e-09,92010.7167149036,1.1945995851490996e-10,61363489.118356094,92010.7167149036,23.0026791787259,0.001499437499999976,1.0000000000000275,True,True,True,True
WALL_LIKE,self_fund_win,10.0,61363489.118356094,15340.872279589024,11,61106261.89467877,7569989.413220875,True,0.0,92010.71671490613,0.0,-2.5320332497358322e-09,92010.7167149036,1.1945995851490996e-10,61363489.118356094,92010.7167149036,23.0026791787259,0.001499437499999976,1.0000000000000275,True,True,True,True
WALL_LIKE,self_fund_win,10.0,61363489.118356094,15340.872279589024,12,61106261.89467877,6083656.408072619,True,0.0,92010.71671490613,0.0,-2.5320332497358322e-09,92010.7167149036,1.1945995851490996e-10,61363489.118356094,92010.7167149036,23.0026791787259,0.001499437499999976,1.0000000000000275,True,True,True,True
WALL_LIKE,self_fund_win,10.0,61363489.118356094,15340.872279589024,13,61106261.89467877,6545500.3710008105,True,0.0,92010.71671490613,0.0,-2.5320332497358322e-09,92010.7167149036,1.1945995851490996e-10,61363489.118356094,92010.7167149036,23.0026791787259,0.001499437499999976,1.0000000000000275,True,True,True,True
WALL_LIKE,self_fund_win,10.0,61363489.118356094,15340.872279589024,14,61106261.89467877,7405633.012187973,True,0.0,92010.71671490613,0.0,-2.5320332497358322e-09,92010.7167149036,1.1945995851490996e-10,61363489.118356094,92010.7167149036,23.0026791787259,0.001499437499999976,1.0000000000000275,True,True,True,True
WALL_LIKE,self_fund_win,10.0,61363489.118356094,15340.872279589024,15,61106261.89467877,7371939.343580628,True,0.0,92010.71671490613,0.0,-2.5320332497358322e-09,92010.7167149036,1.1945995851490996e-10,61363489.118356094,92010.7167149036,23.0026791787259,0.001499437499999976,1.0000000000000275,True,True,True,True
WALL_LIKE,self_fund_win,10.0,61363489.118356094,15340.872279589024,16,61106261.89467877,6584773.836054428,True,0.0,92010.71671490613,0.0,-2.5320332497358322e-09,92010.7167149036,1.1945995851490996e-10,61363489.118356094,92010.7167149036,23.0026791787259,0.001499437499999976,1.0000000000000275,True,True,True,True
WALL_LIKE,self_fund_win,10.0,61363489.118356094,15340.872279589024,17,61106261.89467877,6525250.011277251,True,0.0,92010.71671490613,0.0,-2.5320332497358322e-09,92010.7167149036,1.1945995851490996e-10,61363489.118356094,92010.7167149036,23.0026791787259,0.001499437499999976,1.0000000000000275,True,True,True,True
WALL_LIKE,self_fund_win,10.0,61363489.118356094,15340.872279589024,18,61106261.89467877,6971543.08741388,True,0.0,92010.71671490613,0.0,-2.5320332497358322e-09,92010.7167149036,1.1945995851490996e-10,61363489.118356094,92010.7167149036,23.0026791787259,0.001499437499999976,1.0000000000000275,True,True,True,True
WALL_LIKE,self_fund_win,10.0,61363489.118356094,15340.872279589024,19,61106261.89467877,6192726.50849015,True,0.0,92010.71671490613,0.0,-2.5320332497358322e-09,92010.7167149036,1.1945995851490996e-10,61363489.118356094,92010.7167149036,23.0026791787259,0.001499437499999976,1.0000000000000275,True,True,True,True
WALL_LIKE,self_fund_win,10.0,61363489.118356094,15340.872279589024,20,61106261.89467877,7511688.982255814,True,0.0,92010.71671490613,0.0,-2.5320332497358322e-09,92010.7167149036,1.1945995851490996e-10,61363489.118356094,92010.7167149036,23.0026791787259,0.001499437499999976,1.0000000000000275,True,True,True,True
WALL_LIKE,self_fund_win,10.0,61363489.118356094,15340.872279589024,21,61106261.89467877,6138242.524881266,True,0.0,92010.71671490613,0.0,-2.5320332497358322e-09,92010.7167149036,1.1945995851490996e-10,61363489.118356094,92010.7167149036,23.0026791787259,0.001499437499999976,1.0000000000000275,True,True,True,True
WALL_LIKE,self_fund_win,10.0,61363489.118356094,15340.872279589024,22,61106261.89467877,6656874.796353548,True,0.0,92010.71671490613,0.0,-2.5320332497358322e-09,92010.7167149036,1.1945995851490996e-10,61363489.118356094,92010.7167149036,23.0026791787259,0.001499437499999976,1.0000000000000275,True,True,True,True
WALL_LIKE,self_fund_win,10.0,61363489.118356094,15340.872279589024,23,61106261.89467877,6067297.262793011,True,0.0,92010.71671490613,0.0,-2.5320332497358322e-09,92010.7167149036,1.1945995851490996e-10,61363489.118356094,92010.7167149036,23.0026791787259,0.001499437499999976,1.0000000000000275,True,True,True,True
WALL_LIKE,self_fund_win,10.0,61363489.118356094,15340.872279589024,24,61106261.89467877,6874751.218910234,True,0.0,92010.71671490613,0.0,-2.5320332497358322e-09,92010.7167149036,1.1945995851490996e-10,61363489.118356094,92010.7167149036,23.0026791787259,0.001499437499999976,1.0000000000000275,True,True,True,True
WALL_LIKE,self_fund_win,10.0,61363489.118356094,15340.872279589024,25,61106261.89467877,6435972.8331094375,True,0.0,92010.71671490613,0.0,-2.5320332497358322e-09,92010.7167149036,1.1945995851490996e-10,61363489.118356094,92010.7167149036,23.0026791787259,0.001499437499999976,1.0000000000000275,True,True,True,True
WALL_LIKE,self_fund_win,10.0,61363489.118356094,15340.872279589024,26,61106261.89467877,6140659.684505648,True,0.0,92010.71671490613,0.0,-2.5320332497358322e-09,92010.7167149036,1.1945995851490996e-10,61363489.118356094,92010.7167149036,23.0026791787259,0.001499437499999976,1.0000000000000275,True,True,True,True
WALL_LIKE,self_fund_win,10.0,61363489.118356094,15340.872279589024,27,61106261.89467877,7422323.842301309,True,0.0,92010.71671490613,0.0,-2.5320332497358322e-09,92010.7167149036,1.1945995851490996e-10,61363489.118356094,92010.7167149036,23.0026791787259,0.001499437499999976,1.0000000000000275,True,True,True,True
WALL_LIKE,self_fund_win,10.0,61363489.118356094,15340.872279589024,28,61106261.89467877,6298163.609655673,True,0.0,92010.71671490613,0.0,-2.5320332497358322e-09,92010.7167149036,1.1945995851490996e-10,61363489.118356094,92010.7167149036,23.0026791787259,0.001499437499999976,1.0000000000000275,True,True,True,True
WALL_LIKE,self_fund_win,10.0,61363489.118356094,15340.872279589024,29,61106261.89467877,6945131.132541144,True,0.0,92010.71671490613,0.0,-2.5320332497358322e-09,92010.7167149036,1.1945995851490996e-10,61363489.118356094,92010.7167149036,23.0026791787259,0.001499437499999976,1.0000000000000275,True,True,True,True
WALL_LIKE,self_fund_win,10.0,61363489.118356094,15340.872279589024,30,61106261.89467877,7458869.875532676,True,0.0,92010.71671490613,0.0,-2.5320332497358322e-09,92010.7167149036,1.1945995851490996e-10,61363489.118356094,92010.7167149036,23.0026791787259,0.001499437499999976,1.0000000000000275,True,True,True,True
WALL_LIKE,self_fund_win,10.0,61363489.118356094,15340.872279589024,31,61106261.89467877,6133360.870310051,True,0.0,92010.71671490613,0.0,-2.5320332497358322e-09,92010.7167149036,1.1945995851490996e-10,61363489.118356094,92010.7167149036,23.0026791787259,0.001499437499999976,1.0000000000000275,True,True,True,True
WALL_LIKE,self_fund_win,10.0,61363489.118356094,15340.872279589024,32,61106261.89467877,6654131.148619727,True,0.0,92010.71671490613,0.0,-2.5320332497358322e-09,92010.7167149036,1.1945995851490996e-10,61363489.118356094,92010.7167149036,23.0026791787259,0.001499437499999976,1.0000000000000275,True,True,True,True
WALL_LIKE,self_fund_win,10.0,61363489.118356094,15340.872279589024,33,61106261.89467877,6531314.349503089,True,0.0,92010.71671490613,0.0,-2.5320332497358322e-09,92010.7167149036,1.1945995851490996e-10,61363489.118356094,92010.7167149036,23.0026791787259,0.001499437499999976,1.0000000000000275,True,True,True,True
WALL_LIKE,self_fund_win,10.0,61363489.118356094,15340.872279589024,34,61106261.89467877,6550267.350943912,True,0.0,92010.71671490613,0.0,-2.5320332497358322e-09,92010.7167149036,1.1945995851490996e-10,61363489.118356094,92010.7167149036,23.0026791787259,0.001499437499999976,1.0000000000000275,True,True,True,True
WALL_LIKE,self_fund_win,10.0,61363489.118356094,15340.872279589024,35,61106261.89467877,6331173.582800226,True,0.0,92010.71671490613,0.0,-2.5320332497358322e-09,92010.7167149036,1.1945995851490996e-10,61363489.118356094,92010.7167149036,23.0026791787259,0.001499437499999976,1.0000000000000275,True,True,True,True
WALL_LIKE,self_fund_win,10.0,61363489.118356094,15340.872279589024,36,61106261.89467877,5832837.161595352,True,0.0,92010.71671490613,0.0,-2.5320332497358322e-09,92010.7167149036,1.1945995851490996e-10,61363489.118356094,92010.7167149036,23.0026791787259,0.001499437499999976,1.0000000000000275,True,True,True,True
WALL_LIKE,self_fund_win,10.0,61363489.118356094,15340.872279589024,37,61106261.89467877,6498540.07960521,True,0.0,92010.71671490613,0.0,-2.5320332497358322e-09,92010.7167149036,1.1945995851490996e-10,61363489.118356094,92010.7167149036,23.0026791787259,0.001499437499999976,1.0000000000000275,True,True,True,True
WALL_LIKE,self_fund_win,10.0,61363489.118356094,15340.872279589024,38,61106261.89467877,6953825.375180455,True,0.0,92010.71671490613,0.0,-2.5320332497358322e-09,92010.7167149036,1.1945995851490996e-10,61363489.118356094,92010.7167149036,23.0026791787259,0.001499437499999976,1.0000000000000275,True,True,True,True
WALL_LIKE,self_fund_win,10.0,61363489.118356094,15340.872279589024,39,61106261.89467877,6946756.492812786,True,0.0,92010.71671490613,0.0,-2.5320332497358322e-09,92010.7167149036,1.1945995851490996e-10,61363489.118356094,92010.7167149036,23.0026791787259,0.001499437499999976,1.0000000000000275,True,True,True,True
GENTLE_LIKE,self_fund_win,0.5,3202874.9713687785,800.7187428421946,0,3189448.9643325466,5271369.386905732,False,0.0,4802.510839881685,0.0,1.5643308870494366e-10,4802.510839881841,0.0,3202874.9713687785,4802.510839881841,1.2006277099704603,0.0014994375000000214,0.9999999999999675,False,False,False,False
GENTLE_LIKE,self_fund_win,0.5,3202874.9713687785,800.7187428421946,1,3189448.9643325466,6163307.781486072,False,0.0,4802.510839881685,0.0,1.5643308870494366e-10,4802.510839881841,0.0,3202874.9713687785,4802.510839881841,1.2006277099704603,0.0014994375000000214,0.9999999999999675,False,False,False,False
GENTLE_LIKE,self_fund_win,0.5,3202874.9713687785,800.7187428421946,2,3189448.9643325466,6622689.991004947,False,0.0,4802.510839881685,0.0,1.5643308870494366e-10,4802.510839881841,0.0,3202874.9713687785,4802.510839881841,1.2006277099704603,0.0014994375000000214,0.9999999999999675,False,False,False,False
GENTLE_LIKE,self_fund_win,0.5,3202874.9713687785,800.7187428421946,3,3189448.9643325466,6258626.494636135,False,0.0,4802.510839881685,0.0,1.5643308870494366e-10,4802.510839881841,0.0,3202874.9713687785,4802.510839881841,1.2006277099704603,0.0014994375000000214,0.9999999999999675,False,False,False,False
GENTLE_LIKE,self_fund_win,0.5,3202874.9713687785,800.7187428421946,4,3189448.9643325466,6052223.048523863,False,0.0,4802.510839881685,0.0,1.5643308870494366e-10,4802.510839881841,0.0,3202874.9713687785,4802.510839881841,1.2006277099704603,0.0014994375000000214,0.9999999999999675,False,False,False,False
GENTLE_LIKE,self_fund_win,0.5,3202874.9713687785,800.7187428421946,5,3189448.9643325466,6548362.75929884,False,0.0,4802.510839881685,0.0,1.5643308870494366e-10,4802.510839881841,0.0,3202874.9713687785,4802.510839881841,1.2006277099704603,0.0014994375000000214,0.9999999999999675,False,False,False,False
GENTLE_LIKE,self_fund_win,0.5,3202874.9713687785,800.7187428421946,6,3189448.9643325466,6294054.012230979,False,0.0,4802.510839881685,0.0,1.5643308870494366e-10,4802.510839881841,0.0,3202874.9713687785,4802.510839881841,1.2006277099704603,0.0014994375000000214,0.9999999999999675,False,False,False,False
GENTLE_LIKE,self_fund_win,0.5,3202874.9713687785,800.7187428421946,7,3189448.9643325466,6280105.557411535,False,0.0,4802.510839881685,0.0,1.5643308870494366e-10,4802.510839881841,0.0,3202874.9713687785,4802.510839881841,1.2006277099704603,0.0014994375000000214,0.9999999999999675,False,False,False,False
GENTLE_LIKE,self_fund_win,0.5,3202874.9713687785,800.7187428421946,8,3189448.9643325466,7697169.442488423,False,0.0,4802.510839881685,0.0,1.5643308870494366e-10,4802.510839881841,0.0,3202874.9713687785,4802.510839881841,1.2006277099704603,0.0014994375000000214,0.9999999999999675,False,False,False,False
GENTLE_LIKE,self_fund_win,0.5,3202874.9713687785,800.7187428421946,9,3189448.9643325466,6012371.6725602355,False,0.0,4802.510839881685,0.0,1.5643308870494366e-10,4802.510839881841,0.0,3202874.9713687785,4802.510839881841,1.2006277099704603,0.0014994375000000214,0.9999999999999675,False,False,False,False
GENTLE_LIKE,self_fund_win,0.5,3202874.9713687785,800.7187428421946,10,3189448.9643325466,6866875.4013741845,False,0.0,4802.510839881685,0.0,1.5643308870494366e-10,4802.510839881841,0.0,3202874.9713687785,4802.510839881841,1.2006277099704603,0.0014994375000000214,0.9999999999999675,False,False,False,False
GENTLE_LIKE,self_fund_win,0.5,3202874.9713687785,800.7187428421946,11,3189448.9643325466,5448480.7257957095,False,0.0,4802.510839881685,0.0,1.5643308870494366e-10,4802.510839881841,0.0,3202874.9713687785,4802.510839881841,1.2006277099704603,0.0014994375000000214,0.9999999999999675,False,False,False,False
GENTLE_LIKE,self_fund_win,0.5,3202874.9713687785,800.7187428421946,12,3189448.9643325466,6492994.985140207,False,0.0,4802.510839881685,0.0,1.5643308870494366e-10,4802.510839881841,0.0,3202874.9713687785,4802.510839881841,1.2006277099704603,0.0014994375000000214,0.9999999999999675,False,False,False,False
GENTLE_LIKE,self_fund_win,0.5,3202874.9713687785,800.7187428421946,13,3189448.9643325466,6553225.7890829295,False,0.0,4802.510839881685,0.0,1.5643308870494366e-10,4802.510839881841,0.0,3202874.9713687785,4802.510839881841,1.2006277099704603,0.0014994375000000214,0.9999999999999675,False,False,False,False
GENTLE_LIKE,self_fund_win,0.5,3202874.9713687785,800.7187428421946,14,3189448.9643325466,5937905.125206874,False,0.0,4802.510839881685,0.0,1.5643308870494366e-10,4802.510839881841,0.0,3202874.9713687785,4802.510839881841,1.2006277099704603,0.0014994375000000214,0.9999999999999675,False,False,False,False
GENTLE_LIKE,self_fund_win,0.5,3202874.9713687785,800.7187428421946,15,3189448.9643325466,6230630.8822279405,False,0.0,4802.510839881685,0.0,1.5643308870494366e-10,4802.510839881841,0.0,3202874.9713687785,4802.510839881841,1.2006277099704603,0.0014994375000000214,0.9999999999999675,False,False,False,False
GENTLE_LIKE,self_fund_win,0.5,3202874.9713687785,800.7187428421946,16,3189448.9643325466,6307104.423973512,False,0.0,4802.510839881685,0.0,1.5643308870494366e-10,4802.510839881841,0.0,3202874.9713687785,4802.510839881841,1.2006277099704603,0.0014994375000000214,0.9999999999999675,False,False,False,False
GENTLE_LIKE,self_fund_win,0.5,3202874.9713687785,800.7187428421946,17,3189448.9643325466,6901805.824351778,False,0.0,4802.510839881685,0.0,1.5643308870494366e-10,4802.510839881841,0.0,3202874.9713687785,4802.510839881841,1.2006277099704603,0.0014994375000000214,0.9999999999999675,False,False,False,False
GENTLE_LIKE,self_fund_win,0.5,3202874.9713687785,800.7187428421946,18,3189448.9643325466,7202590.764868314,False,0.0,4802.510839881685,0.0,1.5643308870494366e-10,4802.510839881841,0.0,3202874.9713687785,4802.510839881841,1.2006277099704603,0.0014994375000000214,0.9999999999999675,False,False,False,False
GENTLE_LIKE,self_fund_win,0.5,3202874.9713687785,800.7187428421946,19,3189448.9643325466,6627728.156388961,False,0.0,4802.510839881685,0.0,1.5643308870494366e-10,4802.510839881841,0.0,3202874.9713687785,4802.510839881841,1.2006277099704603,0.0014994375000000214,0.9999999999999675,False,False,False,False
GENTLE_LIKE,self_fund_win,0.5,3202874.9713687785,800.7187428421946,20,3189448.9643325466,5495506.26403133,False,0.0,4802.510839881685,0.0,1.5643308870494366e-10,4802.510839881841,0.0,3202874.9713687785,4802.510839881841,1.2006277099704603,0.0014994375000000214,0.9999999999999675,False,False,False,False
GENTLE_LIKE,self_fund_win,0.5,3202874.9713687785,800.7187428421946,21,3189448.9643325466,7202121.7470819,False,0.0,4802.510839881685,0.0,1.5643308870494366e-10,4802.510839881841,0.0,3202874.9713687785,4802.510839881841,1.2006277099704603,0.0014994375000000214,0.9999999999999675,False,False,False,False
GENTLE_LIKE,self_fund_win,0.5,3202874.9713687785,800.7187428421946,22,3189448.9643325466,6723911.269625303,False,0.0,4802.510839881685,0.0,1.5643308870494366e-10,4802.510839881841,0.0,3202874.9713687785,4802.510839881841,1.2006277099704603,0.0014994375000000214,0.9999999999999675,False,False,False,False
GENTLE_LIKE,self_fund_win,0.5,3202874.9713687785,800.7187428421946,23,3189448.9643325466,7222138.779965136,False,0.0,4802.510839881685,0.0,1.5643308870494366e-10,4802.510839881841,0.0,3202874.9713687785,4802.510839881841,1.2006277099704603,0.0014994375000000214,0.9999999999999675,False,False,False,False
GENTLE_LIKE,self_fund_win,0.5,3202874.9713687785,800.7187428421946,24,3189448.9643325466,7756631.289966273,False,0.0,4802.510839881685,0.0,1.5643308870494366e-10,4802.510839881841,0.0,3202874.9713687785,4802.510839881841,1.2006277099704603,0.0014994375000000214,0.9999999999999675,False,False,False,False
GENTLE_LIKE,self_fund_win,0.5,3202874.9713687785,800.7187428421946,25,3189448.9643325466,7049567.835051955,False,0.0,4802.510839881685,0.0,1.5643308870494366e-10,4802.510839881841,0.0,3202874.9713687785,4802.510839881841,1.2006277099704603,0.0014994375000000214,0.9999999999999675,False,False,False,False
GENTLE_LIKE,self_fund_win,0.5,3202874.9713687785,800.7187428421946,26,3189448.9643325466,6665881.699239406,False,0.0,4802.510839881685,0.0,1.5643308870494366e-10,4802.510839881841,0.0,3202874.9713687785,4802.510839881841,1.2006277099704603,0.0014994375000000214,0.9999999999999675,False,False,False,False
GENTLE_LIKE,self_fund_win,0.5,3202874.9713687785,800.7187428421946,27,3189448.9643325466,6692345.866880387,False,0.0,4802.510839881685,0.0,1.5643308870494366e-10,4802.510839881841,0.0,3202874.9713687785,4802.510839881841,1.2006277099704603,0.0014994375000000214,0.9999999999999675,False,False,False,False
GENTLE_LIKE,self_fund_win,0.5,3202874.9713687785,800.7187428421946,28,3189448.9643325466,7889010.70610173,False,0.0,4802.510839881685,0.0,1.5643308870494366e-10,4802.510839881841,0.0,3202874.9713687785,4802.510839881841,1.2006277099704603,0.0014994375000000214,0.9999999999999675,False,False,False,False
GENTLE_LIKE,self_fund_win,0.5,3202874.9713687785,800.7187428421946,29,3189448.9643325466,6824820.431270592,False,0.0,4802.510839881685,0.0,1.5643308870494366e-10,4802.510839881841,0.0,3202874.9713687785,4802.510839881841,1.2006277099704603,0.0014994375000000214,0.9999999999999675,False,False,False,False
GENTLE_LIKE,self_fund_win,0.5,3202874.9713687785,800.7187428421946,30,3189448.9643325466,5712257.275933823,False,0.0,4802.510839881685,0.0,1.5643308870494366e-10,4802.510839881841,0.0,3202874.9713687785,4802.510839881841,1.2006277099704603,0.0014994375000000214,0.9999999999999675,False,False,False,False
GENTLE_LIKE,self_fund_win,0.5,3202874.9713687785,800.7187428421946,31,3189448.9643325466,5948506.011401037,False,0.0,4802.510839881685,0.0,1.5643308870494366e-10,4802.510839881841,0.0,3202874.9713687785,4802.510839881841,1.2006277099704603,0.0014994375000000214,0.9999999999999675,False,False,False,False
GENTLE_LIKE,self_fund_win,0.5,3202874.9713687785,800.7187428421946,32,3189448.9643325466,7043718.630569436,False,0.0,4802.510839881685,0.0,1.5643308870494366e-10,4802.510839881841,0.0,3202874.9713687785,4802.510839881841,1.2006277099704603,0.0014994375000000214,0.9999999999999675,False,False,False,False
GENTLE_LIKE,self_fund_win,0.5,3202874.9713687785,800.7187428421946,33,3189448.9643325466,7887608.784141305,False,0.0,4802.510839881685,0.0,1.5643308870494366e-10,4802.510839881841,0.0,3202874.9713687785,4802.510839881841,1.2006277099704603,0.0014994375000000214,0.9999999999999675,False,False,False,False
GENTLE_LIKE,self_fund_win,0.5,3202874.9713687785,800.7187428421946,34,3189448.9643325466,6222873.329837052,False,0.0,4802.510839881685,0.0,1.5643308870494366e-10,4802.510839881841,0.0,3202874.9713687785,4802.510839881841,1.2006277099704603,0.0014994375000000214,0.9999999999999675,False,False,False,False
GENTLE_LIKE,self_fund_win,0.5,3202874.9713687785,800.7187428421946,35,3189448.9643325466,6025099.964779745,False,0.0,4802.510839881685,0.0,1.5643308870494366e-10,4802.510839881841,0.0,3202874.9713687785,4802.510839881841,1.2006277099704603,0.0014994375000000214,0.9999999999999675,False,False,False,False
GENTLE_LIKE,self_fund_win,0.5,3202874.9713687785,800.7187428421946,36,3189448.9643325466,6345457.170888676,False,0.0,4802.510839881685,0.0,1.5643308870494366e-10,4802.510839881841,0.0,3202874.9713687785,4802.510839881841,1.2006277099704603,0.0014994375000000214,0.9999999999999675,False,False,False,False
GENTLE_LIKE,self_fund_win,0.5,3202874.9713687785,800.7187428421946,37,3189448.9643325466,6260147.304695404,False,0.0,4802.510839881685,0.0,1.5643308870494366e-10,4802.510839881841,0.0,3202874.9713687785,4802.510839881841,1.2006277099704603,0.0014994375000000214,0.9999999999999675,False,False,False,False
GENTLE_LIKE,self_fund_win,0.5,3202874.9713687785,800.7187428421946,38,3189448.9643325466,7044931.129917076,False,0.0,4802.510839881685,0.0,1.5643308870494366e-10,4802.510839881841,0.0,3202874.9713687785,4802.510839881841,1.2006277099704603,0.0014994375000000214,0.9999999999999675,False,False,False,False
GENTLE_LIKE,self_fund_win,0.5,3202874.9713687785,800.7187428421946,39,3189448.9643325466,6055686.025724006,False,0.0,4802.510839881685,0.0,1.5643308870494366e-10,4802.510839881841,0.0,3202874.9713687785,4802.510839881841,1.2006277099704603,0.0014994375000000214,0.9999999999999675,False,False,False,False
GENTLE_LIKE,self_fund_win,1.0,6405749.942737557,1601.4374856843892,0,6378897.928665093,7769807.5191665245,False,0.0,9605.02167976337,0.0,3.128661774098873e-10,9605.021679763682,0.0,6405749.942737557,9605.021679763682,2.4012554199409206,0.0014994375000000214,0.9999999999999675,False,False,False,False
GENTLE_LIKE,self_fund_win,1.0,6405749.942737557,1601.4374856843892,1,6378897.928665093,6380675.646726348,False,0.0,9605.02167976337,0.0,3.128661774098873e-10,9605.021679763682,0.0,6405749.942737557,9605.021679763682,2.4012554199409206,0.0014994375000000214,0.9999999999999675,False,False,False,False
GENTLE_LIKE,self_fund_win,1.0,6405749.942737557,1601.4374856843892,2,6378897.928665093,7824612.341913187,False,0.0,9605.02167976337,0.0,3.128661774098873e-10,9605.021679763682,0.0,6405749.942737557,9605.021679763682,2.4012554199409206,0.0014994375000000214,0.9999999999999675,False,False,False,False
GENTLE_LIKE,self_fund_win,1.0,6405749.942737557,1601.4374856843892,3,6378897.928665093,6390336.942031985,False,0.0,9605.02167976337,0.0,3.128661774098873e-10,9605.021679763682,0.0,6405749.942737557,9605.021679763682,2.4012554199409206,0.0014994375000000214,0.9999999999999675,False,False,False,False
GENTLE_LIKE,self_fund_win,1.0,6405749.942737557,1601.4374856843892,4,6378897.928665093,6300402.789752667,True,0.0,9605.02167976337,0.0,3.128661774098873e-10,9605.021679763682,0.0,6405749.942737557,9605.021679763682,2.4012554199409206,0.0014994375000000214,0.9999999999999675,True,True,False,True
GENTLE_LIKE,self_fund_win,1.0,6405749.942737557,1601.4374856843892,5,6378897.928665093,6478149.995153125,False,0.0,9605.02167976337,0.0,3.128661774098873e-10,9605.021679763682,0.0,6405749.942737557,9605.021679763682,2.4012554199409206,0.0014994375000000214,0.9999999999999675,False,False,False,False
GENTLE_LIKE,self_fund_win,1.0,6405749.942737557,1601.4374856843892,6,6378897.928665093,6046737.843073951,True,0.0,9605.02167976337,0.0,3.128661774098873e-10,9605.021679763682,0.0,6405749.942737557,9605.021679763682,2.4012554199409206,0.0014994375000000214,0.9999999999999675,True,True,False,True
GENTLE_LIKE,self_fund_win,1.0,6405749.942737557,1601.4374856843892,7,6378897.928665093,6183479.908828359,True,0.0,9605.02167976337,0.0,3.128661774098873e-10,9605.021679763682,0.0,6405749.942737557,9605.021679763682,2.4012554199409206,0.0014994375000000214,0.9999999999999675,True,True,False,True
GENTLE_LIKE,self_fund_win,1.0,6405749.942737557,1601.4374856843892,8,6378897.928665093,5853607.728032484,True,0.0,9605.02167976337,0.0,3.128661774098873e-10,9605.021679763682,0.0,6405749.942737557,9605.021679763682,2.4012554199409206,0.0014994375000000214,0.9999999999999675,True,True,False,True
GENTLE_LIKE,self_fund_win,1.0,6405749.942737557,1601.4374856843892,9,6378897.928665093,6203964.337779962,True,0.0,9605.02167976337,0.0,3.128661774098873e-10,9605.021679763682,0.0,6405749.942737557,9605.021679763682,2.4012554199409206,0.0014994375000000214,0.9999999999999675,True,True,False,True
GENTLE_LIKE,self_fund_win,1.0,6405749.942737557,1601.4374856843892,10,6378897.928665093,6459918.424776984,False,0.0,9605.02167976337,0.0,3.128661774098873e-10,9605.021679763682,0.0,6405749.942737557,9605.021679763682,2.4012554199409206,0.0014994375000000214,0.9999999999999675,False,False,False,False
GENTLE_LIKE,self_fund_win,1.0,6405749.942737557,1601.4374856843892,11,6378897.928665093,5736862.246103254,True,0.0,9605.02167976337,0.0,3.128661774098873e-10,9605.021679763682,0.0,6405749.942737557,9605.021679763682,2.4012554199409206,0.0014994375000000214,0.9999999999999675,True,True,False,True
GENTLE_LIKE,self_fund_win,1.0,6405749.942737557,1601.4374856843892,12,6378897.928665093,6314647.801224402,True,0.0,9605.02167976337,0.0,3.128661774098873e-10,9605.021679763682,0.0,6405749.942737557,9605.021679763682,2.4012554199409206,0.0014994375000000214,0.9999999999999675,True,True,False,True
GENTLE_LIKE,self_fund_win,1.0,6405749.942737557,1601.4374856843892,13,6378897.928665093,6090615.675500869,True,0.0,9605.02167976337,0.0,3.128661774098873e-10,9605.021679763682,0.0,6405749.942737557,9605.021679763682,2.4012554199409206,0.0014994375000000214,0.9999999999999675,True,True,False,True
GENTLE_LIKE,self_fund_win,1.0,6405749.942737557,1601.4374856843892,14,6378897.928665093,6130387.041314269,True,0.0,9605.02167976337,0.0,3.128661774098873e-10,9605.021679763682,0.0,6405749.942737557,9605.021679763682,2.4012554199409206,0.0014994375000000214,0.9999999999999675,True,True,False,True
GENTLE_LIKE,self_fund_win,1.0,6405749.942737557,1601.4374856843892,15,6378897.928665093,6562080.224155825,False,0.0,9605.02167976337,0.0,3.128661774098873e-10,9605.021679763682,0.0,6405749.942737557,9605.021679763682,2.4012554199409206,0.0014994375000000214,0.9999999999999675,False,False,False,False
GENTLE_LIKE,self_fund_win,1.0,6405749.942737557,1601.4374856843892,16,6378897.928665093,6613831.4264572505,False,0.0,9605.02167976337,0.0,3.128661774098873e-10,9605.021679763682,0.0,6405749.942737557,9605.021679763682,2.4012554199409206,0.0014994375000000214,0.9999999999999675,False,False,False,False
GENTLE_LIKE,self_fund_win,1.0,6405749.942737557,1601.4374856843892,17,6378897.928665093,6507096.048928079,False,0.0,9605.02167976337,0.0,3.128661774098873e-10,9605.021679763682,0.0,6405749.942737557,9605.021679763682,2.4012554199409206,0.0014994375000000214,0.9999999999999675,False,False,False,False
GENTLE_LIKE,self_fund_win,1.0,6405749.942737557,1601.4374856843892,18,6378897.928665093,6447032.640872699,False,0.0,9605.02167976337,0.0,3.128661774098873e-10,9605.021679763682,0.0,6405749.942737557,9605.021679763682,2.4012554199409206,0.0014994375000000214,0.9999999999999675,False,False,False,False
GENTLE_LIKE,self_fund_win,1.0,6405749.942737557,1601.4374856843892,19,6378897.928665093,7793158.476663664,False,0.0,9605.02167976337,0.0,3.128661774098873e-10,9605.021679763682,0.0,6405749.942737557,9605.021679763682,2.4012554199409206,0.0014994375000000214,0.9999999999999675,False,False,False,False
GENTLE_LIKE,self_fund_win,1.0,6405749.942737557,1601.4374856843892,20,6378897.928665093,6729031.600500395,False,0.0,9605.02167976337,0.0,3.128661774098873e-10,9605.021679763682,0.0,6405749.942737557,9605.021679763682,2.4012554199409206,0.0014994375000000214,0.9999999999999675,False,False,False,False
GENTLE_LIKE,self_fund_win,1.0,6405749.942737557,1601.4374856843892,21,6378897.928665093,5869475.743852601,True,0.0,9605.02167976337,0.0,3.128661774098873e-10,9605.021679763682,0.0,6405749.942737557,9605.021679763682,2.4012554199409206,0.0014994375000000214,0.9999999999999675,True,True,False,True
GENTLE_LIKE,self_fund_win,1.0,6405749.942737557,1601.4374856843892,22,6378897.928665093,5301145.382165388,True,0.0,9605.02167976337,0.0,3.128661774098873e-10,9605.021679763682,0.0,6405749.942737557,9605.021679763682,2.4012554199409206,0.0014994375000000214,0.9999999999999675,True,True,False,True
GENTLE_LIKE,self_fund_win,1.0,6405749.942737557,1601.4374856843892,23,6378897.928665093,7080809.171080483,False,0.0,9605.02167976337,0.0,3.128661774098873e-10,9605.021679763682,0.0,6405749.942737557,9605.021679763682,2.4012554199409206,0.0014994375000000214,0.9999999999999675,False,False,False,False
GENTLE_LIKE,self_fund_win,1.0,6405749.942737557,1601.4374856843892,24,6378897.928665093,6933911.029812997,False,0.0,9605.02167976337,0.0,3.128661774098873e-10,9605.021679763682,0.0,6405749.942737557,9605.021679763682,2.4012554199409206,0.0014994375000000214,0.9999999999999675,False,False,False,False
GENTLE_LIKE,self_fund_win,1.0,6405749.942737557,1601.4374856843892,25,6378897.928665093,6771116.5111326305,False,0.0,9605.02167976337,0.0,3.128661774098873e-10,9605.021679763682,0.0,6405749.942737557,9605.021679763682,2.4012554199409206,0.0014994375000000214,0.9999999999999675,False,False,False,False
GENTLE_LIKE,self_fund_win,1.0,6405749.942737557,1601.4374856843892,26,6378897.928665093,6311998.510802256,True,0.0,9605.02167976337,0.0,3.128661774098873e-10,9605.021679763682,0.0,6405749.942737557,9605.021679763682,2.4012554199409206,0.0014994375000000214,0.9999999999999675,True,True,False,True
GENTLE_LIKE,self_fund_win,1.0,6405749.942737557,1601.4374856843892,27,6378897.928665093,7011958.471757112,False,0.0,9605.02167976337,0.0,3.128661774098873e-10,9605.021679763682,0.0,6405749.942737557,9605.021679763682,2.4012554199409206,0.0014994375000000214,0.9999999999999675,False,False,False,False
GENTLE_LIKE,self_fund_win,1.0,6405749.942737557,1601.4374856843892,28,6378897.928665093,7591191.821343655,False,0.0,9605.02167976337,0.0,3.128661774098873e-10,9605.021679763682,0.0,6405749.942737557,9605.021679763682,2.4012554199409206,0.0014994375000000214,0.9999999999999675,False,False,False,False
GENTLE_LIKE,self_fund_win,1.0,6405749.942737557,1601.4374856843892,29,6378897.928665093,5968596.249958899,True,0.0,9605.02167976337,0.0,3.128661774098873e-10,9605.021679763682,0.0,6405749.942737557,9605.021679763682,2.4012554199409206,0.0014994375000000214,0.9999999999999675,True,True,False,True
GENTLE_LIKE,self_fund_win,1.0,6405749.942737557,1601.4374856843892,30,6378897.928665093,5593362.611724254,True,0.0,9605.02167976337,0.0,3.128661774098873e-10,9605.021679763682,0.0,6405749.942737557,9605.021679763682,2.4012554199409206,0.0014994375000000214,0.9999999999999675,True,True,False,True
GENTLE_LIKE,self_fund_win,1.0,6405749.942737557,1601.4374856843892,31,6378897.928665093,6259129.528024495,True,0.0,9605.02167976337,0.0,3.128661774098873e-10,9605.021679763682,0.0,6405749.942737557,9605.021679763682,2.4012554199409206,0.0014994375000000214,0.9999999999999675,True,True,False,True
GENTLE_LIKE,self_fund_win,1.0,6405749.942737557,1601.4374856843892,32,6378897.928665093,5662555.467920318,True,0.0,9605.02167976337,0.0,3.128661774098873e-10,9605.021679763682,0.0,6405749.942737557,9605.021679763682,2.4012554199409206,0.0014994375000000214,0.9999999999999675,True,True,False,True
GENTLE_LIKE,self_fund_win,1.0,6405749.942737557,1601.4374856843892,33,6378897.928665093,6817408.587153276,False,0.0,9605.02167976337,0.0,3.128661774098873e-10,9605.021679763682,0.0,6405749.942737557,9605.021679763682,2.4012554199409206,0.0014994375000000214,0.9999999999999675,False,False,False,False
GENTLE_LIKE,self_fund_win,1.0,6405749.942737557,1601.4374856843892,34,6378897.928665093,5689252.58278675,True,0.0,9605.02167976337,0.0,3.128661774098873e-10,9605.021679763682,0.0,6405749.942737557,9605.021679763682,2.4012554199409206,0.0014994375000000214,0.9999999999999675,True,True,False,True
GENTLE_LIKE,self_fund_win,1.0,6405749.942737557,1601.4374856843892,35,6378897.928665093,6826826.513955764,False,0.0,9605.02167976337,0.0,3.128661774098873e-10,9605.021679763682,0.0,6405749.942737557,9605.021679763682,2.4012554199409206,0.0014994375000000214,0.9999999999999675,False,False,False,False
GENTLE_LIKE,self_fund_win,1.0,6405749.942737557,1601.4374856843892,36,6378897.928665093,6161820.143826282,True,0.0,9605.02167976337,0.0,3.128661774098873e-10,9605.021679763682,0.0,6405749.942737557,9605.021679763682,2.4012554199409206,0.0014994375000000214,0.9999999999999675,True,True,False,True
GENTLE_LIKE,self_fund_win,1.0,6405749.942737557,1601.4374856843892,37,6378897.928665093,7553652.872489345,False,0.0,9605.02167976337,0.0,3.128661774098873e-10,9605.021679763682,0.0,6405749.942737557,9605.021679763682,2.4012554199409206,0.0014994375000000214,0.9999999999999675,False,False,False,False
GENTLE_LIKE,self_fund_win,1.0,6405749.942737557,1601.4374856843892,38,6378897.928665093,6795582.315052433,False,0.0,9605.02167976337,0.0,3.128661774098873e-10,9605.021679763682,0.0,6405749.942737557,9605.021679763682,2.4012554199409206,0.0014994375000000214,0.9999999999999675,False,False,False,False
GENTLE_LIKE,self_fund_win,1.0,6405749.942737557,1601.4374856843892,39,6378897.928665093,6572115.287695461,False,0.0,9605.02167976337,0.0,3.128661774098873e-10,9605.021679763682,0.0,6405749.942737557,9605.021679763682,2.4012554199409206,0.0014994375000000214,0.9999999999999675,False,False,False,False
GENTLE_LIKE,self_fund_win,2.0,12811499.885475114,3202.8749713687785,0,12757795.857330186,6938837.455301695,True,0.0,19210.04335952674,0.0,6.257323548197746e-10,19210.043359527364,0.0,12811499.885475114,19210.043359527364,4.802510839881841,0.0014994375000000214,0.9999999999999675,True,True,True,True
GENTLE_LIKE,self_fund_win,2.0,12811499.885475114,3202.8749713687785,1,12757795.857330186,7003423.644258455,True,0.0,19210.04335952674,0.0,6.257323548197746e-10,19210.043359527364,0.0,12811499.885475114,19210.043359527364,4.802510839881841,0.0014994375000000214,0.9999999999999675,True,True,True,True
GENTLE_LIKE,self_fund_win,2.0,12811499.885475114,3202.8749713687785,2,12757795.857330186,6616125.950118805,True,0.0,19210.04335952674,0.0,6.257323548197746e-10,19210.043359527364,0.0,12811499.885475114,19210.043359527364,4.802510839881841,0.0014994375000000214,0.9999999999999675,True,True,True,True
GENTLE_LIKE,self_fund_win,2.0,12811499.885475114,3202.8749713687785,3,12757795.857330186,6323450.8585737385,True,0.0,19210.04335952674,0.0,6.257323548197746e-10,19210.043359527364,0.0,12811499.885475114,19210.043359527364,4.802510839881841,0.0014994375000000214,0.9999999999999675,True,True,True,True
GENTLE_LIKE,self_fund_win,2.0,12811499.885475114,3202.8749713687785,4,12757795.857330186,6750336.612419592,True,0.0,19210.04335952674,0.0,6.257323548197746e-10,19210.043359527364,0.0,12811499.885475114,19210.043359527364,4.802510839881841,0.0014994375000000214,0.9999999999999675,True,True,True,True
GENTLE_LIKE,self_fund_win,2.0,12811499.885475114,3202.8749713687785,5,12757795.857330186,6470781.289387274,True,0.0,19210.04335952674,0.0,6.257323548197746e-10,19210.043359527364,0.0,12811499.885475114,19210.043359527364,4.802510839881841,0.0014994375000000214,0.9999999999999675,True,True,True,True
GENTLE_LIKE,self_fund_win,2.0,12811499.885475114,3202.8749713687785,6,12757795.857330186,6335491.764191203,True,0.0,19210.04335952674,0.0,6.257323548197746e-10,19210.043359527364,0.0,12811499.885475114,19210.043359527364,4.802510839881841,0.0014994375000000214,0.9999999999999675,True,True,True,True
GENTLE_LIKE,self_fund_win,2.0,12811499.885475114,3202.8749713687785,7,12757795.857330186,7967171.210428262,True,0.0,19210.04335952674,0.0,6.257323548197746e-10,19210.043359527364,0.0,12811499.885475114,19210.043359527364,4.802510839881841,0.0014994375000000214,0.9999999999999675,True,True,True,True
GENTLE_LIKE,self_fund_win,2.0,12811499.885475114,3202.8749713687785,8,12757795.857330186,6320444.941371981,True,0.0,19210.04335952674,0.0,6.257323548197746e-10,19210.043359527364,0.0,12811499.885475114,19210.043359527364,4.802510839881841,0.0014994375000000214,0.9999999999999675,True,True,True,True
GENTLE_LIKE,self_fund_win,2.0,12811499.885475114,3202.8749713687785,9,12757795.857330186,5478254.217095833,True,0.0,19210.04335952674,0.0,6.257323548197746e-10,19210.043359527364,0.0,12811499.885475114,19210.043359527364,4.802510839881841,0.0014994375000000214,0.9999999999999675,True,True,True,True
GENTLE_LIKE,self_fund_win,2.0,12811499.885475114,3202.8749713687785,10,12757795.857330186,5933078.217586593,True,0.0,19210.04335952674,0.0,6.257323548197746e-10,19210.043359527364,0.0,12811499.885475114,19210.043359527364,4.802510839881841,0.0014994375000000214,0.9999999999999675,True,True,True,True
GENTLE_LIKE,self_fund_win,2.0,12811499.885475114,3202.8749713687785,11,12757795.857330186,6682473.159514487,True,0.0,19210.04335952674,0.0,6.257323548197746e-10,19210.043359527364,0.0,12811499.885475114,19210.043359527364,4.802510839881841,0.0014994375000000214,0.9999999999999675,True,True,True,True
GENTLE_LIKE,self_fund_win,2.0,12811499.885475114,3202.8749713687785,12,12757795.857330186,6453121.483132765,True,0.0,19210.04335952674,0.0,6.257323548197746e-10,19210.043359527364,0.0,12811499.885475114,19210.043359527364,4.802510839881841,0.0014994375000000214,0.9999999999999675,True,True,True,True
GENTLE_LIKE,self_fund_win,2.0,12811499.885475114,3202.8749713687785,13,12757795.857330186,6414574.585054377,True,0.0,19210.04335952674,0.0,6.257323548197746e-10,19210.043359527364,0.0,12811499.885475114,19210.043359527364,4.802510839881841,0.0014994375000000214,0.9999999999999675,True,True,True,True
GENTLE_LIKE,self_fund_win,2.0,12811499.885475114,3202.8749713687785,14,12757795.857330186,6978586.539294655,True,0.0,19210.04335952674,0.0,6.257323548197746e-10,19210.043359527364,0.0,12811499.885475114,19210.043359527364,4.802510839881841,0.0014994375000000214,0.9999999999999675,True,True,True,True
GENTLE_LIKE,self_fund_win,2.0,12811499.885475114,3202.8749713687785,15,12757795.857330186,6224304.167502722,True,0.0,19210.04335952674,0.0,6.257323548197746e-10,19210.043359527364,0.0,12811499.885475114,19210.043359527364,4.802510839881841,0.0014994375000000214,0.9999999999999675,True,True,True,True
GENTLE_LIKE,self_fund_win,2.0,12811499.885475114,3202.8749713687785,16,12757795.857330186,6417435.872947111,True,0.0,19210.04335952674,0.0,6.257323548197746e-10,19210.043359527364,0.0,12811499.885475114,19210.043359527364,4.802510839881841,0.0014994375000000214,0.9999999999999675,True,True,True,True
GENTLE_LIKE,self_fund_win,2.0,12811499.885475114,3202.8749713687785,17,12757795.857330186,6781434.122190927,True,0.0,19210.04335952674,0.0,6.257323548197746e-10,19210.043359527364,0.0,12811499.885475114,19210.043359527364,4.802510839881841,0.0014994375000000214,0.9999999999999675,True,True,True,True
GENTLE_LIKE,self_fund_win,2.0,12811499.885475114,3202.8749713687785,18,12757795.857330186,6706332.61849063,True,0.0,19210.04335952674,0.0,6.257323548197746e-10,19210.043359527364,0.0,12811499.885475114,19210.043359527364,4.802510839881841,0.0014994375000000214,0.9999999999999675,True,True,True,True
GENTLE_LIKE,self_fund_win,2.0,12811499.885475114,3202.8749713687785,19,12757795.857330186,6391264.948200097,True,0.0,19210.04335952674,0.0,6.257323548197746e-10,19210.043359527364,0.0,12811499.885475114,19210.043359527364,4.802510839881841,0.0014994375000000214,0.9999999999999675,True,True,True,True
GENTLE_LIKE,self_fund_win,2.0,12811499.885475114,3202.8749713687785,20,12757795.857330186,6520063.779024431,True,0.0,19210.04335952674,0.0,6.257323548197746e-10,19210.043359527364,0.0,12811499.885475114,19210.043359527364,4.802510839881841,0.0014994375000000214,0.9999999999999675,True,True,True,True
GENTLE_LIKE,self_fund_win,2.0,12811499.885475114,3202.8749713687785,21,12757795.857330186,6538402.062066841,True,0.0,19210.04335952674,0.0,6.257323548197746e-10,19210.043359527364,0.0,12811499.885475114,19210.043359527364,4.802510839881841,0.0014994375000000214,0.9999999999999675,True,True,True,True
GENTLE_LIKE,self_fund_win,2.0,12811499.885475114,3202.8749713687785,22,12757795.857330186,7154772.038512096,True,0.0,19210.04335952674,0.0,6.257323548197746e-10,19210.043359527364,0.0,12811499.885475114,19210.043359527364,4.802510839881841,0.0014994375000000214,0.9999999999999675,True,True,True,True
GENTLE_LIKE,self_fund_win,2.0,12811499.885475114,3202.8749713687785,23,12757795.857330186,6184008.942964918,True,0.0,19210.04335952674,0.0,6.257323548197746e-10,19210.043359527364,0.0,12811499.885475114,19210.043359527364,4.802510839881841,0.0014994375000000214,0.9999999999999675,True,True,True,True
GENTLE_LIKE,self_fund_win,2.0,12811499.885475114,3202.8749713687785,24,12757795.857330186,6047546.65972187,True,0.0,19210.04335952674,0.0,6.257323548197746e-10,19210.043359527364,0.0,12811499.885475114,19210.043359527364,4.802510839881841,0.0014994375000000214,0.9999999999999675,True,True,True,True
GENTLE_LIKE,self_fund_win,2.0,12811499.885475114,3202.8749713687785,25,12757795.857330186,7920701.449860656,True,0.0,19210.04335952674,0.0,6.257323548197746e-10,19210.043359527364,0.0,12811499.885475114,19210.043359527364,4.802510839881841,0.0014994375000000214,0.9999999999999675,True,True,True,True
GENTLE_LIKE,self_fund_win,2.0,12811499.885475114,3202.8749713687785,26,12757795.857330186,6936502.768745314,True,0.0,19210.04335952674,0.0,6.257323548197746e-10,19210.043359527364,0.0,12811499.885475114,19210.043359527364,4.802510839881841,0.0014994375000000214,0.9999999999999675,True,True,True,True
GENTLE_LIKE,self_fund_win,2.0,12811499.885475114,3202.8749713687785,27,12757795.857330186,6819897.482328859,True,0.0,19210.04335952674,0.0,6.257323548197746e-10,19210.043359527364,0.0,12811499.885475114,19210.043359527364,4.802510839881841,0.0014994375000000214,0.9999999999999675,True,True,True,True
GENTLE_LIKE,self_fund_win,2.0,12811499.885475114,3202.8749713687785,28,12757795.857330186,6325647.160517116,True,0.0,19210.04335952674,0.0,6.257323548197746e-10,19210.043359527364,0.0,12811499.885475114,19210.043359527364,4.802510839881841,0.0014994375000000214,0.9999999999999675,True,True,True,True
GENTLE_LIKE,self_fund_win,2.0,12811499.885475114,3202.8749713687785,29,12757795.857330186,6783534.267411567,True,0.0,19210.04335952674,0.0,6.257323548197746e-10,19210.043359527364,0.0,12811499.885475114,19210.043359527364,4.802510839881841,0.0014994375000000214,0.9999999999999675,True,True,True,True
GENTLE_LIKE,self_fund_win,2.0,12811499.885475114,3202.8749713687785,30,12757795.857330186,7823512.97080978,True,0.0,19210.04335952674,0.0,6.257323548197746e-10,19210.043359527364,0.0,12811499.885475114,19210.043359527364,4.802510839881841,0.0014994375000000214,0.9999999999999675,True,True,True,True
GENTLE_LIKE,self_fund_win,2.0,12811499.885475114,3202.8749713687785,31,12757795.857330186,6561722.079192416,True,0.0,19210.04335952674,0.0,6.257323548197746e-10,19210.043359527364,0.0,12811499.885475114,19210.043359527364,4.802510839881841,0.0014994375000000214,0.9999999999999675,True,True,True,True
GENTLE_LIKE,self_fund_win,2.0,12811499.885475114,3202.8749713687785,32,12757795.857330186,6339763.538885573,True,0.0,19210.04335952674,0.0,6.257323548197746e-10,19210.043359527364,0.0,12811499.885475114,19210.043359527364,4.802510839881841,0.0014994375000000214,0.9999999999999675,True,True,True,True
GENTLE_LIKE,self_fund_win,2.0,12811499.885475114,3202.8749713687785,33,12757795.857330186,6587876.021580527,True,0.0,19210.04335952674,0.0,6.257323548197746e-10,19210.043359527364,0.0,12811499.885475114,19210.043359527364,4.802510839881841,0.0014994375000000214,0.9999999999999675,True,True,True,True
GENTLE_LIKE,self_fund_win,2.0,12811499.885475114,3202.8749713687785,34,12757795.857330186,5907893.111393332,True,0.0,19210.04335952674,0.0,6.257323548197746e-10,19210.043359527364,0.0,12811499.885475114,19210.043359527364,4.802510839881841,0.0014994375000000214,0.9999999999999675,True,True,True,True
GENTLE_LIKE,self_fund_win,2.0,12811499.885475114,3202.8749713687785,35,12757795.857330186,7004635.9808880845,True,0.0,19210.04335952674,0.0,6.257323548197746e-10,19210.043359527364,0.0,12811499.885475114,19210.043359527364,4.802510839881841,0.0014994375000000214,0.9999999999999675,True,True,True,True
GENTLE_LIKE,self_fund_win,2.0,12811499.885475114,3202.8749713687785,36,12757795.857330186,7626970.846728503,True,0.0,19210.04335952674,0.0,6.257323548197746e-10,19210.043359527364,0.0,12811499.885475114,19210.043359527364,4.802510839881841,0.0014994375000000214,0.9999999999999675,True,True,True,True
GENTLE_LIKE,self_fund_win,2.0,12811499.885475114,3202.8749713687785,37,12757795.857330186,6498855.647583747,True,0.0,19210.04335952674,0.0,6.257323548197746e-10,19210.043359527364,0.0,12811499.885475114,19210.043359527364,4.802510839881841,0.0014994375000000214,0.9999999999999675,True,True,True,True
GENTLE_LIKE,self_fund_win,2.0,12811499.885475114,3202.8749713687785,38,12757795.857330186,7081394.326680488,True,0.0,19210.04335952674,0.0,6.257323548197746e-10,19210.043359527364,0.0,12811499.885475114,19210.043359527364,4.802510839881841,0.0014994375000000214,0.9999999999999675,True,True,True,True
GENTLE_LIKE,self_fund_win,2.0,12811499.885475114,3202.8749713687785,39,12757795.857330186,5993996.166495618,True,0.0,19210.04335952674,0.0,6.257323548197746e-10,19210.043359527364,0.0,12811499.885475114,19210.043359527364,4.802510839881841,0.0014994375000000214,0.9999999999999675,True,True,True,True
GENTLE_LIKE,self_fund_win,5.0,32028749.713687785,8007.187428421947,0,31894489.643325463,6348715.693805165,True,0.0,48025.1083988187,0.0,2.5029294192790985e-09,48025.108398821205,0.0,32028749.713687785,48025.108398821205,12.0062770997053,0.0014994375000001085,0.9999999999999479,True,True,True,True
GENTLE_LIKE,self_fund_win,5.0,32028749.713687785,8007.187428421947,1,31894489.643325463,6014142.849484248,True,0.0,48025.1083988187,0.0,2.5029294192790985e-09,48025.108398821205,0.0,32028749.713687785,48025.108398821205,12.0062770997053,0.0014994375000001085,0.9999999999999479,True,True,True,True
GENTLE_LIKE,self_fund_win,5.0,32028749.713687785,8007.187428421947,2,31894489.643325463,6310964.767832661,True,0.0,48025.1083988187,0.0,2.5029294192790985e-09,48025.108398821205,0.0,32028749.713687785,48025.108398821205,12.0062770997053,0.0014994375000001085,0.9999999999999479,True,True,True,True
GENTLE_LIKE,self_fund_win,5.0,32028749.713687785,8007.187428421947,3,31894489.643325463,6598598.518195926,True,0.0,48025.1083988187,0.0,2.5029294192790985e-09,48025.108398821205,0.0,32028749.713687785,48025.108398821205,12.0062770997053,0.0014994375000001085,0.9999999999999479,True,True,True,True
GENTLE_LIKE,self_fund_win,5.0,32028749.713687785,8007.187428421947,4,31894489.643325463,6586319.913823119,True,0.0,48025.1083988187,0.0,2.5029294192790985e-09,48025.108398821205,0.0,32028749.713687785,48025.108398821205,12.0062770997053,0.0014994375000001085,0.9999999999999479,True,True,True,True
GENTLE_LIKE,self_fund_win,5.0,32028749.713687785,8007.187428421947,5,31894489.643325463,7905716.529431065,True,0.0,48025.1083988187,0.0,2.5029294192790985e-09,48025.108398821205,0.0,32028749.713687785,48025.108398821205,12.0062770997053,0.0014994375000001085,0.9999999999999479,True,True,True,True
GENTLE_LIKE,self_fund_win,5.0,32028749.713687785,8007.187428421947,6,31894489.643325463,6868299.477086236,True,0.0,48025.1083988187,0.0,2.5029294192790985e-09,48025.108398821205,0.0,32028749.713687785,48025.108398821205,12.0062770997053,0.0014994375000001085,0.9999999999999479,True,True,True,True
GENTLE_LIKE,self_fund_win,5.0,32028749.713687785,8007.187428421947,7,31894489.643325463,5519580.902534752,True,0.0,48025.1083988187,0.0,2.5029294192790985e-09,48025.108398821205,0.0,32028749.713687785,48025.108398821205,12.0062770997053,0.0014994375000001085,0.9999999999999479,True,True,True,True
GENTLE_LIKE,self_fund_win,5.0,32028749.713687785,8007.187428421947,8,31894489.643325463,6045174.589999722,True,0.0,48025.1083988187,0.0,2.5029294192790985e-09,48025.108398821205,0.0,32028749.713687785,48025.108398821205,12.0062770997053,0.0014994375000001085,0.9999999999999479,True,True,True,True
GENTLE_LIKE,self_fund_win,5.0,32028749.713687785,8007.187428421947,9,31894489.643325463,7265929.298320872,True,0.0,48025.1083988187,0.0,2.5029294192790985e-09,48025.108398821205,0.0,32028749.713687785,48025.108398821205,12.0062770997053,0.0014994375000001085,0.9999999999999479,True,True,True,True
GENTLE_LIKE,self_fund_win,5.0,32028749.713687785,8007.187428421947,10,31894489.643325463,6589410.417358,True,0.0,48025.1083988187,0.0,2.5029294192790985e-09,48025.108398821205,0.0,32028749.713687785,48025.108398821205,12.0062770997053,0.0014994375000001085,0.9999999999999479,True,True,True,True
GENTLE_LIKE,self_fund_win,5.0,32028749.713687785,8007.187428421947,11,31894489.643325463,7877754.379844964,True,0.0,48025.1083988187,0.0,2.5029294192790985e-09,48025.108398821205,0.0,32028749.713687785,48025.108398821205,12.0062770997053,0.0014994375000001085,0.9999999999999479,True,True,True,True
GENTLE_LIKE,self_fund_win,5.0,32028749.713687785,8007.187428421947,12,31894489.643325463,5849471.184672191,True,0.0,48025.1083988187,0.0,2.5029294192790985e-09,48025.108398821205,0.0,32028749.713687785,48025.108398821205,12.0062770997053,0.0014994375000001085,0.9999999999999479,True,True,True,True
GENTLE_LIKE,self_fund_win,5.0,32028749.713687785,8007.187428421947,13,31894489.643325463,5718107.83248501,True,0.0,48025.1083988187,0.0,2.5029294192790985e-09,48025.108398821205,0.0,32028749.713687785,48025.108398821205,12.0062770997053,0.0014994375000001085,0.9999999999999479,True,True,True,True
GENTLE_LIKE,self_fund_win,5.0,32028749.713687785,8007.187428421947,14,31894489.643325463,6924242.3764292095,True,0.0,48025.1083988187,0.0,2.5029294192790985e-09,48025.108398821205,0.0,32028749.713687785,48025.108398821205,12.0062770997053,0.0014994375000001085,0.9999999999999479,True,True,True,True
GENTLE_LIKE,self_fund_win,5.0,32028749.713687785,8007.187428421947,15,31894489.643325463,5847833.971769658,True,0.0,48025.1083988187,0.0,2.5029294192790985e-09,48025.108398821205,0.0,32028749.713687785,48025.108398821205,12.0062770997053,0.0014994375000001085,0.9999999999999479,True,True,True,True
GENTLE_LIKE,self_fund_win,5.0,32028749.713687785,8007.187428421947,16,31894489.643325463,6340042.172865334,True,0.0,48025.1083988187,0.0,2.5029294192790985e-09,48025.108398821205,0.0,32028749.713687785,48025.108398821205,12.0062770997053,0.0014994375000001085,0.9999999999999479,True,True,True,True
GENTLE_LIKE,self_fund_win,5.0,32028749.713687785,8007.187428421947,17,31894489.643325463,5387488.593058983,True,0.0,48025.1083988187,0.0,2.5029294192790985e-09,48025.108398821205,0.0,32028749.713687785,48025.108398821205,12.0062770997053,0.0014994375000001085,0.9999999999999479,True,True,True,True
GENTLE_LIKE,self_fund_win,5.0,32028749.713687785,8007.187428421947,18,31894489.643325463,6765374.462647613,True,0.0,48025.1083988187,0.0,2.5029294192790985e-09,48025.108398821205,0.0,32028749.713687785,48025.108398821205,12.0062770997053,0.0014994375000001085,0.9999999999999479,True,True,True,True
GENTLE_LIKE,self_fund_win,5.0,32028749.713687785,8007.187428421947,19,31894489.643325463,6672250.245331847,True,0.0,48025.1083988187,0.0,2.5029294192790985e-09,48025.108398821205,0.0,32028749.713687785,48025.108398821205,12.0062770997053,0.0014994375000001085,0.9999999999999479,True,True,True,True
GENTLE_LIKE,self_fund_win,5.0,32028749.713687785,8007.187428421947,20,31894489.643325463,5966533.699544485,True,0.0,48025.1083988187,0.0,2.5029294192790985e-09,48025.108398821205,0.0,32028749.713687785,48025.108398821205,12.0062770997053,0.0014994375000001085,0.9999999999999479,True,True,True,True
GENTLE_LIKE,self_fund_win,5.0,32028749.713687785,8007.187428421947,21,31894489.643325463,6729598.220579269,True,0.0,48025.1083988187,0.0,2.5029294192790985e-09,48025.108398821205,0.0,32028749.713687785,48025.108398821205,12.0062770997053,0.0014994375000001085,0.9999999999999479,True,True,True,True
GENTLE_LIKE,self_fund_win,5.0,32028749.713687785,8007.187428421947,22,31894489.643325463,6412366.265313365,True,0.0,48025.1083988187,0.0,2.5029294192790985e-09,48025.108398821205,0.0,32028749.713687785,48025.108398821205,12.0062770997053,0.0014994375000001085,0.9999999999999479,True,True,True,True
GENTLE_LIKE,self_fund_win,5.0,32028749.713687785,8007.187428421947,23,31894489.643325463,6077438.376783679,True,0.0,48025.1083988187,0.0,2.5029294192790985e-09,48025.108398821205,0.0,32028749.713687785,48025.108398821205,12.0062770997053,0.0014994375000001085,0.9999999999999479,True,True,True,True
GENTLE_LIKE,self_fund_win,5.0,32028749.713687785,8007.187428421947,24,31894489.643325463,7420922.272172935,True,0.0,48025.1083988187,0.0,2.5029294192790985e-09,48025.108398821205,0.0,32028749.713687785,48025.108398821205,12.0062770997053,0.0014994375000001085,0.9999999999999479,True,True,True,True
GENTLE_LIKE,self_fund_win,5.0,32028749.713687785,8007.187428421947,25,31894489.643325463,7282620.4204505645,True,0.0,48025.1083988187,0.0,2.5029294192790985e-09,48025.108398821205,0.0,32028749.713687785,48025.108398821205,12.0062770997053,0.0014994375000001085,0.9999999999999479,True,True,True,True
GENTLE_LIKE,self_fund_win,5.0,32028749.713687785,8007.187428421947,26,31894489.643325463,7029192.685292291,True,0.0,48025.1083988187,0.0,2.5029294192790985e-09,48025.108398821205,0.0,32028749.713687785,48025.108398821205,12.0062770997053,0.0014994375000001085,0.9999999999999479,True,True,True,True
GENTLE_LIKE,self_fund_win,5.0,32028749.713687785,8007.187428421947,27,31894489.643325463,5584334.848756899,True,0.0,48025.1083988187,0.0,2.5029294192790985e-09,48025.108398821205,0.0,32028749.713687785,48025.108398821205,12.0062770997053,0.0014994375000001085,0.9999999999999479,True,True,True,True
GENTLE_LIKE,self_fund_win,5.0,32028749.713687785,8007.187428421947,28,31894489.643325463,6859313.537541858,True,0.0,48025.1083988187,0.0,2.5029294192790985e-09,48025.108398821205,0.0,32028749.713687785,48025.108398821205,12.0062770997053,0.0014994375000001085,0.9999999999999479,True,True,True,True
GENTLE_LIKE,self_fund_win,5.0,32028749.713687785,8007.187428421947,29,31894489.643325463,7463963.84525144,True,0.0,48025.1083988187,0.0,2.5029294192790985e-09,48025.108398821205,0.0,32028749.713687785,48025.108398821205,12.0062770997053,0.0014994375000001085,0.9999999999999479,True,True,True,True
GENTLE_LIKE,self_fund_win,5.0,32028749.713687785,8007.187428421947,30,31894489.643325463,7004180.663861399,True,0.0,48025.1083988187,0.0,2.5029294192790985e-09,48025.108398821205,0.0,32028749.713687785,48025.108398821205,12.0062770997053,0.0014994375000001085,0.9999999999999479,True,True,True,True
GENTLE_LIKE,self_fund_win,5.0,32028749.713687785,8007.187428421947,31,31894489.643325463,6792346.154326563,True,0.0,48025.1083988187,0.0,2.5029294192790985e-09,48025.108398821205,0.0,32028749.713687785,48025.108398821205,12.0062770997053,0.0014994375000001085,0.9999999999999479,True,True,True,True
GENTLE_LIKE,self_fund_win,5.0,32028749.713687785,8007.187428421947,32,31894489.643325463,7275135.799865954,True,0.0,48025.1083988187,0.0,2.5029294192790985e-09,48025.108398821205,0.0,32028749.713687785,48025.108398821205,12.0062770997053,0.0014994375000001085,0.9999999999999479,True,True,True,True
GENTLE_LIKE,self_fund_win,5.0,32028749.713687785,8007.187428421947,33,31894489.643325463,6230366.993941205,True,0.0,48025.1083988187,0.0,2.5029294192790985e-09,48025.108398821205,0.0,32028749.713687785,48025.108398821205,12.0062770997053,0.0014994375000001085,0.9999999999999479,True,True,True,True
GENTLE_LIKE,self_fund_win,5.0,32028749.713687785,8007.187428421947,34,31894489.643325463,5853221.448293306,True,0.0,48025.1083988187,0.0,2.5029294192790985e-09,48025.108398821205,0.0,32028749.713687785,48025.108398821205,12.0062770997053,0.0014994375000001085,0.9999999999999479,True,True,True,True
GENTLE_LIKE,self_fund_win,5.0,32028749.713687785,8007.187428421947,35,31894489.643325463,6613320.347489888,True,0.0,48025.1083988187,0.0,2.5029294192790985e-09,48025.108398821205,0.0,32028749.713687785,48025.108398821205,12.0062770997053,0.0014994375000001085,0.9999999999999479,True,True,True,True
GENTLE_LIKE,self_fund_win,5.0,32028749.713687785,8007.187428421947,36,31894489.643325463,6429174.909637803,True,0.0,48025.1083988187,0.0,2.5029294192790985e-09,48025.108398821205,0.0,32028749.713687785,48025.108398821205,12.0062770997053,0.0014994375000001085,0.9999999999999479,True,True,True,True
GENTLE_LIKE,self_fund_win,5.0,32028749.713687785,8007.187428421947,37,31894489.643325463,6445045.303700815,True,0.0,48025.1083988187,0.0,2.5029294192790985e-09,48025.108398821205,0.0,32028749.713687785,48025.108398821205,12.0062770997053,0.0014994375000001085,0.9999999999999479,True,True,True,True
GENTLE_LIKE,self_fund_win,5.0,32028749.713687785,8007.187428421947,38,31894489.643325463,7320369.412860198,True,0.0,48025.1083988187,0.0,2.5029294192790985e-09,48025.108398821205,0.0,32028749.713687785,48025.108398821205,12.0062770997053,0.0014994375000001085,0.9999999999999479,True,True,True,True
GENTLE_LIKE,self_fund_win,5.0,32028749.713687785,8007.187428421947,39,31894489.643325463,7290606.243521226,True,0.0,48025.1083988187,0.0,2.5029294192790985e-09,48025.108398821205,0.0,32028749.713687785,48025.108398821205,12.0062770997053,0.0014994375000001085,0.9999999999999479,True,True,True,True
GENTLE_LIKE,self_fund_win,10.0,64057499.42737557,16014.374856843893,0,63788979.286650926,6359772.218603483,True,0.0,96050.2167976374,0.0,-2.444721758365631e-09,96050.21679763496,0.0,64057499.42737557,96050.21679763496,24.01255419940874,0.0014994374999999923,1.0000000000000255,True,True,True,True
GENTLE_LIKE,self_fund_win,10.0,64057499.42737557,16014.374856843893,1,63788979.286650926,6379529.03535479,True,0.0,96050.2167976374,0.0,-2.444721758365631e-09,96050.21679763496,0.0,64057499.42737557,96050.21679763496,24.01255419940874,0.0014994374999999923,1.0000000000000255,True,True,True,True
GENTLE_LIKE,self_fund_win,10.0,64057499.42737557,16014.374856843893,2,63788979.286650926,6864401.532750252,True,0.0,96050.2167976374,0.0,-2.444721758365631e-09,96050.21679763496,0.0,64057499.42737557,96050.21679763496,24.01255419940874,0.0014994374999999923,1.0000000000000255,True,True,True,True
GENTLE_LIKE,self_fund_win,10.0,64057499.42737557,16014.374856843893,3,63788979.286650926,4787592.934531676,True,0.0,96050.2167976374,0.0,-2.444721758365631e-09,96050.21679763496,0.0,64057499.42737557,96050.21679763496,24.01255419940874,0.0014994374999999923,1.0000000000000255,True,True,True,True
GENTLE_LIKE,self_fund_win,10.0,64057499.42737557,16014.374856843893,4,63788979.286650926,6053055.856776791,True,0.0,96050.2167976374,0.0,-2.444721758365631e-09,96050.21679763496,0.0,64057499.42737557,96050.21679763496,24.01255419940874,0.0014994374999999923,1.0000000000000255,True,True,True,True
GENTLE_LIKE,self_fund_win,10.0,64057499.42737557,16014.374856843893,5,63788979.286650926,7833505.876432293,True,0.0,96050.2167976374,0.0,-2.444721758365631e-09,96050.21679763496,0.0,64057499.42737557,96050.21679763496,24.01255419940874,0.0014994374999999923,1.0000000000000255,True,True,True,True
GENTLE_LIKE,self_fund_win,10.0,64057499.42737557,16014.374856843893,6,63788979.286650926,6167939.229430951,True,0.0,96050.2167976374,0.0,-2.444721758365631e-09,96050.21679763496,0.0,64057499.42737557,96050.21679763496,24.01255419940874,0.0014994374999999923,1.0000000000000255,True,True,True,True
GENTLE_LIKE,self_fund_win,10.0,64057499.42737557,16014.374856843893,7,63788979.286650926,6269950.867842679,True,0.0,96050.2167976374,0.0,-2.444721758365631e-09,96050.21679763496,0.0,64057499.42737557,96050.21679763496,24.01255419940874,0.0014994374999999923,1.0000000000000255,True,True,True,True
GENTLE_LIKE,self_fund_win,10.0,64057499.42737557,16014.374856843893,8,63788979.286650926,5700523.003258004,True,0.0,96050.2167976374,0.0,-2.444721758365631e-09,96050.21679763496,0.0,64057499.42737557,96050.21679763496,24.01255419940874,0.0014994374999999923,1.0000000000000255,True,True,True,True
GENTLE_LIKE,self_fund_win,10.0,64057499.42737557,16014.374856843893,9,63788979.286650926,5934947.808451265,True,0.0,96050.2167976374,0.0,-2.444721758365631e-09,96050.21679763496,0.0,64057499.42737557,96050.21679763496,24.01255419940874,0.0014994374999999923,1.0000000000000255,True,True,True,True
GENTLE_LIKE,self_fund_win,10.0,64057499.42737557,16014.374856843893,10,63788979.286650926,7133860.8188260365,True,0.0,96050.2167976374,0.0,-2.444721758365631e-09,96050.21679763496,0.0,64057499.42737557,96050.21679763496,24.01255419940874,0.0014994374999999923,1.0000000000000255,True,True,True,True
GENTLE_LIKE,self_fund_win,10.0,64057499.42737557,16014.374856843893,11,63788979.286650926,6934708.059130559,True,0.0,96050.2167976374,0.0,-2.444721758365631e-09,96050.21679763496,0.0,64057499.42737557,96050.21679763496,24.01255419940874,0.0014994374999999923,1.0000000000000255,True,True,True,True
GENTLE_LIKE,self_fund_win,10.0,64057499.42737557,16014.374856843893,12,63788979.286650926,7705680.924449941,True,0.0,96050.2167976374,0.0,-2.444721758365631e-09,96050.21679763496,0.0,64057499.42737557,96050.21679763496,24.01255419940874,0.0014994374999999923,1.0000000000000255,True,True,True,True
GENTLE_LIKE,self_fund_win,10.0,64057499.42737557,16014.374856843893,13,63788979.286650926,5928079.253656887,True,0.0,96050.2167976374,0.0,-2.444721758365631e-09,96050.21679763496,0.0,64057499.42737557,96050.21679763496,24.01255419940874,0.0014994374999999923,1.0000000000000255,True,True,True,True
GENTLE_LIKE,self_fund_win,10.0,64057499.42737557,16014.374856843893,14,63788979.286650926,6947823.604504467,True,0.0,96050.2167976374,0.0,-2.444721758365631e-09,96050.21679763496,0.0,64057499.42737557,96050.21679763496,24.01255419940874,0.0014994374999999923,1.0000000000000255,True,True,True,True
GENTLE_LIKE,self_fund_win,10.0,64057499.42737557,16014.374856843893,15,63788979.286650926,6564782.747879792,True,0.0,96050.2167976374,0.0,-2.444721758365631e-09,96050.21679763496,0.0,64057499.42737557,96050.21679763496,24.01255419940874,0.0014994374999999923,1.0000000000000255,True,True,True,True
GENTLE_LIKE,self_fund_win,10.0,64057499.42737557,16014.374856843893,16,63788979.286650926,5943423.246928599,True,0.0,96050.2167976374,0.0,-2.444721758365631e-09,96050.21679763496,0.0,64057499.42737557,96050.21679763496,24.01255419940874,0.0014994374999999923,1.0000000000000255,True,True,True,True
GENTLE_LIKE,self_fund_win,10.0,64057499.42737557,16014.374856843893,17,63788979.286650926,6067886.932027338,True,0.0,96050.2167976374,0.0,-2.444721758365631e-09,96050.21679763496,0.0,64057499.42737557,96050.21679763496,24.01255419940874,0.0014994374999999923,1.0000000000000255,True,True,True,True
GENTLE_LIKE,self_fund_win,10.0,64057499.42737557,16014.374856843893,18,63788979.286650926,6096658.853739236,True,0.0,96050.2167976374,0.0,-2.444721758365631e-09,96050.21679763496,0.0,64057499.42737557,96050.21679763496,24.01255419940874,0.0014994374999999923,1.0000000000000255,True,True,True,True
GENTLE_LIKE,self_fund_win,10.0,64057499.42737557,16014.374856843893,19,63788979.286650926,7111822.830753264,True,0.0,96050.2167976374,0.0,-2.444721758365631e-09,96050.21679763496,0.0,64057499.42737557,96050.21679763496,24.01255419940874,0.0014994374999999923,1.0000000000000255,True,True,True,True
GENTLE_LIKE,self_fund_win,10.0,64057499.42737557,16014.374856843893,20,63788979.286650926,7960206.473813906,True,0.0,96050.2167976374,0.0,-2.444721758365631e-09,96050.21679763496,0.0,64057499.42737557,96050.21679763496,24.01255419940874,0.0014994374999999923,1.0000000000000255,True,True,True,True
GENTLE_LIKE,self_fund_win,10.0,64057499.42737557,16014.374856843893,21,63788979.286650926,5619154.6189213,True,0.0,96050.2167976374,0.0,-2.444721758365631e-09,96050.21679763496,0.0,64057499.42737557,96050.21679763496,24.01255419940874,0.0014994374999999923,1.0000000000000255,True,True,True,True
GENTLE_LIKE,self_fund_win,10.0,64057499.42737557,16014.374856843893,22,63788979.286650926,6308444.600042636,True,0.0,96050.2167976374,0.0,-2.444721758365631e-09,96050.21679763496,0.0,64057499.42737557,96050.21679763496,24.01255419940874,0.0014994374999999923,1.0000000000000255,True,True,True,True
GENTLE_LIKE,self_fund_win,10.0,64057499.42737557,16014.374856843893,23,63788979.286650926,5250313.393007309,True,0.0,96050.2167976374,0.0,-2.444721758365631e-09,96050.21679763496,0.0,64057499.42737557,96050.21679763496,24.01255419940874,0.0014994374999999923,1.0000000000000255,True,True,True,True
GENTLE_LIKE,self_fund_win,10.0,64057499.42737557,16014.374856843893,24,63788979.286650926,6466866.97555971,True,0.0,96050.2167976374,0.0,-2.444721758365631e-09,96050.21679763496,0.0,64057499.42737557,96050.21679763496,24.01255419940874,0.0014994374999999923,1.0000000000000255,True,True,True,True
GENTLE_LIKE,self_fund_win,10.0,64057499.42737557,16014.374856843893,25,63788979.286650926,5568671.38469137,True,0.0,96050.2167976374,0.0,-2.444721758365631e-09,96050.21679763496,0.0,64057499.42737557,96050.21679763496,24.01255419940874,0.0014994374999999923,1.0000000000000255,True,True,True,True
GENTLE_LIKE,self_fund_win,10.0,64057499.42737557,16014.374856843893,26,63788979.286650926,5995929.509509736,True,0.0,96050.2167976374,0.0,-2.444721758365631e-09,96050.21679763496,0.0,64057499.42737557,96050.21679763496,24.01255419940874,0.0014994374999999923,1.0000000000000255,True,True,True,True
GENTLE_LIKE,self_fund_win,10.0,64057499.42737557,16014.374856843893,27,63788979.286650926,5140244.827176811,True,0.0,96050.2167976374,0.0,-2.444721758365631e-09,96050.21679763496,0.0,64057499.42737557,96050.21679763496,24.01255419940874,0.0014994374999999923,1.0000000000000255,True,True,True,True
GENTLE_LIKE,self_fund_win,10.0,64057499.42737557,16014.374856843893,28,63788979.286650926,5350491.587383514,True,0.0,96050.2167976374,0.0,-2.444721758365631e-09,96050.21679763496,0.0,64057499.42737557,96050.21679763496,24.01255419940874,0.0014994374999999923,1.0000000000000255,True,True,True,True
GENTLE_LIKE,self_fund_win,10.0,64057499.42737557,16014.374856843893,29,63788979.286650926,7249403.593698053,True,0.0,96050.2167976374,0.0,-2.444721758365631e-09,96050.21679763496,0.0,64057499.42737557,96050.21679763496,24.01255419940874,0.0014994374999999923,1.0000000000000255,True,True,True,True
GENTLE_LIKE,self_fund_win,10.0,64057499.42737557,16014.374856843893,30,63788979.286650926,6506349.139870554,True,0.0,96050.2167976374,0.0,-2.444721758365631e-09,96050.21679763496,0.0,64057499.42737557,96050.21679763496,24.01255419940874,0.0014994374999999923,1.0000000000000255,True,True,True,True
GENTLE_LIKE,self_fund_win,10.0,64057499.42737557,16014.374856843893,31,63788979.286650926,6806077.2453443995,True,0.0,96050.2167976374,0.0,-2.444721758365631e-09,96050.21679763496,0.0,64057499.42737557,96050.21679763496,24.01255419940874,0.0014994374999999923,1.0000000000000255,True,True,True,True
GENTLE_LIKE,self_fund_win,10.0,64057499.42737557,16014.374856843893,32,63788979.286650926,6211671.964893006,True,0.0,96050.2167976374,0.0,-2.444721758365631e-09,96050.21679763496,0.0,64057499.42737557,96050.21679763496,24.01255419940874,0.0014994374999999923,1.0000000000000255,True,True,True,True
GENTLE_LIKE,self_fund_win,10.0,64057499.42737557,16014.374856843893,33,63788979.286650926,6564908.40446109,True,0.0,96050.2167976374,0.0,-2.444721758365631e-09,96050.21679763496,0.0,64057499.42737557,96050.21679763496,24.01255419940874,0.0014994374999999923,1.0000000000000255,True,True,True,True
GENTLE_LIKE,self_fund_win,10.0,64057499.42737557,16014.374856843893,34,63788979.286650926,5596459.684623754,True,0.0,96050.2167976374,0.0,-2.444721758365631e-09,96050.21679763496,0.0,64057499.42737557,96050.21679763496,24.01255419940874,0.0014994374999999923,1.0000000000000255,True,True,True,True
GENTLE_LIKE,self_fund_win,10.0,64057499.42737557,16014.374856843893,35,63788979.286650926,5650703.408149875,True,0.0,96050.2167976374,0.0,-2.444721758365631e-09,96050.21679763496,0.0,64057499.42737557,96050.21679763496,24.01255419940874,0.0014994374999999923,1.0000000000000255,True,True,True,True
GENTLE_LIKE,self_fund_win,10.0,64057499.42737557,16014.374856843893,36,63788979.286650926,6866809.625674479,True,0.0,96050.2167976374,0.0,-2.444721758365631e-09,96050.21679763496,0.0,64057499.42737557,96050.21679763496,24.01255419940874,0.0014994374999999923,1.0000000000000255,True,True,True,True
GENTLE_LIKE,self_fund_win,10.0,64057499.42737557,16014.374856843893,37,63788979.286650926,7188395.837920732,True,0.0,96050.2167976374,0.0,-2.444721758365631e-09,96050.21679763496,0.0,64057499.42737557,96050.21679763496,24.01255419940874,0.0014994374999999923,1.0000000000000255,True,True,True,True
GENTLE_LIKE,self_fund_win,10.0,64057499.42737557,16014.374856843893,38,63788979.286650926,6728486.525509625,True,0.0,96050.2167976374,0.0,-2.444721758365631e-09,96050.21679763496,0.0,64057499.42737557,96050.21679763496,24.01255419940874,0.0014994374999999923,1.0000000000000255,True,True,True,True
GENTLE_LIKE,self_fund_win,10.0,64057499.42737557,16014.374856843893,39,63788979.286650926,5312905.431624697,True,0.0,96050.2167976374,0.0,-2.444721758365631e-09,96050.21679763496,0.0,64057499.42737557,96050.21679763496,24.01255419940874,0.0014994374999999923,1.0000000000000255,True,True,True,True
OVERRIDE,self_fund_win,0.5,3279284.340274427,819.8210850686067,0,3265538.0357761546,6687538.345604384,False,0.0,4917.081912970539,0.0,9.731593308970332e-11,4917.081912970636,0.0,3279284.340274427,4917.081912970636,1.2292704782426591,0.001499437500000122,0.9999999999999802,False,False,False,False
OVERRIDE,self_fund_win,0.5,3279284.340274427,819.8210850686067,1,3265538.0357761546,6898173.315805426,False,0.0,4917.081912970539,0.0,9.731593308970332e-11,4917.081912970636,0.0,3279284.340274427,4917.081912970636,1.2292704782426591,0.001499437500000122,0.9999999999999802,False,False,False,False
OVERRIDE,self_fund_win,0.5,3279284.340274427,819.8210850686067,2,3265538.0357761546,6693575.885790605,False,0.0,4917.081912970539,0.0,9.731593308970332e-11,4917.081912970636,0.0,3279284.340274427,4917.081912970636,1.2292704782426591,0.001499437500000122,0.9999999999999802,False,False,False,False
OVERRIDE,self_fund_win,0.5,3279284.340274427,819.8210850686067,3,3265538.0357761546,5433717.030476629,False,0.0,4917.081912970539,0.0,9.731593308970332e-11,4917.081912970636,0.0,3279284.340274427,4917.081912970636,1.2292704782426591,0.001499437500000122,0.9999999999999802,False,False,False,False
OVERRIDE,self_fund_win,0.5,3279284.340274427,819.8210850686067,4,3265538.0357761546,6143647.524059698,False,0.0,4917.081912970539,0.0,9.731593308970332e-11,4917.081912970636,0.0,3279284.340274427,4917.081912970636,1.2292704782426591,0.001499437500000122,0.9999999999999802,False,False,False,False
OVERRIDE,self_fund_win,0.5,3279284.340274427,819.8210850686067,5,3265538.0357761546,7262082.866596241,False,0.0,4917.081912970539,0.0,9.731593308970332e-11,4917.081912970636,0.0,3279284.340274427,4917.081912970636,1.2292704782426591,0.001499437500000122,0.9999999999999802,False,False,False,False
OVERRIDE,self_fund_win,0.5,3279284.340274427,819.8210850686067,6,3265538.0357761546,6233156.962436247,False,0.0,4917.081912970539,0.0,9.731593308970332e-11,4917.081912970636,0.0,3279284.340274427,4917.081912970636,1.2292704782426591,0.001499437500000122,0.9999999999999802,False,False,False,False
OVERRIDE,self_fund_win,0.5,3279284.340274427,819.8210850686067,7,3265538.0357761546,5156199.998178162,False,0.0,4917.081912970539,0.0,9.731593308970332e-11,4917.081912970636,0.0,3279284.340274427,4917.081912970636,1.2292704782426591,0.001499437500000122,0.9999999999999802,False,False,False,False
OVERRIDE,self_fund_win,0.5,3279284.340274427,819.8210850686067,8,3265538.0357761546,7426851.491527578,False,0.0,4917.081912970539,0.0,9.731593308970332e-11,4917.081912970636,0.0,3279284.340274427,4917.081912970636,1.2292704782426591,0.001499437500000122,0.9999999999999802,False,False,False,False
OVERRIDE,self_fund_win,0.5,3279284.340274427,819.8210850686067,9,3265538.0357761546,7021459.427251646,False,0.0,4917.081912970539,0.0,9.731593308970332e-11,4917.081912970636,0.0,3279284.340274427,4917.081912970636,1.2292704782426591,0.001499437500000122,0.9999999999999802,False,False,False,False
OVERRIDE,self_fund_win,0.5,3279284.340274427,819.8210850686067,10,3265538.0357761546,6494059.596002873,False,0.0,4917.081912970539,0.0,9.731593308970332e-11,4917.081912970636,0.0,3279284.340274427,4917.081912970636,1.2292704782426591,0.001499437500000122,0.9999999999999802,False,False,False,False
OVERRIDE,self_fund_win,0.5,3279284.340274427,819.8210850686067,11,3265538.0357761546,5959295.681801876,False,0.0,4917.081912970539,0.0,9.731593308970332e-11,4917.081912970636,0.0,3279284.340274427,4917.081912970636,1.2292704782426591,0.001499437500000122,0.9999999999999802,False,False,False,False
OVERRIDE,self_fund_win,0.5,3279284.340274427,819.8210850686067,12,3265538.0357761546,6520938.686109366,False,0.0,4917.081912970539,0.0,9.731593308970332e-11,4917.081912970636,0.0,3279284.340274427,4917.081912970636,1.2292704782426591,0.001499437500000122,0.9999999999999802,False,False,False,False
OVERRIDE,self_fund_win,0.5,3279284.340274427,819.8210850686067,13,3265538.0357761546,7512837.325440692,False,0.0,4917.081912970539,0.0,9.731593308970332e-11,4917.081912970636,0.0,3279284.340274427,4917.081912970636,1.2292704782426591,0.001499437500000122,0.9999999999999802,False,False,False,False
OVERRIDE,self_fund_win,0.5,3279284.340274427,819.8210850686067,14,3265538.0357761546,6309602.885023701,False,0.0,4917.081912970539,0.0,9.731593308970332e-11,4917.081912970636,0.0,3279284.340274427,4917.081912970636,1.2292704782426591,0.001499437500000122,0.9999999999999802,False,False,False,False
OVERRIDE,self_fund_win,0.5,3279284.340274427,819.8210850686067,15,3265538.0357761546,5883743.269275778,False,0.0,4917.081912970539,0.0,9.731593308970332e-11,4917.081912970636,0.0,3279284.340274427,4917.081912970636,1.2292704782426591,0.001499437500000122,0.9999999999999802,False,False,False,False
OVERRIDE,self_fund_win,0.5,3279284.340274427,819.8210850686067,16,3265538.0357761546,6620225.798453422,False,0.0,4917.081912970539,0.0,9.731593308970332e-11,4917.081912970636,0.0,3279284.340274427,4917.081912970636,1.2292704782426591,0.001499437500000122,0.9999999999999802,False,False,False,False
OVERRIDE,self_fund_win,0.5,3279284.340274427,819.8210850686067,17,3265538.0357761546,5809012.785444057,False,0.0,4917.081912970539,0.0,9.731593308970332e-11,4917.081912970636,0.0,3279284.340274427,4917.081912970636,1.2292704782426591,0.001499437500000122,0.9999999999999802,False,False,False,False
OVERRIDE,self_fund_win,0.5,3279284.340274427,819.8210850686067,18,3265538.0357761546,6365154.408228988,False,0.0,4917.081912970539,0.0,9.731593308970332e-11,4917.081912970636,0.0,3279284.340274427,4917.081912970636,1.2292704782426591,0.001499437500000122,0.9999999999999802,False,False,False,False
OVERRIDE,self_fund_win,0.5,3279284.340274427,819.8210850686067,19,3265538.0357761546,6664970.613106999,False,0.0,4917.081912970539,0.0,9.731593308970332e-11,4917.081912970636,0.0,3279284.340274427,4917.081912970636,1.2292704782426591,0.001499437500000122,0.9999999999999802,False,False,False,False
OVERRIDE,self_fund_win,0.5,3279284.340274427,819.8210850686067,20,3265538.0357761546,6320682.2978097685,False,0.0,4917.081912970539,0.0,9.731593308970332e-11,4917.081912970636,0.0,3279284.340274427,4917.081912970636,1.2292704782426591,0.001499437500000122,0.9999999999999802,False,False,False,False
OVERRIDE,self_fund_win,0.5,3279284.340274427,819.8210850686067,21,3265538.0357761546,6945970.296073864,False,0.0,4917.081912970539,0.0,9.731593308970332e-11,4917.081912970636,0.0,3279284.340274427,4917.081912970636,1.2292704782426591,0.001499437500000122,0.9999999999999802,False,False,False,False
OVERRIDE,self_fund_win,0.5,3279284.340274427,819.8210850686067,22,3265538.0357761546,5976297.906310915,False,0.0,4917.081912970539,0.0,9.731593308970332e-11,4917.081912970636,0.0,3279284.340274427,4917.081912970636,1.2292704782426591,0.001499437500000122,0.9999999999999802,False,False,False,False
OVERRIDE,self_fund_win,0.5,3279284.340274427,819.8210850686067,23,3265538.0357761546,7386075.892258684,False,0.0,4917.081912970539,0.0,9.731593308970332e-11,4917.081912970636,0.0,3279284.340274427,4917.081912970636,1.2292704782426591,0.001499437500000122,0.9999999999999802,False,False,False,False
OVERRIDE,self_fund_win,0.5,3279284.340274427,819.8210850686067,24,3265538.0357761546,7339086.76929295,False,0.0,4917.081912970539,0.0,9.731593308970332e-11,4917.081912970636,0.0,3279284.340274427,4917.081912970636,1.2292704782426591,0.001499437500000122,0.9999999999999802,False,False,False,False
OVERRIDE,self_fund_win,0.5,3279284.340274427,819.8210850686067,25,3265538.0357761546,6271730.517569476,False,0.0,4917.081912970539,0.0,9.731593308970332e-11,4917.081912970636,0.0,3279284.340274427,4917.081912970636,1.2292704782426591,0.001499437500000122,0.9999999999999802,False,False,False,False
OVERRIDE,self_fund_win,0.5,3279284.340274427,819.8210850686067,26,3265538.0357761546,5722005.960583679,False,0.0,4917.081912970539,0.0,9.731593308970332e-11,4917.081912970636,0.0,3279284.340274427,4917.081912970636,1.2292704782426591,0.001499437500000122,0.9999999999999802,False,False,False,False
OVERRIDE,self_fund_win,0.5,3279284.340274427,819.8210850686067,27,3265538.0357761546,6696937.776937041,False,0.0,4917.081912970539,0.0,9.731593308970332e-11,4917.081912970636,0.0,3279284.340274427,4917.081912970636,1.2292704782426591,0.001499437500000122,0.9999999999999802,False,False,False,False
OVERRIDE,self_fund_win,0.5,3279284.340274427,819.8210850686067,28,3265538.0357761546,5478738.855817615,False,0.0,4917.081912970539,0.0,9.731593308970332e-11,4917.081912970636,0.0,3279284.340274427,4917.081912970636,1.2292704782426591,0.001499437500000122,0.9999999999999802,False,False,False,False
OVERRIDE,self_fund_win,0.5,3279284.340274427,819.8210850686067,29,3265538.0357761546,6496558.349133517,False,0.0,4917.081912970539,0.0,9.731593308970332e-11,4917.081912970636,0.0,3279284.340274427,4917.081912970636,1.2292704782426591,0.001499437500000122,0.9999999999999802,False,False,False,False
OVERRIDE,self_fund_win,0.5,3279284.340274427,819.8210850686067,30,3265538.0357761546,6419974.738479708,False,0.0,4917.081912970539,0.0,9.731593308970332e-11,4917.081912970636,0.0,3279284.340274427,4917.081912970636,1.2292704782426591,0.001499437500000122,0.9999999999999802,False,False,False,False
OVERRIDE,self_fund_win,0.5,3279284.340274427,819.8210850686067,31,3265538.0357761546,5951623.900026667,False,0.0,4917.081912970539,0.0,9.731593308970332e-11,4917.081912970636,0.0,3279284.340274427,4917.081912970636,1.2292704782426591,0.001499437500000122,0.9999999999999802,False,False,False,False
OVERRIDE,self_fund_win,0.5,3279284.340274427,819.8210850686067,32,3265538.0357761546,5940435.693489935,False,0.0,4917.081912970539,0.0,9.731593308970332e-11,4917.081912970636,0.0,3279284.340274427,4917.081912970636,1.2292704782426591,0.001499437500000122,0.9999999999999802,False,False,False,False
OVERRIDE,self_fund_win,0.5,3279284.340274427,819.8210850686067,33,3265538.0357761546,6156350.962866758,False,0.0,4917.081912970539,0.0,9.731593308970332e-11,4917.081912970636,0.0,3279284.340274427,4917.081912970636,1.2292704782426591,0.001499437500000122,0.9999999999999802,False,False,False,False
OVERRIDE,self_fund_win,0.5,3279284.340274427,819.8210850686067,34,3265538.0357761546,6728233.939915494,False,0.0,4917.081912970539,0.0,9.731593308970332e-11,4917.081912970636,0.0,3279284.340274427,4917.081912970636,1.2292704782426591,0.001499437500000122,0.9999999999999802,False,False,False,False
OVERRIDE,self_fund_win,0.5,3279284.340274427,819.8210850686067,35,3265538.0357761546,6080191.778529236,False,0.0,4917.081912970539,0.0,9.731593308970332e-11,4917.081912970636,0.0,3279284.340274427,4917.081912970636,1.2292704782426591,0.001499437500000122,0.9999999999999802,False,False,False,False
OVERRIDE,self_fund_win,0.5,3279284.340274427,819.8210850686067,36,3265538.0357761546,6159864.003772576,False,0.0,4917.081912970539,0.0,9.731593308970332e-11,4917.081912970636,0.0,3279284.340274427,4917.081912970636,1.2292704782426591,0.001499437500000122,0.9999999999999802,False,False,False,False
OVERRIDE,self_fund_win,0.5,3279284.340274427,819.8210850686067,37,3265538.0357761546,5767833.534097704,False,0.0,4917.081912970539,0.0,9.731593308970332e-11,4917.081912970636,0.0,3279284.340274427,4917.081912970636,1.2292704782426591,0.001499437500000122,0.9999999999999802,False,False,False,False
OVERRIDE,self_fund_win,0.5,3279284.340274427,819.8210850686067,38,3265538.0357761546,7303288.41638705,False,0.0,4917.081912970539,0.0,9.731593308970332e-11,4917.081912970636,0.0,3279284.340274427,4917.081912970636,1.2292704782426591,0.001499437500000122,0.9999999999999802,False,False,False,False
OVERRIDE,self_fund_win,0.5,3279284.340274427,819.8210850686067,39,3265538.0357761546,6864861.6576357875,False,0.0,4917.081912970539,0.0,9.731593308970332e-11,4917.081912970636,0.0,3279284.340274427,4917.081912970636,1.2292704782426591,0.001499437500000122,0.9999999999999802,False,False,False,False
OVERRIDE,self_fund_win,1.0,6558568.680548854,1639.6421701372135,0,6531076.071552309,7480171.363662076,False,0.0,9834.163825941077,0.0,1.9463186617940664e-10,9834.163825941272,0.0,6558568.680548854,9834.163825941272,2.4585409564853182,0.001499437500000122,0.9999999999999802,False,False,False,False
OVERRIDE,self_fund_win,1.0,6558568.680548854,1639.6421701372135,1,6531076.071552309,8294413.338331715,False,0.0,9834.163825941077,0.0,1.9463186617940664e-10,9834.163825941272,0.0,6558568.680548854,9834.163825941272,2.4585409564853182,0.001499437500000122,0.9999999999999802,False,False,False,False
OVERRIDE,self_fund_win,1.0,6558568.680548854,1639.6421701372135,2,6531076.071552309,6452834.688303324,True,0.0,9834.163825941077,0.0,1.9463186617940664e-10,9834.163825941272,0.0,6558568.680548854,9834.163825941272,2.4585409564853182,0.001499437500000122,0.9999999999999802,True,True,False,True
OVERRIDE,self_fund_win,1.0,6558568.680548854,1639.6421701372135,3,6531076.071552309,6033676.860594325,True,0.0,9834.163825941077,0.0,1.9463186617940664e-10,9834.163825941272,0.0,6558568.680548854,9834.163825941272,2.4585409564853182,0.001499437500000122,0.9999999999999802,True,True,False,True
OVERRIDE,self_fund_win,1.0,6558568.680548854,1639.6421701372135,4,6531076.071552309,6581490.860767792,False,0.0,9834.163825941077,0.0,1.9463186617940664e-10,9834.163825941272,0.0,6558568.680548854,9834.163825941272,2.4585409564853182,0.001499437500000122,0.9999999999999802,False,False,False,False
OVERRIDE,self_fund_win,1.0,6558568.680548854,1639.6421701372135,5,6531076.071552309,5372246.067692218,True,0.0,9834.163825941077,0.0,1.9463186617940664e-10,9834.163825941272,0.0,6558568.680548854,9834.163825941272,2.4585409564853182,0.001499437500000122,0.9999999999999802,True,True,False,True
OVERRIDE,self_fund_win,1.0,6558568.680548854,1639.6421701372135,6,6531076.071552309,5704337.035488249,True,0.0,9834.163825941077,0.0,1.9463186617940664e-10,9834.163825941272,0.0,6558568.680548854,9834.163825941272,2.4585409564853182,0.001499437500000122,0.9999999999999802,True,True,False,True
OVERRIDE,self_fund_win,1.0,6558568.680548854,1639.6421701372135,7,6531076.071552309,6030408.433599356,True,0.0,9834.163825941077,0.0,1.9463186617940664e-10,9834.163825941272,0.0,6558568.680548854,9834.163825941272,2.4585409564853182,0.001499437500000122,0.9999999999999802,True,True,False,True
OVERRIDE,self_fund_win,1.0,6558568.680548854,1639.6421701372135,8,6531076.071552309,6476968.997733217,True,0.0,9834.163825941077,0.0,1.9463186617940664e-10,9834.163825941272,0.0,6558568.680548854,9834.163825941272,2.4585409564853182,0.001499437500000122,0.9999999999999802,True,True,False,True
OVERRIDE,self_fund_win,1.0,6558568.680548854,1639.6421701372135,9,6531076.071552309,6364392.011581246,True,0.0,9834.163825941077,0.0,1.9463186617940664e-10,9834.163825941272,0.0,6558568.680548854,9834.163825941272,2.4585409564853182,0.001499437500000122,0.9999999999999802,True,True,False,True
OVERRIDE,self_fund_win,1.0,6558568.680548854,1639.6421701372135,10,6531076.071552309,5635881.450469772,True,0.0,9834.163825941077,0.0,1.9463186617940664e-10,9834.163825941272,0.0,6558568.680548854,9834.163825941272,2.4585409564853182,0.001499437500000122,0.9999999999999802,True,True,False,True
OVERRIDE,self_fund_win,1.0,6558568.680548854,1639.6421701372135,11,6531076.071552309,8074995.416682187,False,0.0,9834.163825941077,0.0,1.9463186617940664e-10,9834.163825941272,0.0,6558568.680548854,9834.163825941272,2.4585409564853182,0.001499437500000122,0.9999999999999802,False,False,False,False
OVERRIDE,self_fund_win,1.0,6558568.680548854,1639.6421701372135,12,6531076.071552309,5978089.498087797,True,0.0,9834.163825941077,0.0,1.9463186617940664e-10,9834.163825941272,0.0,6558568.680548854,9834.163825941272,2.4585409564853182,0.001499437500000122,0.9999999999999802,True,True,False,True
OVERRIDE,self_fund_win,1.0,6558568.680548854,1639.6421701372135,13,6531076.071552309,6514887.17939207,True,0.0,9834.163825941077,0.0,1.9463186617940664e-10,9834.163825941272,0.0,6558568.680548854,9834.163825941272,2.4585409564853182,0.001499437500000122,0.9999999999999802,True,True,False,True
OVERRIDE,self_fund_win,1.0,6558568.680548854,1639.6421701372135,14,6531076.071552309,6258573.321163414,True,0.0,9834.163825941077,0.0,1.9463186617940664e-10,9834.163825941272,0.0,6558568.680548854,9834.163825941272,2.4585409564853182,0.001499437500000122,0.9999999999999802,True,True,False,True
OVERRIDE,self_fund_win,1.0,6558568.680548854,1639.6421701372135,15,6531076.071552309,7524636.005346595,False,0.0,9834.163825941077,0.0,1.9463186617940664e-10,9834.163825941272,0.0,6558568.680548854,9834.163825941272,2.4585409564853182,0.001499437500000122,0.9999999999999802,False,False,False,False
OVERRIDE,self_fund_win,1.0,6558568.680548854,1639.6421701372135,16,6531076.071552309,6831923.027876087,False,0.0,9834.163825941077,0.0,1.9463186617940664e-10,9834.163825941272,0.0,6558568.680548854,9834.163825941272,2.4585409564853182,0.001499437500000122,0.9999999999999802,False,False,False,False
OVERRIDE,self_fund_win,1.0,6558568.680548854,1639.6421701372135,17,6531076.071552309,5872490.939397689,True,0.0,9834.163825941077,0.0,1.9463186617940664e-10,9834.163825941272,0.0,6558568.680548854,9834.163825941272,2.4585409564853182,0.001499437500000122,0.9999999999999802,True,True,False,True
OVERRIDE,self_fund_win,1.0,6558568.680548854,1639.6421701372135,18,6531076.071552309,5876146.722667869,True,0.0,9834.163825941077,0.0,1.9463186617940664e-10,9834.163825941272,0.0,6558568.680548854,9834.163825941272,2.4585409564853182,0.001499437500000122,0.9999999999999802,True,True,False,True
OVERRIDE,self_fund_win,1.0,6558568.680548854,1639.6421701372135,19,6531076.071552309,6281526.700780753,True,0.0,9834.163825941077,0.0,1.9463186617940664e-10,9834.163825941272,0.0,6558568.680548854,9834.163825941272,2.4585409564853182,0.001499437500000122,0.9999999999999802,True,True,False,True
OVERRIDE,self_fund_win,1.0,6558568.680548854,1639.6421701372135,20,6531076.071552309,5452225.223342259,True,0.0,9834.163825941077,0.0,1.9463186617940664e-10,9834.163825941272,0.0,6558568.680548854,9834.163825941272,2.4585409564853182,0.001499437500000122,0.9999999999999802,True,True,False,True
OVERRIDE,self_fund_win,1.0,6558568.680548854,1639.6421701372135,21,6531076.071552309,6832422.032727102,False,0.0,9834.163825941077,0.0,1.9463186617940664e-10,9834.163825941272,0.0,6558568.680548854,9834.163825941272,2.4585409564853182,0.001499437500000122,0.9999999999999802,False,False,False,False
OVERRIDE,self_fund_win,1.0,6558568.680548854,1639.6421701372135,22,6531076.071552309,6721473.237218114,False,0.0,9834.163825941077,0.0,1.9463186617940664e-10,9834.163825941272,0.0,6558568.680548854,9834.163825941272,2.4585409564853182,0.001499437500000122,0.9999999999999802,False,False,False,False
OVERRIDE,self_fund_win,1.0,6558568.680548854,1639.6421701372135,23,6531076.071552309,6260873.315539941,True,0.0,9834.163825941077,0.0,1.9463186617940664e-10,9834.163825941272,0.0,6558568.680548854,9834.163825941272,2.4585409564853182,0.001499437500000122,0.9999999999999802,True,True,False,True
OVERRIDE,self_fund_win,1.0,6558568.680548854,1639.6421701372135,24,6531076.071552309,7980542.922447042,False,0.0,9834.163825941077,0.0,1.9463186617940664e-10,9834.163825941272,0.0,6558568.680548854,9834.163825941272,2.4585409564853182,0.001499437500000122,0.9999999999999802,False,False,False,False
OVERRIDE,self_fund_win,1.0,6558568.680548854,1639.6421701372135,25,6531076.071552309,7709668.5243888665,False,0.0,9834.163825941077,0.0,1.9463186617940664e-10,9834.163825941272,0.0,6558568.680548854,9834.163825941272,2.4585409564853182,0.001499437500000122,0.9999999999999802,False,False,False,False
OVERRIDE,self_fund_win,1.0,6558568.680548854,1639.6421701372135,26,6531076.071552309,7556826.264632196,False,0.0,9834.163825941077,0.0,1.9463186617940664e-10,9834.163825941272,0.0,6558568.680548854,9834.163825941272,2.4585409564853182,0.001499437500000122,0.9999999999999802,False,False,False,False
OVERRIDE,self_fund_win,1.0,6558568.680548854,1639.6421701372135,27,6531076.071552309,6526094.29792268,True,0.0,9834.163825941077,0.0,1.9463186617940664e-10,9834.163825941272,0.0,6558568.680548854,9834.163825941272,2.4585409564853182,0.001499437500000122,0.9999999999999802,True,True,False,True
OVERRIDE,self_fund_win,1.0,6558568.680548854,1639.6421701372135,28,6531076.071552309,6081887.609158627,True,0.0,9834.163825941077,0.0,1.9463186617940664e-10,9834.163825941272,0.0,6558568.680548854,9834.163825941272,2.4585409564853182,0.001499437500000122,0.9999999999999802,True,True,False,True
OVERRIDE,self_fund_win,1.0,6558568.680548854,1639.6421701372135,29,6531076.071552309,5054818.312066375,True,0.0,9834.163825941077,0.0,1.9463186617940664e-10,9834.163825941272,0.0,6558568.680548854,9834.163825941272,2.4585409564853182,0.001499437500000122,0.9999999999999802,True,True,False,True
OVERRIDE,self_fund_win,1.0,6558568.680548854,1639.6421701372135,30,6531076.071552309,6045699.77479239,True,0.0,9834.163825941077,0.0,1.9463186617940664e-10,9834.163825941272,0.0,6558568.680548854,9834.163825941272,2.4585409564853182,0.001499437500000122,0.9999999999999802,True,True,False,True
OVERRIDE,self_fund_win,1.0,6558568.680548854,1639.6421701372135,31,6531076.071552309,6689442.94367274,False,0.0,9834.163825941077,0.0,1.9463186617940664e-10,9834.163825941272,0.0,6558568.680548854,9834.163825941272,2.4585409564853182,0.001499437500000122,0.9999999999999802,False,False,False,False
OVERRIDE,self_fund_win,1.0,6558568.680548854,1639.6421701372135,32,6531076.071552309,6763791.512917931,False,0.0,9834.163825941077,0.0,1.9463186617940664e-10,9834.163825941272,0.0,6558568.680548854,9834.163825941272,2.4585409564853182,0.001499437500000122,0.9999999999999802,False,False,False,False
OVERRIDE,self_fund_win,1.0,6558568.680548854,1639.6421701372135,33,6531076.071552309,6280803.628183189,True,0.0,9834.163825941077,0.0,1.9463186617940664e-10,9834.163825941272,0.0,6558568.680548854,9834.163825941272,2.4585409564853182,0.001499437500000122,0.9999999999999802,True,True,False,True
OVERRIDE,self_fund_win,1.0,6558568.680548854,1639.6421701372135,34,6531076.071552309,6186214.572724489,True,0.0,9834.163825941077,0.0,1.9463186617940664e-10,9834.163825941272,0.0,6558568.680548854,9834.163825941272,2.4585409564853182,0.001499437500000122,0.9999999999999802,True,True,False,True
OVERRIDE,self_fund_win,1.0,6558568.680548854,1639.6421701372135,35,6531076.071552309,6943909.375502884,False,0.0,9834.163825941077,0.0,1.9463186617940664e-10,9834.163825941272,0.0,6558568.680548854,9834.163825941272,2.4585409564853182,0.001499437500000122,0.9999999999999802,False,False,False,False
OVERRIDE,self_fund_win,1.0,6558568.680548854,1639.6421701372135,36,6531076.071552309,5588412.802595054,True,0.0,9834.163825941077,0.0,1.9463186617940664e-10,9834.163825941272,0.0,6558568.680548854,9834.163825941272,2.4585409564853182,0.001499437500000122,0.9999999999999802,True,True,False,True
OVERRIDE,self_fund_win,1.0,6558568.680548854,1639.6421701372135,37,6531076.071552309,6796216.575991626,False,0.0,9834.163825941077,0.0,1.9463186617940664e-10,9834.163825941272,0.0,6558568.680548854,9834.163825941272,2.4585409564853182,0.001499437500000122,0.9999999999999802,False,False,False,False
OVERRIDE,self_fund_win,1.0,6558568.680548854,1639.6421701372135,38,6531076.071552309,6348203.898537282,True,0.0,9834.163825941077,0.0,1.9463186617940664e-10,9834.163825941272,0.0,6558568.680548854,9834.163825941272,2.4585409564853182,0.001499437500000122,0.9999999999999802,True,True,False,True
OVERRIDE,self_fund_win,1.0,6558568.680548854,1639.6421701372135,39,6531076.071552309,6304674.5317311315,True,0.0,9834.163825941077,0.0,1.9463186617940664e-10,9834.163825941272,0.0,6558568.680548854,9834.163825941272,2.4585409564853182,0.001499437500000122,0.9999999999999802,True,True,False,True
OVERRIDE,self_fund_win,2.0,13117137.361097708,3279.284340274427,0,13062152.143104618,6537816.821074896,True,0.0,19668.32765188216,0.0,-3.39787220582366e-09,19668.32765187876,5.972997925745498e-11,13117137.361097708,19668.32765187876,4.9170819129696905,0.0014994374999998334,1.0000000000001728,True,True,True,True
OVERRIDE,self_fund_win,2.0,13117137.361097708,3279.284340274427,1,13062152.143104618,7041796.172213639,True,0.0,19668.32765188216,0.0,-3.39787220582366e-09,19668.32765187876,5.972997925745498e-11,13117137.361097708,19668.32765187876,4.9170819129696905,0.0014994374999998334,1.0000000000001728,True,True,True,True
OVERRIDE,self_fund_win,2.0,13117137.361097708,3279.284340274427,2,13062152.143104618,6581600.636069453,True,0.0,19668.32765188216,0.0,-3.39787220582366e-09,19668.32765187876,5.972997925745498e-11,13117137.361097708,19668.32765187876,4.9170819129696905,0.0014994374999998334,1.0000000000001728,True,True,True,True
OVERRIDE,self_fund_win,2.0,13117137.361097708,3279.284340274427,3,13062152.143104618,7554821.708529579,True,0.0,19668.32765188216,0.0,-3.39787220582366e-09,19668.32765187876,5.972997925745498e-11,13117137.361097708,19668.32765187876,4.9170819129696905,0.0014994374999998334,1.0000000000001728,True,True,True,True
OVERRIDE,self_fund_win,2.0,13117137.361097708,3279.284340274427,4,13062152.143104618,6160825.701741325,True,0.0,19668.32765188216,0.0,-3.39787220582366e-09,19668.32765187876,5.972997925745498e-11,13117137.361097708,19668.32765187876,4.9170819129696905,0.0014994374999998334,1.0000000000001728,True,True,True,True
OVERRIDE,self_fund_win,2.0,13117137.361097708,3279.284340274427,5,13062152.143104618,6438759.3406063765,True,0.0,19668.32765188216,0.0,-3.39787220582366e-09,19668.32765187876,5.972997925745498e-11,13117137.361097708,19668.32765187876,4.9170819129696905,0.0014994374999998334,1.0000000000001728,True,True,True,True
OVERRIDE,self_fund_win,2.0,13117137.361097708,3279.284340274427,6,13062152.143104618,5853000.079669539,True,0.0,19668.32765188216,0.0,-3.39787220582366e-09,19668.32765187876,5.972997925745498e-11,13117137.361097708,19668.32765187876,4.9170819129696905,0.0014994374999998334,1.0000000000001728,True,True,True,True
OVERRIDE,self_fund_win,2.0,13117137.361097708,3279.284340274427,7,13062152.143104618,5335949.6545289345,True,0.0,19668.32765188216,0.0,-3.39787220582366e-09,19668.32765187876,5.972997925745498e-11,13117137.361097708,19668.32765187876,4.9170819129696905,0.0014994374999998334,1.0000000000001728,True,True,True,True
OVERRIDE,self_fund_win,2.0,13117137.361097708,3279.284340274427,8,13062152.143104618,7590314.440691082,True,0.0,19668.32765188216,0.0,-3.39787220582366e-09,19668.32765187876,5.972997925745498e-11,13117137.361097708,19668.32765187876,4.9170819129696905,0.0014994374999998334,1.0000000000001728,True,True,True,True
OVERRIDE,self_fund_win,2.0,13117137.361097708,3279.284340274427,9,13062152.143104618,7098369.255358065,True,0.0,19668.32765188216,0.0,-3.39787220582366e-09,19668.32765187876,5.972997925745498e-11,13117137.361097708,19668.32765187876,4.9170819129696905,0.0014994374999998334,1.0000000000001728,True,True,True,True
OVERRIDE,self_fund_win,2.0,13117137.361097708,3279.284340274427,10,13062152.143104618,6602854.072282201,True,0.0,19668.32765188216,0.0,-3.39787220582366e-09,19668.32765187876,5.972997925745498e-11,13117137.361097708,19668.32765187876,4.9170819129696905,0.0014994374999998334,1.0000000000001728,True,True,True,True
OVERRIDE,self_fund_win,2.0,13117137.361097708,3279.284340274427,11,13062152.143104618,6929319.701042184,True,0.0,19668.32765188216,0.0,-3.39787220582366e-09,19668.32765187876,5.972997925745498e-11,13117137.361097708,19668.32765187876,4.9170819129696905,0.0014994374999998334,1.0000000000001728,True,True,True,True
OVERRIDE,self_fund_win,2.0,13117137.361097708,3279.284340274427,12,13062152.143104618,6652021.820345693,True,0.0,19668.32765188216,0.0,-3.39787220582366e-09,19668.32765187876,5.972997925745498e-11,13117137.361097708,19668.32765187876,4.9170819129696905,0.0014994374999998334,1.0000000000001728,True,True,True,True
OVERRIDE,self_fund_win,2.0,13117137.361097708,3279.284340274427,13,13062152.143104618,5966256.961135375,True,0.0,19668.32765188216,0.0,-3.39787220582366e-09,19668.32765187876,5.972997925745498e-11,13117137.361097708,19668.32765187876,4.9170819129696905,0.0014994374999998334,1.0000000000001728,True,True,True,True
OVERRIDE,self_fund_win,2.0,13117137.361097708,3279.284340274427,14,13062152.143104618,5551624.038949129,True,0.0,19668.32765188216,0.0,-3.39787220582366e-09,19668.32765187876,5.972997925745498e-11,13117137.361097708,19668.32765187876,4.9170819129696905,0.0014994374999998334,1.0000000000001728,True,True,True,True
OVERRIDE,self_fund_win,2.0,13117137.361097708,3279.284340274427,15,13062152.143104618,7442748.101720276,True,0.0,19668.32765188216,0.0,-3.39787220582366e-09,19668.32765187876,5.972997925745498e-11,13117137.361097708,19668.32765187876,4.9170819129696905,0.0014994374999998334,1.0000000000001728,True,True,True,True
OVERRIDE,self_fund_win,2.0,13117137.361097708,3279.284340274427,16,13062152.143104618,6247066.657553429,True,0.0,19668.32765188216,0.0,-3.39787220582366e-09,19668.32765187876,5.972997925745498e-11,13117137.361097708,19668.32765187876,4.9170819129696905,0.0014994374999998334,1.0000000000001728,True,True,True,True
OVERRIDE,self_fund_win,2.0,13117137.361097708,3279.284340274427,17,13062152.143104618,7089618.888813926,True,0.0,19668.32765188216,0.0,-3.39787220582366e-09,19668.32765187876,5.972997925745498e-11,13117137.361097708,19668.32765187876,4.9170819129696905,0.0014994374999998334,1.0000000000001728,True,True,True,True
OVERRIDE,self_fund_win,2.0,13117137.361097708,3279.284340274427,18,13062152.143104618,5378129.863278426,True,0.0,19668.32765188216,0.0,-3.39787220582366e-09,19668.32765187876,5.972997925745498e-11,13117137.361097708,19668.32765187876,4.9170819129696905,0.0014994374999998334,1.0000000000001728,True,True,True,True
OVERRIDE,self_fund_win,2.0,13117137.361097708,3279.284340274427,19,13062152.143104618,7652980.223097906,True,0.0,19668.32765188216,0.0,-3.39787220582366e-09,19668.32765187876,5.972997925745498e-11,13117137.361097708,19668.32765187876,4.9170819129696905,0.0014994374999998334,1.0000000000001728,True,True,True,True
OVERRIDE,self_fund_win,2.0,13117137.361097708,3279.284340274427,20,13062152.143104618,6077029.563636135,True,0.0,19668.32765188216,0.0,-3.39787220582366e-09,19668.32765187876,5.972997925745498e-11,13117137.361097708,19668.32765187876,4.9170819129696905,0.0014994374999998334,1.0000000000001728,True,True,True,True
OVERRIDE,self_fund_win,2.0,13117137.361097708,3279.284340274427,21,13062152.143104618,7228953.906727371,True,0.0,19668.32765188216,0.0,-3.39787220582366e-09,19668.32765187876,5.972997925745498e-11,13117137.361097708,19668.32765187876,4.9170819129696905,0.0014994374999998334,1.0000000000001728,True,True,True,True
OVERRIDE,self_fund_win,2.0,13117137.361097708,3279.284340274427,22,13062152.143104618,6132542.027898611,True,0.0,19668.32765188216,0.0,-3.39787220582366e-09,19668.32765187876,5.972997925745498e-11,13117137.361097708,19668.32765187876,4.9170819129696905,0.0014994374999998334,1.0000000000001728,True,True,True,True
OVERRIDE,self_fund_win,2.0,13117137.361097708,3279.284340274427,23,13062152.143104618,6887304.936891832,True,0.0,19668.32765188216,0.0,-3.39787220582366e-09,19668.32765187876,5.972997925745498e-11,13117137.361097708,19668.32765187876,4.9170819129696905,0.0014994374999998334,1.0000000000001728,True,True,True,True
OVERRIDE,self_fund_win,2.0,13117137.361097708,3279.284340274427,24,13062152.143104618,5369822.56916224,True,0.0,19668.32765188216,0.0,-3.39787220582366e-09,19668.32765187876,5.972997925745498e-11,13117137.361097708,19668.32765187876,4.9170819129696905,0.0014994374999998334,1.0000000000001728,True,True,True,True
OVERRIDE,self_fund_win,2.0,13117137.361097708,3279.284340274427,25,13062152.143104618,6107731.105095825,True,0.0,19668.32765188216,0.0,-3.39787220582366e-09,19668.32765187876,5.972997925745498e-11,13117137.361097708,19668.32765187876,4.9170819129696905,0.0014994374999998334,1.0000000000001728,True,True,True,True
OVERRIDE,self_fund_win,2.0,13117137.361097708,3279.284340274427,26,13062152.143104618,6790370.161529232,True,0.0,19668.32765188216,0.0,-3.39787220582366e-09,19668.32765187876,5.972997925745498e-11,13117137.361097708,19668.32765187876,4.9170819129696905,0.0014994374999998334,1.0000000000001728,True,True,True,True
OVERRIDE,self_fund_win,2.0,13117137.361097708,3279.284340274427,27,13062152.143104618,7291265.606682983,True,0.0,19668.32765188216,0.0,-3.39787220582366e-09,19668.32765187876,5.972997925745498e-11,13117137.361097708,19668.32765187876,4.9170819129696905,0.0014994374999998334,1.0000000000001728,True,True,True,True
OVERRIDE,self_fund_win,2.0,13117137.361097708,3279.284340274427,28,13062152.143104618,5784189.74142634,True,0.0,19668.32765188216,0.0,-3.39787220582366e-09,19668.32765187876,5.972997925745498e-11,13117137.361097708,19668.32765187876,4.9170819129696905,0.0014994374999998334,1.0000000000001728,True,True,True,True
OVERRIDE,self_fund_win,2.0,13117137.361097708,3279.284340274427,29,13062152.143104618,6139737.869052301,True,0.0,19668.32765188216,0.0,-3.39787220582366e-09,19668.32765187876,5.972997925745498e-11,13117137.361097708,19668.32765187876,4.9170819129696905,0.0014994374999998334,1.0000000000001728,True,True,True,True
OVERRIDE,self_fund_win,2.0,13117137.361097708,3279.284340274427,30,13062152.143104618,6175559.64547015,True,0.0,19668.32765188216,0.0,-3.39787220582366e-09,19668.32765187876,5.972997925745498e-11,13117137.361097708,19668.32765187876,4.9170819129696905,0.0014994374999998334,1.0000000000001728,True,True,True,True
OVERRIDE,self_fund_win,2.0,13117137.361097708,3279.284340274427,31,13062152.143104618,6492840.434378162,True,0.0,19668.32765188216,0.0,-3.39787220582366e-09,19668.32765187876,5.972997925745498e-11,13117137.361097708,19668.32765187876,4.9170819129696905,0.0014994374999998334,1.0000000000001728,True,True,True,True
OVERRIDE,self_fund_win,2.0,13117137.361097708,3279.284340274427,32,13062152.143104618,7271395.186957835,True,0.0,19668.32765188216,0.0,-3.39787220582366e-09,19668.32765187876,5.972997925745498e-11,13117137.361097708,19668.32765187876,4.9170819129696905,0.0014994374999998334,1.0000000000001728,True,True,True,True
OVERRIDE,self_fund_win,2.0,13117137.361097708,3279.284340274427,33,13062152.143104618,7068504.165936175,True,0.0,19668.32765188216,0.0,-3.39787220582366e-09,19668.32765187876,5.972997925745498e-11,13117137.361097708,19668.32765187876,4.9170819129696905,0.0014994374999998334,1.0000000000001728,True,True,True,True
OVERRIDE,self_fund_win,2.0,13117137.361097708,3279.284340274427,34,13062152.143104618,7141480.197134033,True,0.0,19668.32765188216,0.0,-3.39787220582366e-09,19668.32765187876,5.972997925745498e-11,13117137.361097708,19668.32765187876,4.9170819129696905,0.0014994374999998334,1.0000000000001728,True,True,True,True
OVERRIDE,self_fund_win,2.0,13117137.361097708,3279.284340274427,35,13062152.143104618,7877453.737744763,True,0.0,19668.32765188216,0.0,-3.39787220582366e-09,19668.32765187876,5.972997925745498e-11,13117137.361097708,19668.32765187876,4.9170819129696905,0.0014994374999998334,1.0000000000001728,True,True,True,True
OVERRIDE,self_fund_win,2.0,13117137.361097708,3279.284340274427,36,13062152.143104618,6267389.50127834,True,0.0,19668.32765188216,0.0,-3.39787220582366e-09,19668.32765187876,5.972997925745498e-11,13117137.361097708,19668.32765187876,4.9170819129696905,0.0014994374999998334,1.0000000000001728,True,True,True,True
OVERRIDE,self_fund_win,2.0,13117137.361097708,3279.284340274427,37,13062152.143104618,6786415.4044565875,True,0.0,19668.32765188216,0.0,-3.39787220582366e-09,19668.32765187876,5.972997925745498e-11,13117137.361097708,19668.32765187876,4.9170819129696905,0.0014994374999998334,1.0000000000001728,True,True,True,True
OVERRIDE,self_fund_win,2.0,13117137.361097708,3279.284340274427,38,13062152.143104618,6322565.819818744,True,0.0,19668.32765188216,0.0,-3.39787220582366e-09,19668.32765187876,5.972997925745498e-11,13117137.361097708,19668.32765187876,4.9170819129696905,0.0014994374999998334,1.0000000000001728,True,True,True,True
OVERRIDE,self_fund_win,2.0,13117137.361097708,3279.284340274427,39,13062152.143104618,6999143.485148,True,0.0,19668.32765188216,0.0,-3.39787220582366e-09,19668.32765187876,5.972997925745498e-11,13117137.361097708,19668.32765187876,4.9170819129696905,0.0014994374999998334,1.0000000000001728,True,True,True,True
OVERRIDE,self_fund_win,5.0,32792843.40274427,8198.210850686068,0,32655380.357761547,6677741.8416951075,True,0.0,49170.81912970167,0.0,-3.688910510390997e-09,49170.81912969798,0.0,32792843.40274427,49170.81912969798,12.292704782424495,0.0014994374999998663,1.000000000000075,True,True,True,True
OVERRIDE,self_fund_win,5.0,32792843.40274427,8198.210850686068,1,32655380.357761547,7015872.8825958,True,0.0,49170.81912970167,0.0,-3.688910510390997e-09,49170.81912969798,0.0,32792843.40274427,49170.81912969798,12.292704782424495,0.0014994374999998663,1.000000000000075,True,True,True,True
OVERRIDE,self_fund_win,5.0,32792843.40274427,8198.210850686068,2,32655380.357761547,6343576.16364668,True,0.0,49170.81912970167,0.0,-3.688910510390997e-09,49170.81912969798,0.0,32792843.40274427,49170.81912969798,12.292704782424495,0.0014994374999998663,1.000000000000075,True,True,True,True
OVERRIDE,self_fund_win,5.0,32792843.40274427,8198.210850686068,3,32655380.357761547,6296942.310932414,True,0.0,49170.81912970167,0.0,-3.688910510390997e-09,49170.81912969798,0.0,32792843.40274427,49170.81912969798,12.292704782424495,0.0014994374999998663,1.000000000000075,True,True,True,True
OVERRIDE,self_fund_win,5.0,32792843.40274427,8198.210850686068,4,32655380.357761547,5439126.670650133,True,0.0,49170.81912970167,0.0,-3.688910510390997e-09,49170.81912969798,0.0,32792843.40274427,49170.81912969798,12.292704782424495,0.0014994374999998663,1.000000000000075,True,True,True,True
OVERRIDE,self_fund_win,5.0,32792843.40274427,8198.210850686068,5,32655380.357761547,6729194.63628122,True,0.0,49170.81912970167,0.0,-3.688910510390997e-09,49170.81912969798,0.0,32792843.40274427,49170.81912969798,12.292704782424495,0.0014994374999998663,1.000000000000075,True,True,True,True
OVERRIDE,self_fund_win,5.0,32792843.40274427,8198.210850686068,6,32655380.357761547,6038989.199570425,True,0.0,49170.81912970167,0.0,-3.688910510390997e-09,49170.81912969798,0.0,32792843.40274427,49170.81912969798,12.292704782424495,0.0014994374999998663,1.000000000000075,True,True,True,True
OVERRIDE,self_fund_win,5.0,32792843.40274427,8198.210850686068,7,32655380.357761547,7081572.645529387,True,0.0,49170.81912970167,0.0,-3.688910510390997e-09,49170.81912969798,0.0,32792843.40274427,49170.81912969798,12.292704782424495,0.0014994374999998663,1.000000000000075,True,True,True,True
OVERRIDE,self_fund_win,5.0,32792843.40274427,8198.210850686068,8,32655380.357761547,6190146.983784809,True,0.0,49170.81912970167,0.0,-3.688910510390997e-09,49170.81912969798,0.0,32792843.40274427,49170.81912969798,12.292704782424495,0.0014994374999998663,1.000000000000075,True,True,True,True
OVERRIDE,self_fund_win,5.0,32792843.40274427,8198.210850686068,9,32655380.357761547,6405839.729161921,True,0.0,49170.81912970167,0.0,-3.688910510390997e-09,49170.81912969798,0.0,32792843.40274427,49170.81912969798,12.292704782424495,0.0014994374999998663,1.000000000000075,True,True,True,True
OVERRIDE,self_fund_win,5.0,32792843.40274427,8198.210850686068,10,32655380.357761547,7927923.183360189,True,0.0,49170.81912970167,0.0,-3.688910510390997e-09,49170.81912969798,0.0,32792843.40274427,49170.81912969798,12.292704782424495,0.0014994374999998663,1.000000000000075,True,True,True,True
OVERRIDE,self_fund_win,5.0,32792843.40274427,8198.210850686068,11,32655380.357761547,6773247.18207647,True,0.0,49170.81912970167,0.0,-3.688910510390997e-09,49170.81912969798,0.0,32792843.40274427,49170.81912969798,12.292704782424495,0.0014994374999998663,1.000000000000075,True,True,True,True
OVERRIDE,self_fund_win,5.0,32792843.40274427,8198.210850686068,12,32655380.357761547,6021534.443274199,True,0.0,49170.81912970167,0.0,-3.688910510390997e-09,49170.81912969798,0.0,32792843.40274427,49170.81912969798,12.292704782424495,0.0014994374999998663,1.000000000000075,True,True,True,True
OVERRIDE,self_fund_win,5.0,32792843.40274427,8198.210850686068,13,32655380.357761547,6983219.860125855,True,0.0,49170.81912970167,0.0,-3.688910510390997e-09,49170.81912969798,0.0,32792843.40274427,49170.81912969798,12.292704782424495,0.0014994374999998663,1.000000000000075,True,True,True,True
OVERRIDE,self_fund_win,5.0,32792843.40274427,8198.210850686068,14,32655380.357761547,7065445.5188456895,True,0.0,49170.81912970167,0.0,-3.688910510390997e-09,49170.81912969798,0.0,32792843.40274427,49170.81912969798,12.292704782424495,0.0014994374999998663,1.000000000000075,True,True,True,True
OVERRIDE,self_fund_win,5.0,32792843.40274427,8198.210850686068,15,32655380.357761547,5375983.77021486,True,0.0,49170.81912970167,0.0,-3.688910510390997e-09,49170.81912969798,0.0,32792843.40274427,49170.81912969798,12.292704782424495,0.0014994374999998663,1.000000000000075,True,True,True,True
OVERRIDE,self_fund_win,5.0,32792843.40274427,8198.210850686068,16,32655380.357761547,6924988.351156846,True,0.0,49170.81912970167,0.0,-3.688910510390997e-09,49170.81912969798,0.0,32792843.40274427,49170.81912969798,12.292704782424495,0.0014994374999998663,1.000000000000075,True,True,True,True
OVERRIDE,self_fund_win,5.0,32792843.40274427,8198.210850686068,17,32655380.357761547,7440819.610783062,True,0.0,49170.81912970167,0.0,-3.688910510390997e-09,49170.81912969798,0.0,32792843.40274427,49170.81912969798,12.292704782424495,0.0014994374999998663,1.000000000000075,True,True,True,True
OVERRIDE,self_fund_win,5.0,32792843.40274427,8198.210850686068,18,32655380.357761547,7097024.796698604,True,0.0,49170.81912970167,0.0,-3.688910510390997e-09,49170.81912969798,0.0,32792843.40274427,49170.81912969798,12.292704782424495,0.0014994374999998663,1.000000000000075,True,True,True,True
OVERRIDE,self_fund_win,5.0,32792843.40274427,8198.210850686068,19,32655380.357761547,6236362.647223569,True,0.0,49170.81912970167,0.0,-3.688910510390997e-09,49170.81912969798,0.0,32792843.40274427,49170.81912969798,12.292704782424495,0.0014994374999998663,1.000000000000075,True,True,True,True
OVERRIDE,self_fund_win,5.0,32792843.40274427,8198.210850686068,20,32655380.357761547,6129589.374325319,True,0.0,49170.81912970167,0.0,-3.688910510390997e-09,49170.81912969798,0.0,32792843.40274427,49170.81912969798,12.292704782424495,0.0014994374999998663,1.000000000000075,True,True,True,True
OVERRIDE,self_fund_win,5.0,32792843.40274427,8198.210850686068,21,32655380.357761547,6257468.700289298,True,0.0,49170.81912970167,0.0,-3.688910510390997e-09,49170.81912969798,0.0,32792843.40274427,49170.81912969798,12.292704782424495,0.0014994374999998663,1.000000000000075,True,True,True,True
OVERRIDE,self_fund_win,5.0,32792843.40274427,8198.210850686068,22,32655380.357761547,7726468.754483482,True,0.0,49170.81912970167,0.0,-3.688910510390997e-09,49170.81912969798,0.0,32792843.40274427,49170.81912969798,12.292704782424495,0.0014994374999998663,1.000000000000075,True,True,True,True
OVERRIDE,self_fund_win,5.0,32792843.40274427,8198.210850686068,23,32655380.357761547,6085184.466128469,True,0.0,49170.81912970167,0.0,-3.688910510390997e-09,49170.81912969798,0.0,32792843.40274427,49170.81912969798,12.292704782424495,0.0014994374999998663,1.000000000000075,True,True,True,True
OVERRIDE,self_fund_win,5.0,32792843.40274427,8198.210850686068,24,32655380.357761547,6661137.8475240385,True,0.0,49170.81912970167,0.0,-3.688910510390997e-09,49170.81912969798,0.0,32792843.40274427,49170.81912969798,12.292704782424495,0.0014994374999998663,1.000000000000075,True,True,True,True
OVERRIDE,self_fund_win,5.0,32792843.40274427,8198.210850686068,25,32655380.357761547,5887131.2803625325,True,0.0,49170.81912970167,0.0,-3.688910510390997e-09,49170.81912969798,0.0,32792843.40274427,49170.81912969798,12.292704782424495,0.0014994374999998663,1.000000000000075,True,True,True,True
OVERRIDE,self_fund_win,5.0,32792843.40274427,8198.210850686068,26,32655380.357761547,7328533.701631874,True,0.0,49170.81912970167,0.0,-3.688910510390997e-09,49170.81912969798,0.0,32792843.40274427,49170.81912969798,12.292704782424495,0.0014994374999998663,1.000000000000075,True,True,True,True
OVERRIDE,self_fund_win,5.0,32792843.40274427,8198.210850686068,27,32655380.357761547,6811138.714192055,True,0.0,49170.81912970167,0.0,-3.688910510390997e-09,49170.81912969798,0.0,32792843.40274427,49170.81912969798,12.292704782424495,0.0014994374999998663,1.000000000000075,True,True,True,True
OVERRIDE,self_fund_win,5.0,32792843.40274427,8198.210850686068,28,32655380.357761547,6052785.1602829965,True,0.0,49170.81912970167,0.0,-3.688910510390997e-09,49170.81912969798,0.0,32792843.40274427,49170.81912969798,12.292704782424495,0.0014994374999998663,1.000000000000075,True,True,True,True
OVERRIDE,self_fund_win,5.0,32792843.40274427,8198.210850686068,29,32655380.357761547,7573933.888509724,True,0.0,49170.81912970167,0.0,-3.688910510390997e-09,49170.81912969798,0.0,32792843.40274427,49170.81912969798,12.292704782424495,0.0014994374999998663,1.000000000000075,True,True,True,True
OVERRIDE,self_fund_win,5.0,32792843.40274427,8198.210850686068,30,32655380.357761547,6951159.803009448,True,0.0,49170.81912970167,0.0,-3.688910510390997e-09,49170.81912969798,0.0,32792843.40274427,49170.81912969798,12.292704782424495,0.0014994374999998663,1.000000000000075,True,True,True,True
OVERRIDE,self_fund_win,5.0,32792843.40274427,8198.210850686068,31,32655380.357761547,5880402.68871731,True,0.0,49170.81912970167,0.0,-3.688910510390997e-09,49170.81912969798,0.0,32792843.40274427,49170.81912969798,12.292704782424495,0.0014994374999998663,1.000000000000075,True,True,True,True
OVERRIDE,self_fund_win,5.0,32792843.40274427,8198.210850686068,32,32655380.357761547,6969072.234603689,True,0.0,49170.81912970167,0.0,-3.688910510390997e-09,49170.81912969798,0.0,32792843.40274427,49170.81912969798,12.292704782424495,0.0014994374999998663,1.000000000000075,True,True,True,True
OVERRIDE,self_fund_win,5.0,32792843.40274427,8198.210850686068,33,32655380.357761547,6063817.613574697,True,0.0,49170.81912970167,0.0,-3.688910510390997e-09,49170.81912969798,0.0,32792843.40274427,49170.81912969798,12.292704782424495,0.0014994374999998663,1.000000000000075,True,True,True,True
OVERRIDE,self_fund_win,5.0,32792843.40274427,8198.210850686068,34,32655380.357761547,6479168.971192745,True,0.0,49170.81912970167,0.0,-3.688910510390997e-09,49170.81912969798,0.0,32792843.40274427,49170.81912969798,12.292704782424495,0.0014994374999998663,1.000000000000075,True,True,True,True
OVERRIDE,self_fund_win,5.0,32792843.40274427,8198.210850686068,35,32655380.357761547,5982120.143481306,True,0.0,49170.81912970167,0.0,-3.688910510390997e-09,49170.81912969798,0.0,32792843.40274427,49170.81912969798,12.292704782424495,0.0014994374999998663,1.000000000000075,True,True,True,True
OVERRIDE,self_fund_win,5.0,32792843.40274427,8198.210850686068,36,32655380.357761547,7198575.842316006,True,0.0,49170.81912970167,0.0,-3.688910510390997e-09,49170.81912969798,0.0,32792843.40274427,49170.81912969798,12.292704782424495,0.0014994374999998663,1.000000000000075,True,True,True,True
OVERRIDE,self_fund_win,5.0,32792843.40274427,8198.210850686068,37,32655380.357761547,6539055.333451614,True,0.0,49170.81912970167,0.0,-3.688910510390997e-09,49170.81912969798,0.0,32792843.40274427,49170.81912969798,12.292704782424495,0.0014994374999998663,1.000000000000075,True,True,True,True
OVERRIDE,self_fund_win,5.0,32792843.40274427,8198.210850686068,38,32655380.357761547,7303829.991890341,True,0.0,49170.81912970167,0.0,-3.688910510390997e-09,49170.81912969798,0.0,32792843.40274427,49170.81912969798,12.292704782424495,0.0014994374999998663,1.000000000000075,True,True,True,True
OVERRIDE,self_fund_win,5.0,32792843.40274427,8198.210850686068,39,32655380.357761547,5476317.847629883,True,0.0,49170.81912970167,0.0,-3.688910510390997e-09,49170.81912969798,0.0,32792843.40274427,49170.81912969798,12.292704782424495,0.0014994374999998663,1.000000000000075,True,True,True,True
OVERRIDE,self_fund_win,10.0,65585686.80548854,16396.421701372135,0,65310760.715523094,8304725.411482586,True,0.0,98341.63825940332,0.0,-2.9103830456733704e-11,98341.63825940329,1.1945995851490996e-10,65585686.80548854,98341.63825940329,24.585409564850824,0.0014994374999999782,1.0000000000000002,True,True,True,True
OVERRIDE,self_fund_win,10.0,65585686.80548854,16396.421701372135,1,65310760.715523094,6149330.287332998,True,0.0,98341.63825940332,0.0,-2.9103830456733704e-11,98341.63825940329,1.1945995851490996e-10,65585686.80548854,98341.63825940329,24.585409564850824,0.0014994374999999782,1.0000000000000002,True,True,True,True
OVERRIDE,self_fund_win,10.0,65585686.80548854,16396.421701372135,2,65310760.715523094,6275882.014902589,True,0.0,98341.63825940332,0.0,-2.9103830456733704e-11,98341.63825940329,1.1945995851490996e-10,65585686.80548854,98341.63825940329,24.585409564850824,0.0014994374999999782,1.0000000000000002,True,True,True,True
OVERRIDE,self_fund_win,10.0,65585686.80548854,16396.421701372135,3,65310760.715523094,5674654.489566003,True,0.0,98341.63825940332,0.0,-2.9103830456733704e-11,98341.63825940329,1.1945995851490996e-10,65585686.80548854,98341.63825940329,24.585409564850824,0.0014994374999999782,1.0000000000000002,True,True,True,True
OVERRIDE,self_fund_win,10.0,65585686.80548854,16396.421701372135,4,65310760.715523094,6228632.349634244,True,0.0,98341.63825940332,0.0,-2.9103830456733704e-11,98341.63825940329,1.1945995851490996e-10,65585686.80548854,98341.63825940329,24.585409564850824,0.0014994374999999782,1.0000000000000002,True,True,True,True
OVERRIDE,self_fund_win,10.0,65585686.80548854,16396.421701372135,5,65310760.715523094,6325566.877675656,True,0.0,98341.63825940332,0.0,-2.9103830456733704e-11,98341.63825940329,1.1945995851490996e-10,65585686.80548854,98341.63825940329,24.585409564850824,0.0014994374999999782,1.0000000000000002,True,True,True,True
OVERRIDE,self_fund_win,10.0,65585686.80548854,16396.421701372135,6,65310760.715523094,5243353.2822972145,True,0.0,98341.63825940332,0.0,-2.9103830456733704e-11,98341.63825940329,1.1945995851490996e-10,65585686.80548854,98341.63825940329,24.585409564850824,0.0014994374999999782,1.0000000000000002,True,True,True,True
OVERRIDE,self_fund_win,10.0,65585686.80548854,16396.421701372135,7,65310760.715523094,5834201.794052781,True,0.0,98341.63825940332,0.0,-2.9103830456733704e-11,98341.63825940329,1.1945995851490996e-10,65585686.80548854,98341.63825940329,24.585409564850824,0.0014994374999999782,1.0000000000000002,True,True,True,True
OVERRIDE,self_fund_win,10.0,65585686.80548854,16396.421701372135,8,65310760.715523094,6627900.442041988,True,0.0,98341.63825940332,0.0,-2.9103830456733704e-11,98341.63825940329,1.1945995851490996e-10,65585686.80548854,98341.63825940329,24.585409564850824,0.0014994374999999782,1.0000000000000002,True,True,True,True
OVERRIDE,self_fund_win,10.0,65585686.80548854,16396.421701372135,9,65310760.715523094,7656971.607099169,True,0.0,98341.63825940332,0.0,-2.9103830456733704e-11,98341.63825940329,1.1945995851490996e-10,65585686.80548854,98341.63825940329,24.585409564850824,0.0014994374999999782,1.0000000000000002,True,True,True,True
OVERRIDE,self_fund_win,10.0,65585686.80548854,16396.421701372135,10,65310760.715523094,7029893.596479809,True,0.0,98341.63825940332,0.0,-2.9103830456733704e-11,98341.63825940329,1.1945995851490996e-10,65585686.80548854,98341.63825940329,24.585409564850824,0.0014994374999999782,1.0000000000000002,True,True,True,True
OVERRIDE,self_fund_win,10.0,65585686.80548854,16396.421701372135,11,65310760.715523094,7077234.774034805,True,0.0,98341.63825940332,0.0,-2.9103830456733704e-11,98341.63825940329,1.1945995851490996e-10,65585686.80548854,98341.63825940329,24.585409564850824,0.0014994374999999782,1.0000000000000002,True,True,True,True
OVERRIDE,self_fund_win,10.0,65585686.80548854,16396.421701372135,12,65310760.715523094,6784448.855225308,True,0.0,98341.63825940332,0.0,-2.9103830456733704e-11,98341.63825940329,1.1945995851490996e-10,65585686.80548854,98341.63825940329,24.585409564850824,0.0014994374999999782,1.0000000000000002,True,True,True,True
OVERRIDE,self_fund_win,10.0,65585686.80548854,16396.421701372135,13,65310760.715523094,5490150.360162688,True,0.0,98341.63825940332,0.0,-2.9103830456733704e-11,98341.63825940329,1.1945995851490996e-10,65585686.80548854,98341.63825940329,24.585409564850824,0.0014994374999999782,1.0000000000000002,True,True,True,True
OVERRIDE,self_fund_win,10.0,65585686.80548854,16396.421701372135,14,65310760.715523094,6847657.8848820655,True,0.0,98341.63825940332,0.0,-2.9103830456733704e-11,98341.63825940329,1.1945995851490996e-10,65585686.80548854,98341.63825940329,24.585409564850824,0.0014994374999999782,1.0000000000000002,True,True,True,True
OVERRIDE,self_fund_win,10.0,65585686.80548854,16396.421701372135,15,65310760.715523094,7208945.788599671,True,0.0,98341.63825940332,0.0,-2.9103830456733704e-11,98341.63825940329,1.1945995851490996e-10,65585686.80548854,98341.63825940329,24.585409564850824,0.0014994374999999782,1.0000000000000002,True,True,True,True
OVERRIDE,self_fund_win,10.0,65585686.80548854,16396.421701372135,16,65310760.715523094,7216270.380105529,True,0.0,98341.63825940332,0.0,-2.9103830456733704e-11,98341.63825940329,1.1945995851490996e-10,65585686.80548854,98341.63825940329,24.585409564850824,0.0014994374999999782,1.0000000000000002,True,True,True,True
OVERRIDE,self_fund_win,10.0,65585686.80548854,16396.421701372135,17,65310760.715523094,7495467.813785889,True,0.0,98341.63825940332,0.0,-2.9103830456733704e-11,98341.63825940329,1.1945995851490996e-10,65585686.80548854,98341.63825940329,24.585409564850824,0.0014994374999999782,1.0000000000000002,True,True,True,True
OVERRIDE,self_fund_win,10.0,65585686.80548854,16396.421701372135,18,65310760.715523094,5551043.696364464,True,0.0,98341.63825940332,0.0,-2.9103830456733704e-11,98341.63825940329,1.1945995851490996e-10,65585686.80548854,98341.63825940329,24.585409564850824,0.0014994374999999782,1.0000000000000002,True,True,True,True
OVERRIDE,self_fund_win,10.0,65585686.80548854,16396.421701372135,19,65310760.715523094,7559551.771698185,True,0.0,98341.63825940332,0.0,-2.9103830456733704e-11,98341.63825940329,1.1945995851490996e-10,65585686.80548854,98341.63825940329,24.585409564850824,0.0014994374999999782,1.0000000000000002,True,True,True,True
OVERRIDE,self_fund_win,10.0,65585686.80548854,16396.421701372135,20,65310760.715523094,5297903.79521487,True,0.0,98341.63825940332,0.0,-2.9103830456733704e-11,98341.63825940329,1.1945995851490996e-10,65585686.80548854,98341.63825940329,24.585409564850824,0.0014994374999999782,1.0000000000000002,True,True,True,True
OVERRIDE,self_fund_win,10.0,65585686.80548854,16396.421701372135,21,65310760.715523094,7242003.76262755,True,0.0,98341.63825940332,0.0,-2.9103830456733704e-11,98341.63825940329,1.1945995851490996e-10,65585686.80548854,98341.63825940329,24.585409564850824,0.0014994374999999782,1.0000000000000002,True,True,True,True
OVERRIDE,self_fund_win,10.0,65585686.80548854,16396.421701372135,22,65310760.715523094,6407053.45474198,True,0.0,98341.63825940332,0.0,-2.9103830456733704e-11,98341.63825940329,1.1945995851490996e-10,65585686.80548854,98341.63825940329,24.585409564850824,0.0014994374999999782,1.0000000000000002,True,True,True,True
OVERRIDE,self_fund_win,10.0,65585686.80548854,16396.421701372135,23,65310760.715523094,6266758.533861555,True,0.0,98341.63825940332,0.0,-2.9103830456733704e-11,98341.63825940329,1.1945995851490996e-10,65585686.80548854,98341.63825940329,24.585409564850824,0.0014994374999999782,1.0000000000000002,True,True,True,True
OVERRIDE,self_fund_win,10.0,65585686.80548854,16396.421701372135,24,65310760.715523094,6180383.0639901515,True,0.0,98341.63825940332,0.0,-2.9103830456733704e-11,98341.63825940329,1.1945995851490996e-10,65585686.80548854,98341.63825940329,24.585409564850824,0.0014994374999999782,1.0000000000000002,True,True,True,True
OVERRIDE,self_fund_win,10.0,65585686.80548854,16396.421701372135,25,65310760.715523094,6159423.049808849,True,0.0,98341.63825940332,0.0,-2.9103830456733704e-11,98341.63825940329,1.1945995851490996e-10,65585686.80548854,98341.63825940329,24.585409564850824,0.0014994374999999782,1.0000000000000002,True,True,True,True
OVERRIDE,self_fund_win,10.0,65585686.80548854,16396.421701372135,26,65310760.715523094,6658028.980289044,True,0.0,98341.63825940332,0.0,-2.9103830456733704e-11,98341.63825940329,1.1945995851490996e-10,65585686.80548854,98341.63825940329,24.585409564850824,0.0014994374999999782,1.0000000000000002,True,True,True,True
OVERRIDE,self_fund_win,10.0,65585686.80548854,16396.421701372135,27,65310760.715523094,5953644.803351369,True,0.0,98341.63825940332,0.0,-2.9103830456733704e-11,98341.63825940329,1.1945995851490996e-10,65585686.80548854,98341.63825940329,24.585409564850824,0.0014994374999999782,1.0000000000000002,True,True,True,True
OVERRIDE,self_fund_win,10.0,65585686.80548854,16396.421701372135,28,65310760.715523094,6204104.906156406,True,0.0,98341.63825940332,0.0,-2.9103830456733704e-11,98341.63825940329,1.1945995851490996e-10,65585686.80548854,98341.63825940329,24.585409564850824,0.0014994374999999782,1.0000000000000002,True,True,True,True
OVERRIDE,self_fund_win,10.0,65585686.80548854,16396.421701372135,29,65310760.715523094,7033059.541250926,True,0.0,98341.63825940332,0.0,-2.9103830456733704e-11,98341.63825940329,1.1945995851490996e-10,65585686.80548854,98341.63825940329,24.585409564850824,0.0014994374999999782,1.0000000000000002,True,True,True,True
OVERRIDE,self_fund_win,10.0,65585686.80548854,16396.421701372135,30,65310760.715523094,6567724.32708527,True,0.0,98341.63825940332,0.0,-2.9103830456733704e-11,98341.63825940329,1.1945995851490996e-10,65585686.80548854,98341.63825940329,24.585409564850824,0.0014994374999999782,1.0000000000000002,True,True,True,True
OVERRIDE,self_fund_win,10.0,65585686.80548854,16396.421701372135,31,65310760.715523094,6973054.818590673,True,0.0,98341.63825940332,0.0,-2.9103830456733704e-11,98341.63825940329,1.1945995851490996e-10,65585686.80548854,98341.63825940329,24.585409564850824,0.0014994374999999782,1.0000000000000002,True,True,True,True
OVERRIDE,self_fund_win,10.0,65585686.80548854,16396.421701372135,32,65310760.715523094,6127715.369580368,True,0.0,98341.63825940332,0.0,-2.9103830456733704e-11,98341.63825940329,1.1945995851490996e-10,65585686.80548854,98341.63825940329,24.585409564850824,0.0014994374999999782,1.0000000000000002,True,True,True,True
OVERRIDE,self_fund_win,10.0,65585686.80548854,16396.421701372135,33,65310760.715523094,6924974.866763033,True,0.0,98341.63825940332,0.0,-2.9103830456733704e-11,98341.63825940329,1.1945995851490996e-10,65585686.80548854,98341.63825940329,24.585409564850824,0.0014994374999999782,1.0000000000000002,True,True,True,True
OVERRIDE,self_fund_win,10.0,65585686.80548854,16396.421701372135,34,65310760.715523094,7293885.3992333785,True,0.0,98341.63825940332,0.0,-2.9103830456733704e-11,98341.63825940329,1.1945995851490996e-10,65585686.80548854,98341.63825940329,24.585409564850824,0.0014994374999999782,1.0000000000000002,True,True,True,True
OVERRIDE,self_fund_win,10.0,65585686.80548854,16396.421701372135,35,65310760.715523094,6957891.488746202,True,0.0,98341.63825940332,0.0,-2.9103830456733704e-11,98341.63825940329,1.1945995851490996e-10,65585686.80548854,98341.63825940329,24.585409564850824,0.0014994374999999782,1.0000000000000002,True,True,True,True
OVERRIDE,self_fund_win,10.0,65585686.80548854,16396.421701372135,36,65310760.715523094,6098494.659337345,True,0.0,98341.63825940332,0.0,-2.9103830456733704e-11,98341.63825940329,1.1945995851490996e-10,65585686.80548854,98341.63825940329,24.585409564850824,0.0014994374999999782,1.0000000000000002,True,True,True,True
OVERRIDE,self_fund_win,10.0,65585686.80548854,16396.421701372135,37,65310760.715523094,7455631.500814648,True,0.0,98341.63825940332,0.0,-2.9103830456733704e-11,98341.63825940329,1.1945995851490996e-10,65585686.80548854,98341.63825940329,24.585409564850824,0.0014994374999999782,1.0000000000000002,True,True,True,True
OVERRIDE,self_fund_win,10.0,65585686.80548854,16396.421701372135,38,65310760.715523094,5034475.229843423,True,0.0,98341.63825940332,0.0,-2.9103830456733704e-11,98341.63825940329,1.1945995851490996e-10,65585686.80548854,98341.63825940329,24.585409564850824,0.0014994374999999782,1.0000000000000002,True,True,True,True
OVERRIDE,self_fund_win,10.0,65585686.80548854,16396.421701372135,39,65310760.715523094,6909242.417174449,True,0.0,98341.63825940332,0.0,-2.9103830456733704e-11,98341.63825940329,1.1945995851490996e-10,65585686.80548854,98341.63825940329,24.585409564850824,0.0014994374999999782,1.0000000000000002,True,True,True,True
