curve,strategy,capital_multiple,capital_parent,capital_usd,trial,attacker_avg,best_honest_avg,is_top,snipe_fees,hop_fees,protocol_fees,price_impact_loss,round_trip_loss,mark_to_market,capital_deployed,cost_parent,cost_usd,cost_pct_of_capital,fee_share_of_cost,win_h0.0025,win_h0.005,win_h0.01,win_h0.0015
SINGLE_LIKE,self_fund_win,0.5,3202772.588976638,800.6931472441595,0,3183835.261902308,6627919.147231575,False,0.0,4802.357323883905,0.0,5.929905455559492e-10,4802.357323884498,0.0,3202772.588976638,4802.357323884498,1.2005893309711246,0.0014994375000002625,0.9999999999998765,False,False,False,False
SINGLE_LIKE,self_fund_win,0.5,3202772.588976638,800.6931472441595,1,3183835.261902308,5085583.8927977355,False,0.0,4802.357323883905,0.0,5.929905455559492e-10,4802.357323884498,0.0,3202772.588976638,4802.357323884498,1.2005893309711246,0.0014994375000002625,0.9999999999998765,False,False,False,False
SINGLE_LIKE,self_fund_win,0.5,3202772.588976638,800.6931472441595,2,3183835.261902308,7634781.101541624,False,0.0,4802.357323883905,0.0,5.929905455559492e-10,4802.357323884498,0.0,3202772.588976638,4802.357323884498,1.2005893309711246,0.0014994375000002625,0.9999999999998765,False,False,False,False
SINGLE_LIKE,self_fund_win,0.5,3202772.588976638,800.6931472441595,3,3183835.261902308,6003466.1741072135,False,0.0,4802.357323883905,0.0,5.929905455559492e-10,4802.357323884498,0.0,3202772.588976638,4802.357323884498,1.2005893309711246,0.0014994375000002625,0.9999999999998765,False,False,False,False
SINGLE_LIKE,self_fund_win,0.5,3202772.588976638,800.6931472441595,4,3183835.261902308,7304795.295941547,False,0.0,4802.357323883905,0.0,5.929905455559492e-10,4802.357323884498,0.0,3202772.588976638,4802.357323884498,1.2005893309711246,0.0014994375000002625,0.9999999999998765,False,False,False,False
SINGLE_LIKE,self_fund_win,0.5,3202772.588976638,800.6931472441595,5,3183835.261902308,5600216.8604083,False,0.0,4802.357323883905,0.0,5.929905455559492e-10,4802.357323884498,0.0,3202772.588976638,4802.357323884498,1.2005893309711246,0.0014994375000002625,0.9999999999998765,False,False,False,False
SINGLE_LIKE,self_fund_win,0.5,3202772.588976638,800.6931472441595,6,3183835.261902308,6332156.854602197,False,0.0,4802.357323883905,0.0,5.929905455559492e-10,4802.357323884498,0.0,3202772.588976638,4802.357323884498,1.2005893309711246,0.0014994375000002625,0.9999999999998765,False,False,False,False
SINGLE_LIKE,self_fund_win,0.5,3202772.588976638,800.6931472441595,7,3183835.261902308,6116248.203583747,False,0.0,4802.357323883905,0.0,5.929905455559492e-10,4802.357323884498,0.0,3202772.588976638,4802.357323884498,1.2005893309711246,0.0014994375000002625,0.9999999999998765,False,False,False,False
SINGLE_LIKE,self_fund_win,0.5,3202772.588976638,800.6931472441595,8,3183835.261902308,5947782.11316951,False,0.0,4802.357323883905,0.0,5.929905455559492e-10,4802.357323884498,0.0,3202772.588976638,4802.357323884498,1.2005893309711246,0.0014994375000002625,0.9999999999998765,False,False,False,False
SINGLE_LIKE,self_fund_win,0.5,3202772.588976638,800.6931472441595,9,3183835.261902308,6780419.491766369,False,0.0,4802.357323883905,0.0,5.929905455559492e-10,4802.357323884498,0.0,3202772.588976638,4802.357323884498,1.2005893309711246,0.0014994375000002625,0.9999999999998765,False,False,False,False
SINGLE_LIKE,self_fund_win,0.5,3202772.588976638,800.6931472441595,10,3183835.261902308,6615672.860456441,False,0.0,4802.357323883905,0.0,5.929905455559492e-10,4802.357323884498,0.0,3202772.588976638,4802.357323884498,1.2005893309711246,0.0014994375000002625,0.9999999999998765,False,False,False,False
SINGLE_LIKE,self_fund_win,0.5,3202772.588976638,800.6931472441595,11,3183835.261902308,6120499.467758342,False,0.0,4802.357323883905,0.0,5.929905455559492e-10,4802.357323884498,0.0,3202772.588976638,4802.357323884498,1.2005893309711246,0.0014994375000002625,0.9999999999998765,False,False,False,False
SINGLE_LIKE,self_fund_win,0.5,3202772.588976638,800.6931472441595,12,3183835.261902308,6344520.708781084,False,0.0,4802.357323883905,0.0,5.929905455559492e-10,4802.357323884498,0.0,3202772.588976638,4802.357323884498,1.2005893309711246,0.0014994375000002625,0.9999999999998765,False,False,False,False
SINGLE_LIKE,self_fund_win,0.5,3202772.588976638,800.6931472441595,13,3183835.261902308,6666008.329960409,False,0.0,4802.357323883905,0.0,5.929905455559492e-10,4802.357323884498,0.0,3202772.588976638,4802.357323884498,1.2005893309711246,0.0014994375000002625,0.9999999999998765,False,False,False,False
SINGLE_LIKE,self_fund_win,0.5,3202772.588976638,800.6931472441595,14,3183835.261902308,5403962.855732939,False,0.0,4802.357323883905,0.0,5.929905455559492e-10,4802.357323884498,0.0,3202772.588976638,4802.357323884498,1.2005893309711246,0.0014994375000002625,0.9999999999998765,False,False,False,False
SINGLE_LIKE,self_fund_win,0.5,3202772.588976638,800.6931472441595,15,3183835.261902308,7771946.613958898,False,0.0,4802.357323883905,0.0,5.929905455559492e-10,4802.357323884498,0.0,3202772.588976638,4802.357323884498,1.2005893309711246,0.0014994375000002625,0.9999999999998765,False,False,False,False
SINGLE_LIKE,self_fund_win,0.5,3202772.588976638,800.6931472441595,16,3183835.261902308,7307521.074939161,False,0.0,4802.357323883905,0.0,5.929905455559492e-10,4802.357323884498,0.0,3202772.588976638,4802.357323884498,1.2005893309711246,0.0014994375000002625,0.9999999999998765,False,False,False,False
SINGLE_LIKE,self_fund_win,0.5,3202772.588976638,800.6931472441595,17,3183835.261902308,7175756.332278425,False,0.0,4802.357323883905,0.0,5.929905455559492e-10,4802.357323884498,0.0,3202772.588976638,4802.357323884498,1.2005893309711246,0.0014994375000002625,0.9999999999998765,False,False,False,False
SINGLE_LIKE,self_fund_win,0.5,3202772.588976638,800.6931472441595,18,3183835.261902308,7719086.997298493,False,0.0,4802.357323883905,0.0,5.929905455559492e-10,4802.357323884498,0.0,3202772.588976638,4802.357323884498,1.2005893309711246,0.0014994375000002625,0.9999999999998765,False,False,False,False
SINGLE_LIKE,self_fund_win,0.5,3202772.588976638,800.6931472441595,19,3183835.261902308,6588302.912402981,False,0.0,4802.357323883905,0.0,5.929905455559492e-10,4802.357323884498,0.0,3202772.588976638,4802.357323884498,1.2005893309711246,0.0014994375000002625,0.9999999999998765,False,False,False,False
SINGLE_LIKE,self_fund_win,0.5,3202772.588976638,800.6931472441595,20,3183835.261902308,6881043.769041938,False,0.0,4802.357323883905,0.0,5.929905455559492e-10,4802.357323884498,0.0,3202772.588976638,4802.357323884498,1.2005893309711246,0.0014994375000002625,0.9999999999998765,False,False,False,False
SINGLE_LIKE,self_fund_win,0.5,3202772.588976638,800.6931472441595,21,3183835.261902308,6231379.474285057,False,0.0,4802.357323883905,0.0,5.929905455559492e-10,4802.357323884498,0.0,3202772.588976638,4802.357323884498,1.2005893309711246,0.0014994375000002625,0.9999999999998765,False,False,False,False
SINGLE_LIKE,self_fund_win,0.5,3202772.588976638,800.6931472441595,22,3183835.261902308,4351267.826591183,False,0.0,4802.357323883905,0.0,5.929905455559492e-10,4802.357323884498,0.0,3202772.588976638,4802.357323884498,1.2005893309711246,0.0014994375000002625,0.9999999999998765,False,False,False,False
SINGLE_LIKE,self_fund_win,0.5,3202772.588976638,800.6931472441595,23,3183835.261902308,5974566.218981209,False,0.0,4802.357323883905,0.0,5.929905455559492e-10,4802.357323884498,0.0,3202772.588976638,4802.357323884498,1.2005893309711246,0.0014994375000002625,0.9999999999998765,False,False,False,False
SINGLE_LIKE,self_fund_win,0.5,3202772.588976638,800.6931472441595,24,3183835.261902308,5482129.677829875,False,0.0,4802.357323883905,0.0,5.929905455559492e-10,4802.357323884498,0.0,3202772.588976638,4802.357323884498,1.2005893309711246,0.0014994375000002625,0.9999999999998765,False,False,False,False
SINGLE_LIKE,self_fund_win,0.5,3202772.588976638,800.6931472441595,25,3183835.261902308,7356649.848676202,False,0.0,4802.357323883905,0.0,5.929905455559492e-10,4802.357323884498,0.0,3202772.588976638,4802.357323884498,1.2005893309711246,0.0014994375000002625,0.9999999999998765,False,False,False,False
SINGLE_LIKE,self_fund_win,0.5,3202772.588976638,800.6931472441595,26,3183835.261902308,7912579.223814697,False,0.0,4802.357323883905,0.0,5.929905455559492e-10,4802.357323884498,0.0,3202772.588976638,4802.357323884498,1.2005893309711246,0.0014994375000002625,0.9999999999998765,False,False,False,False
SINGLE_LIKE,self_fund_win,0.5,3202772.588976638,800.6931472441595,27,3183835.261902308,6116146.103232995,False,0.0,4802.357323883905,0.0,5.929905455559492e-10,4802.357323884498,0.0,3202772.588976638,4802.357323884498,1.2005893309711246,0.0014994375000002625,0.9999999999998765,False,False,False,False
SINGLE_LIKE,self_fund_win,0.5,3202772.588976638,800.6931472441595,28,3183835.261902308,6512847.035745507,False,0.0,4802.357323883905,0.0,5.929905455559492e-10,4802.357323884498,0.0,3202772.588976638,4802.357323884498,1.2005893309711246,0.0014994375000002625,0.9999999999998765,False,False,False,False
SINGLE_LIKE,self_fund_win,0.5,3202772.588976638,800.6931472441595,29,3183835.261902308,7084675.64479325,False,0.0,4802.357323883905,0.0,5.929905455559492e-10,4802.357323884498,0.0,3202772.588976638,4802.357323884498,1.2005893309711246,0.0014994375000002625,0.9999999999998765,False,False,False,False
SINGLE_LIKE,self_fund_win,0.5,3202772.588976638,800.6931472441595,30,3183835.261902308,5787534.011645936,False,0.0,4802.357323883905,0.0,5.929905455559492e-10,4802.357323884498,0.0,3202772.588976638,4802.357323884498,1.2005893309711246,0.0014994375000002625,0.9999999999998765,False,False,False,False
SINGLE_LIKE,self_fund_win,0.5,3202772.588976638,800.6931472441595,31,3183835.261902308,5421280.573407538,False,0.0,4802.357323883905,0.0,5.929905455559492e-10,4802.357323884498,0.0,3202772.588976638,4802.357323884498,1.2005893309711246,0.0014994375000002625,0.9999999999998765,False,False,False,False
SINGLE_LIKE,self_fund_win,0.5,3202772.588976638,800.6931472441595,32,3183835.261902308,6617063.56058824,False,0.0,4802.357323883905,0.0,5.929905455559492e-10,4802.357323884498,0.0,3202772.588976638,4802.357323884498,1.2005893309711246,0.0014994375000002625,0.9999999999998765,False,False,False,False
SINGLE_LIKE,self_fund_win,0.5,3202772.588976638,800.6931472441595,33,3183835.261902308,7088900.301712935,False,0.0,4802.357323883905,0.0,5.929905455559492e-10,4802.357323884498,0.0,3202772.588976638,4802.357323884498,1.2005893309711246,0.0014994375000002625,0.9999999999998765,False,False,False,False
SINGLE_LIKE,self_fund_win,0.5,3202772.588976638,800.6931472441595,34,3183835.261902308,6308257.942426656,False,0.0,4802.357323883905,0.0,5.929905455559492e-10,4802.357323884498,0.0,3202772.588976638,4802.357323884498,1.2005893309711246,0.0014994375000002625,0.9999999999998765,False,False,False,False
SINGLE_LIKE,self_fund_win,0.5,3202772.588976638,800.6931472441595,35,3183835.261902308,6187598.588041566,False,0.0,4802.357323883905,0.0,5.929905455559492e-10,4802.357323884498,0.0,3202772.588976638,4802.357323884498,1.2005893309711246,0.0014994375000002625,0.9999999999998765,False,False,False,False
SINGLE_LIKE,self_fund_win,0.5,3202772.588976638,800.6931472441595,36,3183835.261902308,7307303.135165226,False,0.0,4802.357323883905,0.0,5.929905455559492e-10,4802.357323884498,0.0,3202772.588976638,4802.357323884498,1.2005893309711246,0.0014994375000002625,0.9999999999998765,False,False,False,False
SINGLE_LIKE,self_fund_win,0.5,3202772.588976638,800.6931472441595,37,3183835.261902308,7617900.15229966,False,0.0,4802.357323883905,0.0,5.929905455559492e-10,4802.357323884498,0.0,3202772.588976638,4802.357323884498,1.2005893309711246,0.0014994375000002625,0.9999999999998765,False,False,False,False
SINGLE_LIKE,self_fund_win,0.5,3202772.588976638,800.6931472441595,38,3183835.261902308,6672404.028713236,False,0.0,4802.357323883905,0.0,5.929905455559492e-10,4802.357323884498,0.0,3202772.588976638,4802.357323884498,1.2005893309711246,0.0014994375000002625,0.9999999999998765,False,False,False,False
SINGLE_LIKE,self_fund_win,0.5,3202772.588976638,800.6931472441595,39,3183835.261902308,7467539.994346854,False,0.0,4802.357323883905,0.0,5.929905455559492e-10,4802.357323884498,0.0,3202772.588976638,4802.357323884498,1.2005893309711246,0.0014994375000002625,0.9999999999998765,False,False,False,False
SINGLE_LIKE,self_fund_win,1.0,6405545.177953276,1601.386294488319,0,6367670.523804616,6823428.484328171,False,0.0,9604.714647767814,0.0,-3.474269760772586e-09,9604.71464776434,0.0,6405545.177953276,9604.71464776434,2.401178661941085,0.0014994374999995356,1.0000000000003617,False,False,False,False
SINGLE_LIKE,self_fund_win,1.0,6405545.177953276,1601.386294488319,1,6367670.523804616,6032180.284061655,True,0.0,9604.714647767814,0.0,-3.474269760772586e-09,9604.71464776434,0.0,6405545.177953276,9604.71464776434,2.401178661941085,0.0014994374999995356,1.0000000000003617,True,True,False,True
SINGLE_LIKE,self_fund_win,1.0,6405545.177953276,1601.386294488319,2,6367670.523804616,6542065.710051771,False,0.0,9604.714647767814,0.0,-3.474269760772586e-09,9604.71464776434,0.0,6405545.177953276,9604.71464776434,2.401178661941085,0.0014994374999995356,1.0000000000003617,False,False,False,False
SINGLE_LIKE,self_fund_win,1.0,6405545.177953276,1601.386294488319,3,6367670.523804616,5792922.212924445,True,0.0,9604.714647767814,0.0,-3.474269760772586e-09,9604.71464776434,0.0,6405545.177953276,9604.71464776434,2.401178661941085,0.0014994374999995356,1.0000000000003617,True,True,False,True
SINGLE_LIKE,self_fund_win,1.0,6405545.177953276,1601.386294488319,4,6367670.523804616,6360477.725089892,True,0.0,9604.714647767814,0.0,-3.474269760772586e-09,9604.71464776434,0.0,6405545.177953276,9604.71464776434,2.401178661941085,0.0014994374999995356,1.0000000000003617,True,True,False,True
SINGLE_LIKE,self_fund_win,1.0,6405545.177953276,1601.386294488319,5,6367670.523804616,7144523.366276009,False,0.0,9604.714647767814,0.0,-3.474269760772586e-09,9604.71464776434,0.0,6405545.177953276,9604.71464776434,2.401178661941085,0.0014994374999995356,1.0000000000003617,False,False,False,False
SINGLE_LIKE,self_fund_win,1.0,6405545.177953276,1601.386294488319,6,6367670.523804616,6306094.590231723,True,0.0,9604.714647767814,0.0,-3.474269760772586e-09,9604.71464776434,0.0,6405545.177953276,9604.71464776434,2.401178661941085,0.0014994374999995356,1.0000000000003617,True,True,False,True
SINGLE_LIKE,self_fund_win,1.0,6405545.177953276,1601.386294488319,7,6367670.523804616,7425303.963547455,False,0.0,9604.714647767814,0.0,-3.474269760772586e-09,9604.71464776434,0.0,6405545.177953276,9604.71464776434,2.401178661941085,0.0014994374999995356,1.0000000000003617,False,False,False,False
SINGLE_LIKE,self_fund_win,1.0,6405545.177953276,1601.386294488319,8,6367670.523804616,7104621.914615925,False,0.0,9604.714647767814,0.0,-3.474269760772586e-09,9604.71464776434,0.0,6405545.177953276,9604.71464776434,2.401178661941085,0.0014994374999995356,1.0000000000003617,False,False,False,False
SINGLE_LIKE,self_fund_win,1.0,6405545.177953276,1601.386294488319,9,6367670.523804616,6430986.337114668,False,0.0,9604.714647767814,0.0,-3.474269760772586e-09,9604.71464776434,0.0,6405545.177953276,9604.71464776434,2.401178661941085,0.0014994374999995356,1.0000000000003617,False,False,False,False
SINGLE_LIKE,self_fund_win,1.0,6405545.177953276,1601.386294488319,10,6367670.523804616,5306244.09267124,True,0.0,9604.714647767814,0.0,-3.474269760772586e-09,9604.71464776434,0.0,6405545.177953276,9604.71464776434,2.401178661941085,0.0014994374999995356,1.0000000000003617,True,True,False,True
SINGLE_LIKE,self_fund_win,1.0,6405545.177953276,1601.386294488319,11,6367670.523804616,7269285.38473123,False,0.0,9604.714647767814,0.0,-3.474269760772586e-09,9604.71464776434,0.0,6405545.177953276,9604.71464776434,2.401178661941085,0.0014994374999995356,1.0000000000003617,False,False,False,False
SINGLE_LIKE,self_fund_win,1.0,6405545.177953276,1601.386294488319,12,6367670.523804616,5468056.945694178,True,0.0,9604.714647767814,0.0,-3.474269760772586e-09,9604.71464776434,0.0,6405545.177953276,9604.71464776434,2.401178661941085,0.0014994374999995356,1.0000000000003617,True,True,False,True
SINGLE_LIKE,self_fund_win,1.0,6405545.177953276,1601.386294488319,13,6367670.523804616,5970583.135045975,True,0.0,9604.714647767814,0.0,-3.474269760772586e-09,9604.71464776434,0.0,6405545.177953276,9604.71464776434,2.401178661941085,0.0014994374999995356,1.0000000000003617,True,True,False,True
SINGLE_LIKE,self_fund_win,1.0,6405545.177953276,1601.386294488319,14,6367670.523804616,6983097.907468239,False,0.0,9604.714647767814,0.0,-3.474269760772586e-09,9604.71464776434,0.0,6405545.177953276,9604.71464776434,2.401178661941085,0.0014994374999995356,1.0000000000003617,False,False,False,False
SINGLE_LIKE,self_fund_win,1.0,6405545.177953276,1601.386294488319,15,6367670.523804616,6507348.245007456,False,0.0,9604.714647767814,0.0,-3.474269760772586e-09,9604.71464776434,0.0,6405545.177953276,9604.71464776434,2.401178661941085,0.0014994374999995356,1.0000000000003617,False,False,False,False
SINGLE_LIKE,self_fund_win,1.0,6405545.177953276,1601.386294488319,16,6367670.523804616,7054776.109388437,False,0.0,9604.714647767814,0.0,-3.474269760772586e-09,9604.71464776434,0.0,6405545.177953276,9604.71464776434,2.401178661941085,0.0014994374999995356,1.0000000000003617,False,False,False,False
SINGLE_LIKE,self_fund_win,1.0,6405545.177953276,1601.386294488319,17,6367670.523804616,5577101.950712939,True,0.0,9604.714647767814,0.0,-3.474269760772586e-09,9604.71464776434,0.0,6405545.177953276,9604.71464776434,2.401178661941085,0.0014994374999995356,1.0000000000003617,True,True,False,True
SINGLE_LIKE,self_fund_win,1.0,6405545.177953276,1601.386294488319,18,6367670.523804616,5970324.9156773705,True,0.0,9604.714647767814,0.0,-3.474269760772586e-09,9604.71464776434,0.0,6405545.177953276,9604.71464776434,2.401178661941085,0.0014994374999995356,1.0000000000003617,True,True,False,True
SINGLE_LIKE,self_fund_win,1.0,6405545.177953276,1601.386294488319,19,6367670.523804616,7453058.617122979,False,0.0,9604.714647767814,0.0,-3.474269760772586e-09,9604.71464776434,0.0,6405545.177953276,9604.71464776434,2.401178661941085,0.0014994374999995356,1.0000000000003617,False,False,False,False
SINGLE_LIKE,self_fund_win,1.0,6405545.177953276,1601.386294488319,20,6367670.523804616,5171159.758199164,True,0.0,9604.714647767814,0.0,-3.474269760772586e-09,9604.71464776434,0.0,6405545.177953276,9604.71464776434,2.401178661941085,0.0014994374999995356,1.0000000000003617,True,True,False,True
SINGLE_LIKE,self_fund_win,1.0,6405545.177953276,1601.386294488319,21,6367670.523804616,7077134.290411647,False,0.0,9604.714647767814,0.0,-3.474269760772586e-09,9604.71464776434,0.0,6405545.177953276,9604.71464776434,2.401178661941085,0.0014994374999995356,1.0000000000003617,False,False,False,False
SINGLE_LIKE,self_fund_win,1.0,6405545.177953276,1601.386294488319,22,6367670.523804616,5953396.121354073,True,0.0,9604.714647767814,0.0,-3.474269760772586e-09,9604.71464776434,0.0,6405545.177953276,9604.71464776434,2.401178661941085,0.0014994374999995356,1.0000000000003617,True,True,False,True
SINGLE_LIKE,self_fund_win,1.0,6405545.177953276,1601.386294488319,23,6367670.523804616,6298191.159422787,True,0.0,9604.714647767814,0.0,-3.474269760772586e-09,9604.71464776434,0.0,6405545.177953276,9604.71464776434,2.401178661941085,0.0014994374999995356,1.0000000000003617,True,True,False,True
SINGLE_LIKE,self_fund_win,1.0,6405545.177953276,1601.386294488319,24,6367670.523804616,8065089.53913215,False,0.0,9604.714647767814,0.0,-3.474269760772586e-09,9604.71464776434,0.0,6405545.177953276,9604.71464776434,2.401178661941085,0.0014994374999995356,1.0000000000003617,False,False,False,False
SINGLE_LIKE,self_fund_win,1.0,6405545.177953276,1601.386294488319,25,6367670.523804616,6943676.979930193,False,0.0,9604.714647767814,0.0,-3.474269760772586e-09,9604.71464776434,0.0,6405545.177953276,9604.71464776434,2.401178661941085,0.0014994374999995356,1.0000000000003617,False,False,False,False
SINGLE_LIKE,self_fund_win,1.0,6405545.177953276,1601.386294488319,26,6367670.523804616,7287856.561413129,False,0.0,9604.714647767814,0.0,-3.474269760772586e-09,9604.71464776434,0.0,6405545.177953276,9604.71464776434,2.401178661941085,0.0014994374999995356,1.0000000000003617,False,False,False,False
SINGLE_LIKE,self_fund_win,1.0,6405545.177953276,1601.386294488319,27,6367670.523804616,7112447.879761503,False,0.0,9604.714647767814,0.0,-3.474269760772586e-09,9604.71464776434,0.0,6405545.177953276,9604.71464776434,2.401178661941085,0.0014994374999995356,1.0000000000003617,False,False,False,False
SINGLE_LIKE,self_fund_win,1.0,6405545.177953276,1601.386294488319,28,6367670.523804616,7209973.659834482,False,0.0,9604.714647767814,0.0,-3.474269760772586e-09,9604.71464776434,0.0,6405545.177953276,9604.71464776434,2.401178661941085,0.0014994374999995356,1.0000000000003617,False,False,False,False
SINGLE_LIKE,self_fund_win,1.0,6405545.177953276,1601.386294488319,29,6367670.523804616,5612786.363195026,True,0.0,9604.714647767814,0.0,-3.474269760772586e-09,9604.71464776434,0.0,6405545.177953276,9604.71464776434,2.401178661941085,0.0014994374999995356,1.0000000000003617,True,True,False,True
SINGLE_LIKE,self_fund_win,1.0,6405545.177953276,1601.386294488319,30,6367670.523804616,7098033.821826825,False,0.0,9604.714647767814,0.0,-3.474269760772586e-09,9604.71464776434,0.0,6405545.177953276,9604.71464776434,2.401178661941085,0.0014994374999995356,1.0000000000003617,False,False,False,False
SINGLE_LIKE,self_fund_win,1.0,6405545.177953276,1601.386294488319,31,6367670.523804616,6886633.841905135,False,0.0,9604.714647767814,0.0,-3.474269760772586e-09,9604.71464776434,0.0,6405545.177953276,9604.71464776434,2.401178661941085,0.0014994374999995356,1.0000000000003617,False,False,False,False
SINGLE_LIKE,self_fund_win,1.0,6405545.177953276,1601.386294488319,32,6367670.523804616,6675675.430379355,False,0.0,9604.714647767814,0.0,-3.474269760772586e-09,9604.71464776434,0.0,6405545.177953276,9604.71464776434,2.401178661941085,0.0014994374999995356,1.0000000000003617,False,False,False,False
SINGLE_LIKE,self_fund_win,1.0,6405545.177953276,1601.386294488319,33,6367670.523804616,5463441.493247848,True,0.0,9604.714647767814,0.0,-3.474269760772586e-09,9604.71464776434,0.0,6405545.177953276,9604.71464776434,2.401178661941085,0.0014994374999995356,1.0000000000003617,True,True,False,True
SINGLE_LIKE,self_fund_win,1.0,6405545.177953276,1601.386294488319,34,6367670.523804616,4762703.408574079,True,0.0,9604.714647767814,0.0,-3.474269760772586e-09,9604.71464776434,0.0,6405545.177953276,9604.71464776434,2.401178661941085,0.0014994374999995356,1.0000000000003617,True,True,False,True
SINGLE_LIKE,self_fund_win,1.0,6405545.177953276,1601.386294488319,35,6367670.523804616,5672349.029997544,True,0.0,9604.714647767814,0.0,-3.474269760772586e-09,9604.71464776434,0.0,6405545.177953276,9604.71464776434,2.401178661941085,0.0014994374999995356,1.0000000000003617,True,True,False,True
SINGLE_LIKE,self_fund_win,1.0,6405545.177953276,1601.386294488319,36,6367670.523804616,7295536.744493282,False,0.0,9604.714647767814,0.0,-3.474269760772586e-09,9604.71464776434,0.0,6405545.177953276,9604.71464776434,2.401178661941085,0.0014994374999995356,1.0000000000003617,False,False,False,False
SINGLE_LIKE,self_fund_win,1.0,6405545.177953276,1601.386294488319,37,6367670.523804616,6002752.434223337,True,0.0,9604.714647767814,0.0,-3.474269760772586e-09,9604.71464776434,0.0,6405545.177953276,9604.71464776434,2.401178661941085,0.0014994374999995356,1.0000000000003617,True,True,False,True
SINGLE_LIKE,self_fund_win,1.0,6405545.177953276,1601.386294488319,38,6367670.523804616,6177876.366419544,True,0.0,9604.714647767814,0.0,-3.474269760772586e-09,9604.71464776434,0.0,6405545.177953276,9604.71464776434,2.401178661941085,0.0014994374999995356,1.0000000000003617,True,True,False,True
SINGLE_LIKE,self_fund_win,1.0,6405545.177953276,1601.386294488319,39,6367670.523804616,6808057.851778747,False,0.0,9604.714647767814,0.0,-3.474269760772586e-09,9604.71464776434,0.0,6405545.177953276,9604.71464776434,2.401178661941085,0.0014994374999995356,1.0000000000003617,False,False,False,False
SINGLE_LIKE,self_fund_win,2.0,12811090.355906552,3202.772588976638,0,12735341.047609232,5933873.423556895,True,0.0,19209.42929553562,0.0,4.234607331454754e-09,19209.429295539856,0.0,12811090.355906552,19209.429295539856,4.802357323884964,0.001499437500000408,0.9999999999997795,True,True,True,True
SINGLE_LIKE,self_fund_win,2.0,12811090.355906552,3202.772588976638,1,12735341.047609232,5846729.636652916,True,0.0,19209.42929553562,0.0,4.234607331454754e-09,19209.429295539856,0.0,12811090.355906552,19209.429295539856,4.802357323884964,0.001499437500000408,0.9999999999997795,True,True,True,True
SINGLE_LIKE,self_fund_win,2.0,12811090.355906552,3202.772588976638,2,12735341.047609232,7104931.322169081,True,0.0,19209.42929553562,0.0,4.234607331454754e-09,19209.429295539856,0.0,12811090.355906552,19209.429295539856,4.802357323884964,0.001499437500000408,0.9999999999997795,True,True,True,True
SINGLE_LIKE,self_fund_win,2.0,12811090.355906552,3202.772588976638,3,12735341.047609232,6314128.84372407,True,0.0,19209.42929553562,0.0,4.234607331454754e-09,19209.429295539856,0.0,12811090.355906552,19209.429295539856,4.802357323884964,0.001499437500000408,0.9999999999997795,True,True,True,True
SINGLE_LIKE,self_fund_win,2.0,12811090.355906552,3202.772588976638,4,12735341.047609232,7092226.49302849,True,0.0,19209.42929553562,0.0,4.234607331454754e-09,19209.429295539856,0.0,12811090.355906552,19209.429295539856,4.802357323884964,0.001499437500000408,0.9999999999997795,True,True,True,True
SINGLE_LIKE,self_fund_win,2.0,12811090.355906552,3202.772588976638,5,12735341.047609232,6306821.920514933,True,0.0,19209.42929553562,0.0,4.234607331454754e-09,19209.429295539856,0.0,12811090.355906552,19209.429295539856,4.802357323884964,0.001499437500000408,0.9999999999997795,True,True,True,True
SINGLE_LIKE,self_fund_win,2.0,12811090.355906552,3202.772588976638,6,12735341.047609232,6279854.046887128,True,0.0,19209.42929553562,0.0,4.234607331454754e-09,19209.429295539856,0.0,12811090.355906552,19209.429295539856,4.802357323884964,0.001499437500000408,0.9999999999997795,True,True,True,True
SINGLE_LIKE,self_fund_win,2.0,12811090.355906552,3202.772588976638,7,12735341.047609232,7590884.499580129,True,0.0,19209.42929553562,0.0,4.234607331454754e-09,19209.429295539856,0.0,12811090.355906552,19209.429295539856,4.802357323884964,0.001499437500000408,0.9999999999997795,True,True,True,True
SINGLE_LIKE,self_fund_win,2.0,12811090.355906552,3202.772588976638,8,12735341.047609232,6736470.5820538215,True,0.0,19209.42929553562,0.0,4.234607331454754e-09,19209.429295539856,0.0,12811090.355906552,19209.429295539856,4.802357323884964,0.001499437500000408,0.9999999999997795,True,True,True,True
SINGLE_LIKE,self_fund_win,2.0,12811090.355906552,3202.772588976638,9,12735341.047609232,5394296.115588211,True,0.0,19209.42929553562,0.0,4.234607331454754e-09,19209.429295539856,0.0,12811090.355906552,19209.429295539856,4.802357323884964,0.001499437500000408,0.9999999999997795,True,True,True,True
SINGLE_LIKE,self_fund_win,2.0,12811090.355906552,3202.772588976638,10,12735341.047609232,6760761.813534659,True,0.0,19209.42929553562,0.0,4.234607331454754e-09,19209.429295539856,0.0,12811090.355906552,19209.429295539856,4.802357323884964,0.001499437500000408,0.9999999999997795,True,True,True,True
SINGLE_LIKE,self_fund_win,2.0,12811090.355906552,3202.772588976638,11,12735341.047609232,7191941.130498376,True,0.0,19209.42929553562,0.0,4.234607331454754e-09,19209.429295539856,0.0,12811090.355906552,19209.429295539856,4.802357323884964,0.001499437500000408,0.9999999999997795,True,True,True,True
SINGLE_LIKE,self_fund_win,2.0,12811090.355906552,3202.772588976638,12,12735341.047609232,6579372.57600091,True,0.0,19209.42929553562,0.0,4.234607331454754e-09,19209.429295539856,0.0,12811090.355906552,19209.429295539856,4.802357323884964,0.001499437500000408,0.9999999999997795,True,True,True,True
SINGLE_LIKE,self_fund_win,2.0,12811090.355906552,3202.772588976638,13,12735341.047609232,6389226.37974353,True,0.0,19209.42929553562,0.0,4.234607331454754e-09,19209.429295539856,0.0,12811090.355906552,19209.429295539856,4.802357323884964,0.001499437500000408,0.9999999999997795,True,True,True,True
SINGLE_LIKE,self_fund_win,2.0,12811090.355906552,3202.772588976638,14,12735341.047609232,6883191.820756104,True,0.0,19209.42929553562,0.0,4.234607331454754e-09,19209.429295539856,0.0,12811090.355906552,19209.429295539856,4.802357323884964,0.001499437500000408,0.9999999999997795,True,True,True,True
SINGLE_LIKE,self_fund_win,2.0,12811090.355906552,3202.772588976638,15,12735341.047609232,6908553.969422718,True,0.0,19209.42929553562,0.0,4.234607331454754e-09,19209.429295539856,0.0,12811090.355906552,19209.429295539856,4.802357323884964,0.001499437500000408,0.9999999999997795,True,True,True,True
SINGLE_LIKE,self_fund_win,2.0,12811090.355906552,3202.772588976638,16,12735341.047609232,5591243.988694296,True,0.0,19209.42929553562,0.0,4.234607331454754e-09,19209.429295539856,0.0,12811090.355906552,19209.429295539856,4.802357323884964,0.001499437500000408,0.9999999999997795,True,True,True,True
SINGLE_LIKE,self_fund_win,2.0,12811090.355906552,3202.772588976638,17,12735341.047609232,7125002.677366716,True,0.0,19209.42929553562,0.0,4.234607331454754e-09,19209.429295539856,0.0,12811090.355906552,19209.429295539856,4.802357323884964,0.001499437500000408,0.9999999999997795,True,True,True,True
SINGLE_LIKE,self_fund_win,2.0,12811090.355906552,3202.772588976638,18,12735341.047609232,7200362.919593114,True,0.0,19209.42929553562,0.0,4.234607331454754e-09,19209.429295539856,0.0,12811090.355906552,19209.429295539856,4.802357323884964,0.001499437500000408,0.9999999999997795,True,True,True,True
SINGLE_LIKE,self_fund_win,2.0,12811090.355906552,3202.772588976638,19,12735341.047609232,6227618.379963587,True,0.0,19209.42929553562,0.0,4.234607331454754e-09,19209.429295539856,0.0,12811090.355906552,19209.429295539856,4.802357323884964,0.001499437500000408,0.9999999999997795,True,True,True,True
SINGLE_LIKE,self_fund_win,2.0,12811090.355906552,3202.772588976638,20,12735341.047609232,6523329.740237892,True,0.0,19209.42929553562,0.0,4.234607331454754e-09,19209.429295539856,0.0,12811090.355906552,19209.429295539856,4.802357323884964,0.001499437500000408,0.9999999999997795,True,True,True,True
SINGLE_LIKE,self_fund_win,2.0,12811090.355906552,3202.772588976638,21,12735341.047609232,6532011.2035654215,True,0.0,19209.42929553562,0.0,4.234607331454754e-09,19209.429295539856,0.0,12811090.355906552,19209.429295539856,4.802357323884964,0.001499437500000408,0.9999999999997795,True,True,True,True
SINGLE_LIKE,self_fund_win,2.0,12811090.355906552,3202.772588976638,22,12735341.047609232,6124388.238060344,True,0.0,19209.42929553562,0.0,4.234607331454754e-09,19209.429295539856,0.0,12811090.355906552,19209.429295539856,4.802357323884964,0.001499437500000408,0.9999999999997795,True,True,True,True
SINGLE_LIKE,self_fund_win,2.0,12811090.355906552,3202.772588976638,23,12735341.047609232,6509073.264197216,True,0.0,19209.42929553562,0.0,4.234607331454754e-09,19209.429295539856,0.0,12811090.355906552,19209.429295539856,4.802357323884964,0.001499437500000408,0.9999999999997795,True,True,True,True
SINGLE_LIKE,self_fund_win,2.0,12811090.355906552,3202.772588976638,24,12735341.047609232,6581314.48315591,True,0.0,19209.42929553562,0.0,4.234607331454754e-09,19209.429295539856,0.0,12811090.355906552,19209.429295539856,4.802357323884964,0.001499437500000408,0.9999999999997795,True,True,True,True
SINGLE_LIKE,self_fund_win,2.0,12811090.355906552,3202.772588976638,25,12735341.047609232,6199426.925131247,True,0.0,19209.42929553562,0.0,4.234607331454754e-09,19209.429295539856,0.0,12811090.355906552,19209.429295539856,4.802357323884964,0.001499437500000408,0.9999999999997795,True,True,True,True
SINGLE_LIKE,self_fund_win,2.0,12811090.355906552,3202.772588976638,26,12735341.047609232,6390405.703168339,True,0.0,19209.42929553562,0.0,4.234607331454754e-09,19209.429295539856,0.0,12811090.355906552,19209.429295539856,4.802357323884964,0.001499437500000408,0.9999999999997795,True,True,True,True
SINGLE_LIKE,self_fund_win,2.0,12811090.355906552,3202.772588976638,27,12735341.047609232,5899002.995761867,True,0.0,19209.42929553562,0.0,4.234607331454754e-09,19209.429295539856,0.0,12811090.355906552,19209.429295539856,4.802357323884964,0.001499437500000408,0.9999999999997795,True,True,True,True
SINGLE_LIKE,self_fund_win,2.0,12811090.355906552,3202.772588976638,28,12735341.047609232,5407953.885804803,True,0.0,19209.42929553562,0.0,4.234607331454754e-09,19209.429295539856,0.0,12811090.355906552,19209.429295539856,4.802357323884964,0.001499437500000408,0.9999999999997795,True,True,True,True
SINGLE_LIKE,self_fund_win,2.0,12811090.355906552,3202.772588976638,29,12735341.047609232,6116357.338186931,True,0.0,19209.42929553562,0.0,4.234607331454754e-09,19209.429295539856,0.0,12811090.355906552,19209.429295539856,4.802357323884964,0.001499437500000408,0.9999999999997795,True,True,True,True
SINGLE_LIKE,self_fund_win,2.0,12811090.355906552,3202.772588976638,30,12735341.047609232,4597539.0278306445,True,0.0,19209.42929553562,0.0,4.234607331454754e-09,19209.429295539856,0.0,12811090.355906552,19209.429295539856,4.802357323884964,0.001499437500000408,0.9999999999997795,True,True,True,True
SINGLE_LIKE,self_fund_win,2.0,12811090.355906552,3202.772588976638,31,12735341.047609232,7555372.002530044,True,0.0,19209.42929553562,0.0,4.234607331454754e-09,19209.429295539856,0.0,12811090.355906552,19209.429295539856,4.802357323884964,0.001499437500000408,0.9999999999997795,True,True,True,True
SINGLE_LIKE,self_fund_win,2.0,12811090.355906552,3202.772588976638,32,12735341.047609232,5921756.011659872,True,0.0,19209.42929553562,0.0,4.234607331454754e-09,19209.429295539856,0.0,12811090.355906552,19209.429295539856,4.802357323884964,0.001499437500000408,0.9999999999997795,True,True,True,True
SINGLE_LIKE,self_fund_win,2.0,12811090.355906552,3202.772588976638,33,12735341.047609232,6075065.131380396,True,0.0,19209.42929553562,0.0,4.234607331454754e-09,19209.429295539856,0.0,12811090.355906552,19209.429295539856,4.802357323884964,0.001499437500000408,0.9999999999997795,True,True,True,True
SINGLE_LIKE,self_fund_win,2.0,12811090.355906552,3202.772588976638,34,12735341.047609232,6441361.01836712,True,0.0,19209.42929553562,0.0,4.234607331454754e-09,19209.429295539856,0.0,12811090.355906552,19209.429295539856,4.802357323884964,0.001499437500000408,0.9999999999997795,True,True,True,True
SINGLE_LIKE,self_fund_win,2.0,12811090.355906552,3202.772588976638,35,12735341.047609232,6692854.597534567,True,0.0,19209.42929553562,0.0,4.234607331454754e-09,19209.429295539856,0.0,12811090.355906552,19209.429295539856,4.802357323884964,0.001499437500000408,0.9999999999997795,True,True,True,True
SINGLE_LIKE,self_fund_win,2.0,12811090.355906552,3202.772588976638,36,12735341.047609232,7698622.570389588,True,0.0,19209.42929553562,0.0,4.234607331454754e-09,19209.429295539856,0.0,12811090.355906552,19209.429295539856,4.802357323884964,0.001499437500000408,0.9999999999997795,True,True,True,True
SINGLE_LIKE,self_fund_win,2.0,12811090.355906552,3202.772588976638,37,12735341.047609232,7168410.477291848,True,0.0,19209.42929553562,0.0,4.234607331454754e-09,19209.429295539856,0.0,12811090.355906552,19209.429295539856,4.802357323884964,0.001499437500000408,0.9999999999997795,True,True,True,True
SINGLE_LIKE,self_fund_win,2.0,12811090.355906552,3202.772588976638,38,12735341.047609232,5642552.009669876,True,0.0,19209.42929553562,0.0,4.234607331454754e-09,19209.429295539856,0.0,12811090.355906552,19209.429295539856,4.802357323884964,0.001499437500000408,0.9999999999997795,True,True,True,True
SINGLE_LIKE,self_fund_win,2.0,12811090.355906552,3202.772588976638,39,12735341.047609232,7208023.49758733,True,0.0,19209.42929553562,0.0,4.234607331454754e-09,19209.429295539856,0.0,12811090.355906552,19209.429295539856,4.802357323884964,0.001499437500000408,0.9999999999997795,True,True,True,True
SINGLE_LIKE,self_fund_win,5.0,32027725.88976638,8006.931472441595,0,31838352.61902308,6793452.483554048,True,0.0,48023.5732388372,0.0,1.2660166248679161e-09,48023.573238838464,0.0,32027725.88976638,48023.573238838464,12.005893309709617,0.0014994375000000589,0.9999999999999737,True,True,True,True
SINGLE_LIKE,self_fund_win,5.0,32027725.88976638,8006.931472441595,1,31838352.61902308,6004105.979084722,True,0.0,48023.5732388372,0.0,1.2660166248679161e-09,48023.573238838464,0.0,32027725.88976638,48023.573238838464,12.005893309709617,0.0014994375000000589,0.9999999999999737,True,True,True,True
SINGLE_LIKE,self_fund_win,5.0,32027725.88976638,8006.931472441595,2,31838352.61902308,6206037.105812211,True,0.0,48023.5732388372,0.0,1.2660166248679161e-09,48023.573238838464,0.0,32027725.88976638,48023.573238838464,12.005893309709617,0.0014994375000000589,0.9999999999999737,True,True,True,True
SINGLE_LIKE,self_fund_win,5.0,32027725.88976638,8006.931472441595,3,31838352.61902308,7104362.307093652,True,0.0,48023.5732388372,0.0,1.2660166248679161e-09,48023.573238838464,0.0,32027725.88976638,48023.573238838464,12.005893309709617,0.0014994375000000589,0.9999999999999737,True,True,True,True
SINGLE_LIKE,self_fund_win,5.0,32027725.88976638,8006.931472441595,4,31838352.61902308,6319855.764728131,True,0.0,48023.5732388372,0.0,1.2660166248679161e-09,48023.573238838464,0.0,32027725.88976638,48023.573238838464,12.005893309709617,0.0014994375000000589,0.9999999999999737,True,True,True,True
SINGLE_LIKE,self_fund_win,5.0,32027725.88976638,8006.931472441595,5,31838352.61902308,6464942.816267527,True,0.0,48023.5732388372,0.0,1.2660166248679161e-09,48023.573238838464,0.0,32027725.88976638,48023.573238838464,12.005893309709617,0.0014994375000000589,0.9999999999999737,True,True,True,True
SINGLE_LIKE,self_fund_win,5.0,32027725.88976638,8006.931472441595,6,31838352.61902308,6474503.933931142,True,0.0,48023.5732388372,0.0,1.2660166248679161e-09,48023.573238838464,0.0,32027725.88976638,48023.573238838464,12.005893309709617,0.0014994375000000589,0.9999999999999737,True,True,True,True
SINGLE_LIKE,self_fund_win,5.0,32027725.88976638,8006.931472441595,7,31838352.61902308,5955595.290814985,True,0.0,48023.5732388372,0.0,1.2660166248679161e-09,48023.573238838464,0.0,32027725.88976638,48023.573238838464,12.005893309709617,0.0014994375000000589,0.9999999999999737,True,True,True,True
SINGLE_LIKE,self_fund_win,5.0,32027725.88976638,8006.931472441595,8,31838352.61902308,6921627.754344366,True,0.0,48023.5732388372,0.0,1.2660166248679161e-09,48023.573238838464,0.0,32027725.88976638,48023.573238838464,12.005893309709617,0.0014994375000000589,0.9999999999999737,True,True,True,True
SINGLE_LIKE,self_fund_win,5.0,32027725.88976638,8006.931472441595,9,31838352.61902308,6030528.719183368,True,0.0,48023.5732388372,0.0,1.2660166248679161e-09,48023.573238838464,0.0,32027725.88976638,48023.573238838464,12.005893309709617,0.0014994375000000589,0.9999999999999737,True,True,True,True
SINGLE_LIKE,self_fund_win,5.0,32027725.88976638,8006.931472441595,10,31838352.61902308,6740317.145601572,True,0.0,48023.5732388372,0.0,1.2660166248679161e-09,48023.573238838464,0.0,32027725.88976638,48023.573238838464,12.005893309709617,0.0014994375000000589,0.9999999999999737,True,True,True,True
SINGLE_LIKE,self_fund_win,5.0,32027725.88976638,8006.931472441595,11,31838352.61902308,5151651.075159584,True,0.0,48023.5732388372,0.0,1.2660166248679161e-09,48023.573238838464,0.0,32027725.88976638,48023.573238838464,12.005893309709617,0.0014994375000000589,0.9999999999999737,True,True,True,True
SINGLE_LIKE,self_fund_win,5.0,32027725.88976638,8006.931472441595,12,31838352.61902308,5411573.736563565,True,0.0,48023.5732388372,0.0,1.2660166248679161e-09,48023.573238838464,0.0,32027725.88976638,48023.573238838464,12.005893309709617,0.0014994375000000589,0.9999999999999737,True,True,True,True
SINGLE_LIKE,self_fund_win,5.0,32027725.88976638,8006.931472441595,13,31838352.61902308,8180827.20497468,True,0.0,48023.5732388372,0.0,1.2660166248679161e-09,48023.573238838464,0.0,32027725.88976638,48023.573238838464,12.005893309709617,0.0014994375000000589,0.9999999999999737,True,True,True,True
SINGLE_LIKE,self_fund_win,5.0,32027725.88976638,8006.931472441595,14,31838352.61902308,5904131.723619227,True,0.0,48023.5732388372,0.0,1.2660166248679161e-09,48023.573238838464,0.0,32027725.88976638,48023.573238838464,12.005893309709617,0.0014994375000000589,0.9999999999999737,True,True,True,True
SINGLE_LIKE,self_fund_win,5.0,32027725.88976638,8006.931472441595,15,31838352.61902308,6203602.344339862,True,0.0,48023.5732388372,0.0,1.2660166248679161e-09,48023.573238838464,0.0,32027725.88976638,48023.573238838464,12.005893309709617,0.0014994375000000589,0.9999999999999737,True,True,True,True
SINGLE_LIKE,self_fund_win,5.0,32027725.88976638,8006.931472441595,16,31838352.61902308,6333209.719518491,True,0.0,48023.5732388372,0.0,1.2660166248679161e-09,48023.573238838464,0.0,32027725.88976638,48023.573238838464,12.005893309709617,0.0014994375000000589,0.9999999999999737,True,True,True,True
SINGLE_LIKE,self_fund_win,5.0,32027725.88976638,8006.931472441595,17,31838352.61902308,6612858.3013845645,True,0.0,48023.5732388372,0.0,1.2660166248679161e-09,48023.573238838464,0.0,32027725.88976638,48023.573238838464,12.005893309709617,0.0014994375000000589,0.9999999999999737,True,True,True,True
SINGLE_LIKE,self_fund_win,5.0,32027725.88976638,8006.931472441595,18,31838352.61902308,6805507.279057206,True,0.0,48023.5732388372,0.0,1.2660166248679161e-09,48023.573238838464,0.0,32027725.88976638,48023.573238838464,12.005893309709617,0.0014994375000000589,0.9999999999999737,True,True,True,True
SINGLE_LIKE,self_fund_win,5.0,32027725.88976638,8006.931472441595,19,31838352.61902308,6349470.623184354,True,0.0,48023.5732388372,0.0,1.2660166248679161e-09,48023.573238838464,0.0,32027725.88976638,48023.573238838464,12.005893309709617,0.0014994375000000589,0.9999999999999737,True,True,True,True
SINGLE_LIKE,self_fund_win,5.0,32027725.88976638,8006.931472441595,20,31838352.61902308,6605546.732554129,True,0.0,48023.5732388372,0.0,1.2660166248679161e-09,48023.573238838464,0.0,32027725.88976638,48023.573238838464,12.005893309709617,0.0014994375000000589,0.9999999999999737,True,True,True,True
SINGLE_LIKE,self_fund_win,5.0,32027725.88976638,8006.931472441595,21,31838352.61902308,6401081.767066606,True,0.0,48023.5732388372,0.0,1.2660166248679161e-09,48023.573238838464,0.0,32027725.88976638,48023.573238838464,12.005893309709617,0.0014994375000000589,0.9999999999999737,True,True,True,True
SINGLE_LIKE,self_fund_win,5.0,32027725.88976638,8006.931472441595,22,31838352.61902308,7492877.689283022,True,0.0,48023.5732388372,0.0,1.2660166248679161e-09,48023.573238838464,0.0,32027725.88976638,48023.573238838464,12.005893309709617,0.0014994375000000589,0.9999999999999737,True,True,True,True
SINGLE_LIKE,self_fund_win,5.0,32027725.88976638,8006.931472441595,23,31838352.61902308,6830478.4208410075,True,0.0,48023.5732388372,0.0,1.2660166248679161e-09,48023.573238838464,0.0,32027725.88976638,48023.573238838464,12.005893309709617,0.0014994375000000589,0.9999999999999737,True,True,True,True
SINGLE_LIKE,self_fund_win,5.0,32027725.88976638,8006.931472441595,24,31838352.61902308,6524560.337720962,True,0.0,48023.5732388372,0.0,1.2660166248679161e-09,48023.573238838464,0.0,32027725.88976638,48023.573238838464,12.005893309709617,0.0014994375000000589,0.9999999999999737,True,True,True,True
SINGLE_LIKE,self_fund_win,5.0,32027725.88976638,8006.931472441595,25,31838352.61902308,7005924.720384325,True,0.0,48023.5732388372,0.0,1.2660166248679161e-09,48023.573238838464,0.0,32027725.88976638,48023.573238838464,12.005893309709617,0.0014994375000000589,0.9999999999999737,True,True,True,True
SINGLE_LIKE,self_fund_win,5.0,32027725.88976638,8006.931472441595,26,31838352.61902308,7228069.946835696,True,0.0,48023.5732388372,0.0,1.2660166248679161e-09,48023.573238838464,0.0,32027725.88976638,48023.573238838464,12.005893309709617,0.0014994375000000589,0.9999999999999737,True,True,True,True
SINGLE_LIKE,self_fund_win,5.0,32027725.88976638,8006.931472441595,27,31838352.61902308,6178047.356514017,True,0.0,48023.5732388372,0.0,1.2660166248679161e-09,48023.573238838464,0.0,32027725.88976638,48023.573238838464,12.005893309709617,0.0014994375000000589,0.9999999999999737,True,True,True,True
SINGLE_LIKE,self_fund_win,5.0,32027725.88976638,8006.931472441595,28,31838352.61902308,7363112.80073358,True,0.0,48023.5732388372,0.0,1.2660166248679161e-09,48023.573238838464,0.0,32027725.88976638,48023.573238838464,12.005893309709617,0.0014994375000000589,0.9999999999999737,True,True,True,True
SINGLE_LIKE,self_fund_win,5.0,32027725.88976638,8006.931472441595,29,31838352.61902308,5967782.364986357,True,0.0,48023.5732388372,0.0,1.2660166248679161e-09,48023.573238838464,0.0,32027725.88976638,48023.573238838464,12.005893309709617,0.0014994375000000589,0.9999999999999737,True,True,True,True
SINGLE_LIKE,self_fund_win,5.0,32027725.88976638,8006.931472441595,30,31838352.61902308,6690997.65233691,True,0.0,48023.5732388372,0.0,1.2660166248679161e-09,48023.573238838464,0.0,32027725.88976638,48023.573238838464,12.005893309709617,0.0014994375000000589,0.9999999999999737,True,True,True,True
SINGLE_LIKE,self_fund_win,5.0,32027725.88976638,8006.931472441595,31,31838352.61902308,5234202.189619869,True,0.0,48023.5732388372,0.0,1.2660166248679161e-09,48023.573238838464,0.0,32027725.88976638,48023.573238838464,12.005893309709617,0.0014994375000000589,0.9999999999999737,True,True,True,True
SINGLE_LIKE,self_fund_win,5.0,32027725.88976638,8006.931472441595,32,31838352.61902308,6584206.196446994,True,0.0,48023.5732388372,0.0,1.2660166248679161e-09,48023.573238838464,0.0,32027725.88976638,48023.573238838464,12.005893309709617,0.0014994375000000589,0.9999999999999737,True,True,True,True
SINGLE_LIKE,self_fund_win,5.0,32027725.88976638,8006.931472441595,33,31838352.61902308,7046782.665487446,True,0.0,48023.5732388372,0.0,1.2660166248679161e-09,48023.573238838464,0.0,32027725.88976638,48023.573238838464,12.005893309709617,0.0014994375000000589,0.9999999999999737,True,True,True,True
SINGLE_LIKE,self_fund_win,5.0,32027725.88976638,8006.931472441595,34,31838352.61902308,6986174.1124762455,True,0.0,48023.5732388372,0.0,1.2660166248679161e-09,48023.573238838464,0.0,32027725.88976638,48023.573238838464,12.005893309709617,0.0014994375000000589,0.9999999999999737,True,True,True,True
SINGLE_LIKE,self_fund_win,5.0,32027725.88976638,8006.931472441595,35,31838352.61902308,6381698.521738953,True,0.0,48023.5732388372,0.0,1.2660166248679161e-09,48023.573238838464,0.0,32027725.88976638,48023.573238838464,12.005893309709617,0.0014994375000000589,0.9999999999999737,True,True,True,True
SINGLE_LIKE,self_fund_win,5.0,32027725.88976638,8006.931472441595,36,31838352.61902308,6461260.394002809,True,0.0,48023.5732388372,0.0,1.2660166248679161e-09,48023.573238838464,0.0,32027725.88976638,48023.573238838464,12.005893309709617,0.0014994375000000589,0.9999999999999737,True,True,True,True
SINGLE_LIKE,self_fund_win,5.0,32027725.88976638,8006.931472441595,37,31838352.61902308,5521494.726349982,True,0.0,48023.5732388372,0.0,1.2660166248679161e-09,48023.573238838464,0.0,32027725.88976638,48023.573238838464,12.005893309709617,0.0014994375000000589,0.9999999999999737,True,True,True,True
SINGLE_LIKE,self_fund_win,5.0,32027725.88976638,8006.931472441595,38,31838352.61902308,5217304.036908451,True,0.0,48023.5732388372,0.0,1.2660166248679161e-09,48023.573238838464,0.0,32027725.88976638,48023.573238838464,12.005893309709617,0.0014994375000000589,0.9999999999999737,True,True,True,True
SINGLE_LIKE,self_fund_win,5.0,32027725.88976638,8006.931472441595,39,31838352.61902308,6233574.984354472,True,0.0,48023.5732388372,0.0,1.2660166248679161e-09,48023.573238838464,0.0,32027725.88976638,48023.573238838464,12.005893309709617,0.0014994375000000589,0.9999999999999737,True,True,True,True
SINGLE_LIKE,self_fund_win,10.0,64055451.77953276,16013.86294488319,0,63676705.23804616,9216335.680833494,True,0.0,96047.1464776744,0.0,2.5320332497358322e-09,96047.14647767693,0.0,64055451.77953276,96047.14647767693,24.011786619419233,0.0014994375000000589,0.9999999999999737,True,True,True,True
SINGLE_LIKE,self_fund_win,10.0,64055451.77953276,16013.86294488319,1,63676705.23804616,5977640.252485218,True,0.0,96047.1464776744,0.0,2.5320332497358322e-09,96047.14647767693,0.0,64055451.77953276,96047.14647767693,24.011786619419233,0.0014994375000000589,0.9999999999999737,True,True,True,True
SINGLE_LIKE,self_fund_win,10.0,64055451.77953276,16013.86294488319,2,63676705.23804616,5486247.26089435,True,0.0,96047.1464776744,0.0,2.5320332497358322e-09,96047.14647767693,0.0,64055451.77953276,96047.14647767693,24.011786619419233,0.0014994375000000589,0.9999999999999737,True,True,True,True
SINGLE_LIKE,self_fund_win,10.0,64055451.77953276,16013.86294488319,3,63676705.23804616,8829659.505485125,True,0.0,96047.1464776744,0.0,2.5320332497358322e-09,96047.14647767693,0.0,64055451.77953276,96047.14647767693,24.011786619419233,0.0014994375000000589,0.9999999999999737,True,True,True,True
SINGLE_LIKE,self_fund_win,10.0,64055451.77953276,16013.86294488319,4,63676705.23804616,6214103.735423247,True,0.0,96047.1464776744,0.0,2.5320332497358322e-09,96047.14647767693,0.0,64055451.77953276,96047.14647767693,24.011786619419233,0.0014994375000000589,0.9999999999999737,True,True,True,True
SINGLE_LIKE,self_fund_win,10.0,64055451.77953276,16013.86294488319,5,63676705.23804616,6449245.804500627,True,0.0,96047.1464776744,0.0,2.5320332497358322e-09,96047.14647767693,0.0,64055451.77953276,96047.14647767693,24.011786619419233,0.0014994375000000589,0.9999999999999737,True,True,True,True
SINGLE_LIKE,self_fund_win,10.0,64055451.77953276,16013.86294488319,6,63676705.23804616,5836664.106116132,True,0.0,96047.1464776744,0.0,2.5320332497358322e-09,96047.14647767693,0.0,64055451.77953276,96047.14647767693,24.011786619419233,0.0014994375000000589,0.9999999999999737,True,True,True,True
SINGLE_LIKE,self_fund_win,10.0,64055451.77953276,16013.86294488319,7,63676705.23804616,7116583.808270979,True,0.0,96047.1464776744,0.0,2.5320332497358322e-09,96047.14647767693,0.0,64055451.77953276,96047.14647767693,24.011786619419233,0.0014994375000000589,0.9999999999999737,True,True,True,True
SINGLE_LIKE,self_fund_win,10.0,64055451.77953276,16013.86294488319,8,63676705.23804616,6645861.427337874,True,0.0,96047.1464776744,0.0,2.5320332497358322e-09,96047.14647767693,0.0,64055451.77953276,96047.14647767693,24.011786619419233,0.0014994375000000589,0.9999999999999737,True,True,True,True
SINGLE_LIKE,self_fund_win,10.0,64055451.77953276,16013.86294488319,9,63676705.23804616,7913977.895759497,True,0.0,96047.1464776744,0.0,2.5320332497358322e-09,96047.14647767693,0.0,64055451.77953276,96047.14647767693,24.011786619419233,0.0014994375000000589,0.9999999999999737,True,True,True,True
SINGLE_LIKE,self_fund_win,10.0,64055451.77953276,16013.86294488319,10,63676705.23804616,7244107.105011837,True,0.0,96047.1464776744,0.0,2.5320332497358322e-09,96047.14647767693,0.0,64055451.77953276,96047.14647767693,24.011786619419233,0.0014994375000000589,0.9999999999999737,True,True,True,True
SINGLE_LIKE,self_fund_win,10.0,64055451.77953276,16013.86294488319,11,63676705.23804616,5793629.7962118555,True,0.0,96047.1464776744,0.0,2.5320332497358322e-09,96047.14647767693,0.0,64055451.77953276,96047.14647767693,24.011786619419233,0.0014994375000000589,0.9999999999999737,True,True,True,True
SINGLE_LIKE,self_fund_win,10.0,64055451.77953276,16013.86294488319,12,63676705.23804616,4463040.428389617,True,0.0,96047.1464776744,0.0,2.5320332497358322e-09,96047.14647767693,0.0,64055451.77953276,96047.14647767693,24.011786619419233,0.0014994375000000589,0.9999999999999737,True,True,True,True
SINGLE_LIKE,self_fund_win,10.0,64055451.77953276,16013.86294488319,13,63676705.23804616,6941048.844089237,True,0.0,96047.1464776744,0.0,2.5320332497358322e-09,96047.14647767693,0.0,64055451.77953276,96047.14647767693,24.011786619419233,0.0014994375000000589,0.9999999999999737,True,True,True,True
SINGLE_LIKE,self_fund_win,10.0,64055451.77953276,16013.86294488319,14,63676705.23804616,4870246.50054475,True,0.0,96047.1464776744,0.0,2.5320332497358322e-09,96047.14647767693,0.0,64055451.77953276,96047.14647767693,24.011786619419233,0.0014994375000000589,0.9999999999999737,True,True,True,True
SINGLE_LIKE,self_fund_win,10.0,64055451.77953276,16013.86294488319,15,63676705.23804616,6620470.461459883,True,0.0,96047.1464776744,0.0,2.5320332497358322e-09,96047.14647767693,0.0,64055451.77953276,96047.14647767693,24.011786619419233,0.0014994375000000589,0.9999999999999737,True,True,True,True
SINGLE_LIKE,self_fund_win,10.0,64055451.77953276,16013.86294488319,16,63676705.23804616,5648874.69775036,True,0.0,96047.1464776744,0.0,2.5320332497358322e-09,96047.14647767693,0.0,64055451.77953276,96047.14647767693,24.011786619419233,0.0014994375000000589,0.9999999999999737,True,True,True,True
SINGLE_LIKE,self_fund_win,10.0,64055451.77953276,16013.86294488319,17,63676705.23804616,7837503.345302515,True,0.0,96047.1464776744,0.0,2.5320332497358322e-09,96047.14647767693,0.0,64055451.77953276,96047.14647767693,24.011786619419233,0.0014994375000000589,0.9999999999999737,True,True,True,True
SINGLE_LIKE,self_fund_win,10.0,64055451.77953276,16013.86294488319,18,63676705.23804616,6768266.258012168,True,0.0,96047.1464776744,0.0,2.5320332497358322e-09,96047.14647767693,0.0,64055451.77953276,96047.14647767693,24.011786619419233,0.0014994375000000589,0.9999999999999737,True,True,True,True
SINGLE_LIKE,self_fund_win,10.0,64055451.77953276,16013.86294488319,19,63676705.23804616,6472670.826364148,True,0.0,96047.1464776744,0.0,2.5320332497358322e-09,96047.14647767693,0.0,64055451.77953276,96047.14647767693,24.011786619419233,0.0014994375000000589,0.9999999999999737,True,True,True,True
SINGLE_LIKE,self_fund_win,10.0,64055451.77953276,16013.86294488319,20,63676705.23804616,6365113.030233137,True,0.0,96047.1464776744,0.0,2.5320332497358322e-09,96047.14647767693,0.0,64055451.77953276,96047.14647767693,24.011786619419233,0.0014994375000000589,0.9999999999999737,True,True,True,True
SINGLE_LIKE,self_fund_win,10.0,64055451.77953276,16013.86294488319,21,63676705.23804616,5491964.8622528,True,0.0,96047.1464776744,0.0,2.5320332497358322e-09,96047.14647767693,0.0,64055451.77953276,96047.14647767693,24.011786619419233,0.0014994375000000589,0.9999999999999737,True,True,True,True
SINGLE_LIKE,self_fund_win,10.0,64055451.77953276,16013.86294488319,22,63676705.23804616,7419020.37177629,True,0.0,96047.1464776744,0.0,2.5320332497358322e-09,96047.14647767693,0.0,64055451.77953276,96047.14647767693,24.011786619419233,0.0014994375000000589,0.9999999999999737,True,True,True,True
SINGLE_LIKE,self_fund_win,10.0,64055451.77953276,16013.86294488319,23,63676705.23804616,7109228.582749114,True,0.0,96047.1464776744,0.0,2.5320332497358322e-09,96047.14647767693,0.0,64055451.77953276,96047.14647767693,24.011786619419233,0.0014994375000000589,0.9999999999999737,True,True,True,True
SINGLE_LIKE,self_fund_win,10.0,64055451.77953276,16013.86294488319,24,63676705.23804616,7434270.473673877,True,0.0,96047.1464776744,0.0,2.5320332497358322e-09,96047.14647767693,0.0,64055451.77953276,96047.14647767693,24.011786619419233,0.0014994375000000589,0.9999999999999737,True,True,True,True
SINGLE_LIKE,self_fund_win,10.0,64055451.77953276,16013.86294488319,25,63676705.23804616,6396790.877004718,True,0.0,96047.1464776744,0.0,2.5320332497358322e-09,96047.14647767693,0.0,64055451.77953276,96047.14647767693,24.011786619419233,0.0014994375000000589,0.9999999999999737,True,True,True,True
SINGLE_LIKE,self_fund_win,10.0,64055451.77953276,16013.86294488319,26,63676705.23804616,6560982.710489843,True,0.0,96047.1464776744,0.0,2.5320332497358322e-09,96047.14647767693,0.0,64055451.77953276,96047.14647767693,24.011786619419233,0.0014994375000000589,0.9999999999999737,True,True,True,True
SINGLE_LIKE,self_fund_win,10.0,64055451.77953276,16013.86294488319,27,63676705.23804616,5026719.945736182,True,0.0,96047.1464776744,0.0,2.5320332497358322e-09,96047.14647767693,0.0,64055451.77953276,96047.14647767693,24.011786619419233,0.0014994375000000589,0.9999999999999737,True,True,True,True
SINGLE_LIKE,self_fund_win,10.0,64055451.77953276,16013.86294488319,28,63676705.23804616,8125696.139575157,True,0.0,96047.1464776744,0.0,2.5320332497358322e-09,96047.14647767693,0.0,64055451.77953276,96047.14647767693,24.011786619419233,0.0014994375000000589,0.9999999999999737,True,True,True,True
SINGLE_LIKE,self_fund_win,10.0,64055451.77953276,16013.86294488319,29,63676705.23804616,6518243.115505102,True,0.0,96047.1464776744,0.0,2.5320332497358322e-09,96047.14647767693,0.0,64055451.77953276,96047.14647767693,24.011786619419233,0.0014994375000000589,0.9999999999999737,True,True,True,True
SINGLE_LIKE,self_fund_win,10.0,64055451.77953276,16013.86294488319,30,63676705.23804616,7396936.517216837,True,0.0,96047.1464776744,0.0,2.5320332497358322e-09,96047.14647767693,0.0,64055451.77953276,96047.14647767693,24.011786619419233,0.0014994375000000589,0.9999999999999737,True,True,True,True
SINGLE_LIKE,self_fund_win,10.0,64055451.77953276,16013.86294488319,31,63676705.23804616,4905983.179793124,True,0.0,96047.1464776744,0.0,2.5320332497358322e-09,96047.14647767693,0.0,64055451.77953276,96047.14647767693,24.011786619419233,0.0014994375000000589,0.9999999999999737,True,True,True,True
SINGLE_LIKE,self_fund_win,10.0,64055451.77953276,16013.86294488319,32,63676705.23804616,7220451.549302524,True,0.0,96047.1464776744,0.0,2.5320332497358322e-09,96047.14647767693,0.0,64055451.77953276,96047.14647767693,24.011786619419233,0.0014994375000000589,0.9999999999999737,True,True,True,True
SINGLE_LIKE,self_fund_win,10.0,64055451.77953276,16013.86294488319,33,63676705.23804616,6189936.398063832,True,0.0,96047.1464776744,0.0,2.5320332497358322e-09,96047.14647767693,0.0,64055451.77953276,96047.14647767693,24.011786619419233,0.0014994375000000589,0.9999999999999737,True,True,True,True
SINGLE_LIKE,self_fund_win,10.0,64055451.77953276,16013.86294488319,34,63676705.23804616,6907881.873235209,True,0.0,96047.1464776744,0.0,2.5320332497358322e-09,96047.14647767693,0.0,64055451.77953276,96047.14647767693,24.011786619419233,0.0014994375000000589,0.9999999999999737,True,True,True,True
SINGLE_LIKE,self_fund_win,10.0,64055451.77953276,16013.86294488319,35,63676705.23804616,6948533.81883346,True,0.0,96047.1464776744,0.0,2.5320332497358322e-09,96047.14647767693,0.0,64055451.77953276,96047.14647767693,24.011786619419233,0.0014994375000000589,0.9999999999999737,True,True,True,True
SINGLE_LIKE,self_fund_win,10.0,64055451.77953276,16013.86294488319,36,63676705.23804616,6299844.193974077,True,0.0,96047.1464776744,0.0,2.5320332497358322e-09,96047.14647767693,0.0,64055451.77953276,96047.14647767693,24.011786619419233,0.0014994375000000589,0.9999999999999737,True,True,True,True
SINGLE_LIKE,self_fund_win,10.0,64055451.77953276,16013.86294488319,37,63676705.23804616,6434106.7734657815,True,0.0,96047.1464776744,0.0,2.5320332497358322e-09,96047.14647767693,0.0,64055451.77953276,96047.14647767693,24.011786619419233,0.0014994375000000589,0.9999999999999737,True,True,True,True
SINGLE_LIKE,self_fund_win,10.0,64055451.77953276,16013.86294488319,38,63676705.23804616,7088689.997170167,True,0.0,96047.1464776744,0.0,2.5320332497358322e-09,96047.14647767693,0.0,64055451.77953276,96047.14647767693,24.011786619419233,0.0014994375000000589,0.9999999999999737,True,True,True,True
SINGLE_LIKE,self_fund_win,10.0,64055451.77953276,16013.86294488319,39,63676705.23804616,6520905.952107492,True,0.0,96047.1464776744,0.0,2.5320332497358322e-09,96047.14647767693,0.0,64055451.77953276,96047.14647767693,24.011786619419233,0.0014994375000000589,0.9999999999999737,True,True,True,True
WALL_LIKE,self_fund_win,0.5,3176310.4658158147,794.0776164539537,0,3157529.603762793,6505650.294398582,False,0.0,4762.67902408668,0.0,1.191438059322536e-10,4762.6790240867995,0.0,3176310.4658158147,4762.6790240867995,1.1906697560216999,0.0014994375000000311,0.999999999999975,False,False,False,False
WALL_LIKE,self_fund_win,0.5,3176310.4658158147,794.0776164539537,1,3157529.603762793,6537305.334736016,False,0.0,4762.67902408668,0.0,1.191438059322536e-10,4762.6790240867995,0.0,3176310.4658158147,4762.6790240867995,1.1906697560216999,0.0014994375000000311,0.999999999999975,False,False,False,False
WALL_LIKE,self_fund_win,0.5,3176310.4658158147,794.0776164539537,2,3157529.603762793,7036757.793435314,False,0.0,4762.67902408668,0.0,1.191438059322536e-10,4762.6790240867995,0.0,3176310.4658158147,4762.6790240867995,1.1906697560216999,0.0014994375000000311,0.999999999999975,False,False,False,False
WALL_LIKE,self_fund_win,0.5,3176310.4658158147,794.0776164539537,3,3157529.603762793,5321854.309768068,False,0.0,4762.67902408668,0.0,1.191438059322536e-10,4762.6790240867995,0.0,3176310.4658158147,4762.6790240867995,1.1906697560216999,0.0014994375000000311,0.999999999999975,False,False,False,False
WALL_LIKE,self_fund_win,0.5,3176310.4658158147,794.0776164539537,4,3157529.603762793,6406969.225761168,False,0.0,4762.67902408668,0.0,1.191438059322536e-10,4762.6790240867995,0.0,3176310.4658158147,4762.6790240867995,1.1906697560216999,0.0014994375000000311,0.999999999999975,False,False,False,False
WALL_LIKE,self_fund_win,0.5,3176310.4658158147,794.0776164539537,5,3157529.603762793,6261260.349518082,False,0.0,4762.67902408668,0.0,1.191438059322536e-10,4762.6790240867995,0.0,3176310.4658158147,4762.6790240867995,1.1906697560216999,0.0014994375000000311,0.999999999999975,False,False,False,False
WALL_LIKE,self_fund_win,0.5,3176310.4658158147,794.0776164539537,6,3157529.603762793,6167950.460672093,False,0.0,4762.67902408668,0.0,1.191438059322536e-10,4762.6790240867995,0.0,3176310.4658158147,4762.6790240867995,1.1906697560216999,0.0014994375000000311,0.999999999999975,False,False,False,False
WALL_LIKE,self_fund_win,0.5,3176310.4658158147,794.0776164539537,7,3157529.603762793,5766600.127158134,False,0.0,4762.67902408668,0.0,1.191438059322536e-10,4762.6790240867995,0.0,3176310.4658158147,4762.6790240867995,1.1906697560216999,0.0014994375000000311,0.999999999999975,False,False,False,False
WALL_LIKE,self_fund_win,0.5,3176310.4658158147,794.0776164539537,8,3157529.603762793,7107534.806188009,False,0.0,4762.67902408668,0.0,1.191438059322536e-10,4762.6790240867995,0.0,3176310.4658158147,4762.6790240867995,1.1906697560216999,0.0014994375000000311,0.999999999999975,False,False,False,False
WALL_LIKE,self_fund_win,0.5,3176310.4658158147,794.0776164539537,9,3157529.603762793,4837520.897819737,False,0.0,4762.67902408668,0.0,1.191438059322536e-10,4762.6790240867995,0.0,3176310.4658158147,4762.6790240867995,1.1906697560216999,0.0014994375000000311,0.999999999999975,False,False,False,False
WALL_LIKE,self_fund_win,0.5,3176310.4658158147,794.0776164539537,10,3157529.603762793,6125266.51664388,False,0.0,4762.67902408668,0.0,1.191438059322536e-10,4762.6790240867995,0.0,3176310.4658158147,4762.6790240867995,1.1906697560216999,0.0014994375000000311,0.999999999999975,False,False,False,False
WALL_LIKE,self_fund_win,0.5,3176310.4658158147,794.0776164539537,11,3157529.603762793,5729286.201358436,False,0.0,4762.67902408668,0.0,1.191438059322536e-10,4762.6790240867995,0.0,3176310.4658158147,4762.6790240867995,1.1906697560216999,0.0014994375000000311,0.999999999999975,False,False,False,False
WALL_LIKE,self_fund_win,0.5,3176310.4658158147,794.0776164539537,12,3157529.603762793,5090052.9907465745,False,0.0,4762.67902408668,0.0,1.191438059322536e-10,4762.6790240867995,0.0,3176310.4658158147,4762.6790240867995,1.1906697560216999,0.0014994375000000311,0.999999999999975,False,False,False,False
WALL_LIKE,self_fund_win,0.5,3176310.4658158147,794.0776164539537,13,3157529.603762793,6166499.675851544,False,0.0,4762.67902408668,0.0,1.191438059322536e-10,4762.6790240867995,0.0,3176310.4658158147,4762.6790240867995,1.1906697560216999,0.0014994375000000311,0.999999999999975,False,False,False,False
WALL_LIKE,self_fund_win,0.5,3176310.4658158147,794.0776164539537,14,3157529.603762793,6546773.294796517,False,0.0,4762.67902408668,0.0,1.191438059322536e-10,4762.6790240867995,0.0,3176310.4658158147,4762.6790240867995,1.1906697560216999,0.0014994375000000311,0.999999999999975,False,False,False,False
WALL_LIKE,self_fund_win,0.5,3176310.4658158147,794.0776164539537,15,3157529.603762793,5877012.918827779,False,0.0,4762.67902408668,0.0,1.191438059322536e-10,4762.6790240867995,0.0,3176310.4658158147,4762.6790240867995,1.1906697560216999,0.0014994375000000311,0.999999999999975,False,False,False,False
WALL_LIKE,self_fund_win,0.5,3176310.4658158147,794.0776164539537,16,3157529.603762793,6060397.012357181,False,0.0,4762.67902408668,0.0,1.191438059322536e-10,4762.6790240867995,0.0,3176310.4658158147,4762.6790240867995,1.1906697560216999,0.0014994375000000311,0.999999999999975,False,False,False,False
WALL_LIKE,self_fund_win,0.5,3176310.4658158147,794.0776164539537,17,3157529.603762793,5542011.685192447,False,0.0,4762.67902408668,0.0,1.191438059322536e-10,4762.6790240867995,0.0,3176310.4658158147,4762.6790240867995,1.1906697560216999,0.0014994375000000311,0.999999999999975,False,False,False,False
WALL_LIKE,self_fund_win,0.5,3176310.4658158147,794.0776164539537,18,3157529.603762793,5599500.480061609,False,0.0,4762.67902408668,0.0,1.191438059322536e-10,4762.6790240867995,0.0,3176310.4658158147,4762.6790240867995,1.1906697560216999,0.0014994375000000311,0.999999999999975,False,False,False,False
WALL_LIKE,self_fund_win,0.5,3176310.4658158147,794.0776164539537,19,3157529.603762793,6487091.969669392,False,0.0,4762.67902408668,0.0,1.191438059322536e-10,4762.6790240867995,0.0,3176310.4658158147,4762.6790240867995,1.1906697560216999,0.0014994375000000311,0.999999999999975,False,False,False,False
WALL_LIKE,self_fund_win,0.5,3176310.4658158147,794.0776164539537,20,3157529.603762793,6846254.384120729,False,0.0,4762.67902408668,0.0,1.191438059322536e-10,4762.6790240867995,0.0,3176310.4658158147,4762.6790240867995,1.1906697560216999,0.0014994375000000311,0.999999999999975,False,False,False,False
WALL_LIKE,self_fund_win,0.5,3176310.4658158147,794.0776164539537,21,3157529.603762793,6384376.160614669,False,0.0,4762.67902408668,0.0,1.191438059322536e-10,4762.6790240867995,0.0,3176310.4658158147,4762.6790240867995,1.1906697560216999,0.0014994375000000311,0.999999999999975,False,False,False,False
WALL_LIKE,self_fund_win,0.5,3176310.4658158147,794.0776164539537,22,3157529.603762793,7191965.09814033,False,0.0,4762.67902408668,0.0,1.191438059322536e-10,4762.6790240867995,0.0,3176310.4658158147,4762.6790240867995,1.1906697560216999,0.0014994375000000311,0.999999999999975,False,False,False,False
WALL_LIKE,self_fund_win,0.5,3176310.4658158147,794.0776164539537,23,3157529.603762793,6107059.1268776115,False,0.0,4762.67902408668,0.0,1.191438059322536e-10,4762.6790240867995,0.0,3176310.4658158147,4762.6790240867995,1.1906697560216999,0.0014994375000000311,0.999999999999975,False,False,False,False
WALL_LIKE,self_fund_win,0.5,3176310.4658158147,794.0776164539537,24,3157529.603762793,7408789.30537097,False,0.0,4762.67902408668,0.0,1.191438059322536e-10,4762.6790240867995,0.0,3176310.4658158147,4762.6790240867995,1.1906697560216999,0.0014994375000000311,0.999999999999975,False,False,False,False
WALL_LIKE,self_fund_win,0.5,3176310.4658158147,794.0776164539537,25,3157529.603762793,6973079.84173859,False,0.0,4762.67902408668,0.0,1.191438059322536e-10,4762.6790240867995,0.0,3176310.4658158147,4762.6790240867995,1.1906697560216999,0.0014994375000000311,0.999999999999975,False,False,False,False
WALL_LIKE,self_fund_win,0.5,3176310.4658158147,794.0776164539537,26,3157529.603762793,8326697.778860628,False,0.0,4762.67902408668,0.0,1.191438059322536e-10,4762.6790240867995,0.0,3176310.4658158147,4762.6790240867995,1.1906697560216999,0.0014994375000000311,0.999999999999975,False,False,False,False
WALL_LIKE,self_fund_win,0.5,3176310.4658158147,794.0776164539537,27,3157529.603762793,7300608.007521886,False,0.0,4762.67902408668,0.0,1.191438059322536e-10,4762.6790240867995,0.0,3176310.4658158147,4762.6790240867995,1.1906697560216999,0.0014994375000000311,0.999999999999975,False,False,False,False
WALL_LIKE,self_fund_win,0.5,3176310.4658158147,794.0776164539537,28,3157529.603762793,6121520.37523322,False,0.0,4762.67902408668,0.0,1.191438059322536e-10,4762.6790240867995,0.0,3176310.4658158147,4762.6790240867995,1.1906697560216999,0.0014994375000000311,0.999999999999975,False,False,False,False
WALL_LIKE,self_fund_win,0.5,3176310.4658158147,794.0776164539537,29,3157529.603762793,6576315.372398839,False,0.0,4762.67902408668,0.0,1.191438059322536e-10,4762.6790240867995,0.0,3176310.4658158147,4762.6790240867995,1.1906697560216999,0.0014994375000000311,0.999999999999975,False,False,False,False
WALL_LIKE,self_fund_win,0.5,3176310.4658158147,794.0776164539537,30,3157529.603762793,7060479.58890155,False,0.0,4762.67902408668,0.0,1.191438059322536e-10,4762.6790240867995,0.0,3176310.4658158147,4762.6790240867995,1.1906697560216999,0.0014994375000000311,0.999999999999975,False,False,False,False
WALL_LIKE,self_fund_win,0.5,3176310.4658158147,794.0776164539537,31,3157529.603762793,7324227.342949564,False,0.0,4762.67902408668,0.0,1.191438059322536e-10,4762.6790240867995,0.0,3176310.4658158147,4762.6790240867995,1.1906697560216999,0.0014994375000000311,0.999999999999975,False,False,False,False
WALL_LIKE,self_fund_win,0.5,3176310.4658158147,794.0776164539537,32,3157529.603762793,5925758.287640382,False,0.0,4762.67902408668,0.0,1.191438059322536e-10,4762.6790240867995,0.0,3176310.4658158147,4762.6790240867995,1.1906697560216999,0.0014994375000000311,0.999999999999975,False,False,False,False
WALL_LIKE,self_fund_win,0.5,3176310.4658158147,794.0776164539537,33,3157529.603762793,6485283.599312277,False,0.0,4762.67902408668,0.0,1.191438059322536e-10,4762.6790240867995,0.0,3176310.4658158147,4762.6790240867995,1.1906697560216999,0.0014994375000000311,0.999999999999975,False,False,False,False
WALL_LIKE,self_fund_win,0.5,3176310.4658158147,794.0776164539537,34,3157529.603762793,6061469.254075734,False,0.0,4762.67902408668,0.0,1.191438059322536e-10,4762.6790240867995,0.0,3176310.4658158147,4762.6790240867995,1.1906697560216999,0.0014994375000000311,0.999999999999975,False,False,False,False
WALL_LIKE,self_fund_win,0.5,3176310.4658158147,794.0776164539537,35,3157529.603762793,7336116.338409617,False,0.0,4762.67902408668,0.0,1.191438059322536e-10,4762.6790240867995,0.0,3176310.4658158147,4762.6790240867995,1.1906697560216999,0.0014994375000000311,0.999999999999975,False,False,False,False
WALL_LIKE,self_fund_win,0.5,3176310.4658158147,794.0776164539537,36,3157529.603762793,6202209.7136024935,False,0.0,4762.67902408668,0.0,1.191438059322536e-10,4762.6790240867995,0.0,3176310.4658158147,4762.6790240867995,1.1906697560216999,0.0014994375000000311,0.999999999999975,False,False,False,False
WALL_LIKE,self_fund_win,0.5,3176310.4658158147,794.0776164539537,37,3157529.603762793,7379165.492191925,False,0.0,4762.67902408668,0.0,1.191438059322536e-10,4762.6790240867995,0.0,3176310.4658158147,4762.6790240867995,1.1906697560216999,0.0014994375000000311,0.999999999999975,False,False,False,False
WALL_LIKE,self_fund_win,0.5,3176310.4658158147,794.0776164539537,38,3157529.603762793,5769815.77971309,False,0.0,4762.67902408668,0.0,1.191438059322536e-10,4762.6790240867995,0.0,3176310.4658158147,4762.6790240867995,1.1906697560216999,0.0014994375000000311,0.999999999999975,False,False,False,False
WALL_LIKE,self_fund_win,0.5,3176310.4658158147,794.0776164539537,39,3157529.603762793,6237676.909522644,False,0.0,4762.67902408668,0.0,1.191438059322536e-10,4762.6790240867995,0.0,3176310.4658158147,4762.6790240867995,1.1906697560216999,0.0014994375000000311,0.999999999999975,False,False,False,False
WALL_LIKE,self_fund_win,1.0,6352620.931631629,1588.1552329079075,0,6315059.207525586,5893561.945993928,True,0.0,9525.35804817336,0.0,2.382876118645072e-10,9525.358048173599,0.0,6352620.931631629,9525.358048173599,2.3813395120433998,0.0014994375000000311,0.999999999999975,True,True,False,True
WALL_LIKE,self_fund_win,1.0,6352620.931631629,1588.1552329079075,1,6315059.207525586,6291241.668896269,True,0.0,9525.35804817336,0.0,2.382876118645072e-10,9525.358048173599,0.0,6352620.931631629,9525.358048173599,2.3813395120433998,0.0014994375000000311,0.999999999999975,True,True,False,True
WALL_LIKE,self_fund_win,1.0,6352620.931631629,1588.1552329079075,2,6315059.207525586,6193019.457971224,True,0.0,9525.35804817336,0.0,2.382876118645072e-10,9525.358048173599,0.0,6352620.931631629,9525.358048173599,2.3813395120433998,0.0014994375000000311,0.999999999999975,True,True,False,True
WALL_LIKE,self_fund_win,1.0,6352620.931631629,1588.1552329079075,3,6315059.207525586,7024856.912636118,False,0.0,9525.35804817336,0.0,2.382876118645072e-10,9525.358048173599,0.0,6352620.931631629,9525.358048173599,2.3813395120433998,0.0014994375000000311,0.999999999999975,False,False,False,False
WALL_LIKE,self_fund_win,1.0,6352620.931631629,1588.1552329079075,4,6315059.207525586,7454659.432234821,False,0.0,9525.35804817336,0.0,2.382876118645072e-10,9525.358048173599,0.0,6352620.931631629,9525.358048173599,2.3813395120433998,0.0014994375000000311,0.999999999999975,False,False,False,False
WALL_LIKE,self_fund_win,1.0,6352620.931631629,1588.1552329079075,5,6315059.207525586,5999997.480241236,True,0.0,9525.35804817336,0.0,2.382876118645072e-10,9525.358048173599,0.0,6352620.931631629,9525.358048173599,2.3813395120433998,0.0014994375000000311,0.999999999999975,True,True,False,True
WALL_LIKE,self_fund_win,1.0,6352620.931631629,1588.1552329079075,6,6315059.207525586,7741107.863751119,False,0.0,9525.35804817336,0.0,2.382876118645072e-10,9525.358048173599,0.0,6352620.931631629,9525.358048173599,2.3813395120433998,0.0014994375000000311,0.999999999999975,False,False,False,False
WALL_LIKE,self_fund_win,1.0,6352620.931631629,1588.1552329079075,7,6315059.207525586,5968936.791506977,True,0.0,9525.35804817336,0.0,2.382876118645072e-10,9525.358048173599,0.0,6352620.931631629,9525.358048173599,2.3813395120433998,0.0014994375000000311,0.999999999999975,True,True,False,True
WALL_LIKE,self_fund_win,1.0,6352620.931631629,1588.1552329079075,8,6315059.207525586,6332634.603314595,False,0.0,9525.35804817336,0.0,2.382876118645072e-10,9525.358048173599,0.0,6352620.931631629,9525.358048173599,2.3813395120433998,0.0014994375000000311,0.999999999999975,False,False,False,False
WALL_LIKE,self_fund_win,1.0,6352620.931631629,1588.1552329079075,9,6315059.207525586,7531838.860523764,False,0.0,9525.35804817336,0.0,2.382876118645072e-10,9525.358048173599,0.0,6352620.931631629,9525.358048173599,2.3813395120433998,0.0014994375000000311,0.999999999999975,False,False,False,False
WALL_LIKE,self_fund_win,1.0,6352620.931631629,1588.1552329079075,10,6315059.207525586,6773353.276704798,False,0.0,9525.35804817336,0.0,2.382876118645072e-10,9525.358048173599,0.0,6352620.931631629,9525.358048173599,2.3813395120433998,0.0014994375000000311,0.999999999999975,False,False,False,False
WALL_LIKE,self_fund_win,1.0,6352620.931631629,1588.1552329079075,11,6315059.207525586,4689142.835558423,True,0.0,9525.35804817336,0.0,2.382876118645072e-10,9525.358048173599,0.0,6352620.931631629,9525.358048173599,2.3813395120433998,0.0014994375000000311,0.999999999999975,True,True,False,True
WALL_LIKE,self_fund_win,1.0,6352620.931631629,1588.1552329079075,12,6315059.207525586,7386852.308162172,False,0.0,9525.35804817336,0.0,2.382876118645072e-10,9525.358048173599,0.0,6352620.931631629,9525.358048173599,2.3813395120433998,0.0014994375000000311,0.999999999999975,False,False,False,False
WALL_LIKE,self_fund_win,1.0,6352620.931631629,1588.1552329079075,13,6315059.207525586,6173489.25417942,True,0.0,9525.35804817336,0.0,2.382876118645072e-10,9525.358048173599,0.0,6352620.931631629,9525.358048173599,2.3813395120433998,0.0014994375000000311,0.999999999999975,True,True,False,True
WALL_LIKE,self_fund_win,1.0,6352620.931631629,1588.1552329079075,14,6315059.207525586,4723607.006630069,True,0.0,9525.35804817336,0.0,2.382876118645072e-10,9525.358048173599,0.0,6352620.931631629,9525.358048173599,2.3813395120433998,0.0014994375000000311,0.999999999999975,True,True,False,True
WALL_LIKE,self_fund_win,1.0,6352620.931631629,1588.1552329079075,15,6315059.207525586,7279848.853701032,False,0.0,9525.35804817336,0.0,2.382876118645072e-10,9525.358048173599,0.0,6352620.931631629,9525.358048173599,2.3813395120433998,0.0014994375000000311,0.999999999999975,False,False,False,False
WALL_LIKE,self_fund_win,1.0,6352620.931631629,1588.1552329079075,16,6315059.207525586,6734833.463157716,False,0.0,9525.35804817336,0.0,2.382876118645072e-10,9525.358048173599,0.0,6352620.931631629,9525.358048173599,2.3813395120433998,0.0014994375000000311,0.999999999999975,False,False,False,False
WALL_LIKE,self_fund_win,1.0,6352620.931631629,1588.1552329079075,17,6315059.207525586,6035697.131694104,True,0.0,9525.35804817336,0.0,2.382876118645072e-10,9525.358048173599,0.0,6352620.931631629,9525.358048173599,2.3813395120433998,0.0014994375000000311,0.999999999999975,True,True,False,True
WALL_LIKE,self_fund_win,1.0,6352620.931631629,1588.1552329079075,18,6315059.207525586,5694482.608831843,True,0.0,9525.35804817336,0.0,2.382876118645072e-10,9525.358048173599,0.0,6352620.931631629,9525.358048173599,2.3813395120433998,0.0014994375000000311,0.999999999999975,True,True,False,True
WALL_LIKE,self_fund_win,1.0,6352620.931631629,1588.1552329079075,19,6315059.207525586,7270305.329677569,False,0.0,9525.35804817336,0.0,2.382876118645072e-10,9525.358048173599,0.0,6352620.931631629,9525.358048173599,2.3813395120433998,0.0014994375000000311,0.999999999999975,False,False,False,False
WALL_LIKE,self_fund_win,1.0,6352620.931631629,1588.1552329079075,20,6315059.207525586,7935529.161780062,False,0.0,9525.35804817336,0.0,2.382876118645072e-10,9525.358048173599,0.0,6352620.931631629,9525.358048173599,2.3813395120433998,0.0014994375000000311,0.999999999999975,False,False,False,False
WALL_LIKE,self_fund_win,1.0,6352620.931631629,1588.1552329079075,21,6315059.207525586,6819395.540211654,False,0.0,9525.35804817336,0.0,2.382876118645072e-10,9525.358048173599,0.0,6352620.931631629,9525.358048173599,2.3813395120433998,0.0014994375000000311,0.999999999999975,False,False,False,False
WALL_LIKE,self_fund_win,1.0,6352620.931631629,1588.1552329079075,22,6315059.207525586,5900358.995657072,True,0.0,9525.35804817336,0.0,2.382876118645072e-10,9525.358048173599,0.0,6352620.931631629,9525.358048173599,2.3813395120433998,0.0014994375000000311,0.999999999999975,True,True,False,True
WALL_LIKE,self_fund_win,1.0,6352620.931631629,1588.1552329079075,23,6315059.207525586,8771358.16251635,False,0.0,9525.35804817336,0.0,2.382876118645072e-10,9525.358048173599,0.0,6352620.931631629,9525.358048173599,2.3813395120433998,0.0014994375000000311,0.999999999999975,False,False,False,False
WALL_LIKE,self_fund_win,1.0,6352620.931631629,1588.1552329079075,24,6315059.207525586,5149490.372307839,True,0.0,9525.35804817336,0.0,2.382876118645072e-10,9525.358048173599,0.0,6352620.931631629,9525.358048173599,2.3813395120433998,0.0014994375000000311,0.999999999999975,True,True,False,True
WALL_LIKE,self_fund_win,1.0,6352620.931631629,1588.1552329079075,25,6315059.207525586,6482602.9964705575,False,0.0,9525.35804817336,0.0,2.382876118645072e-10,9525.358048173599,0.0,6352620.931631629,9525.358048173599,2.3813395120433998,0.0014994375000000311,0.999999999999975,False,False,False,False
WALL_LIKE,self_fund_win,1.0,6352620.931631629,1588.1552329079075,26,6315059.207525586,7314011.993047552,False,0.0,9525.35804817336,0.0,2.382876118645072e-10,9525.358048173599,0.0,6352620.931631629,9525.358048173599,2.3813395120433998,0.0014994375000000311,0.999999999999975,False,False,False,False
WALL_LIKE,self_fund_win,1.0,6352620.931631629,1588.1552329079075,27,6315059.207525586,7100873.640787463,False,0.0,9525.35804817336,0.0,2.382876118645072e-10,9525.358048173599,0.0,6352620.931631629,9525.358048173599,2.3813395120433998,0.0014994375000000311,0.999999999999975,False,False,False,False
WALL_LIKE,self_fund_win,1.0,6352620.931631629,1588.1552329079075,28,6315059.207525586,5942030.736748622,True,0.0,9525.35804817336,0.0,2.382876118645072e-10,9525.358048173599,0.0,6352620.931631629,9525.358048173599,2.3813395120433998,0.0014994375000000311,0.999999999999975,True,True,False,True
WALL_LIKE,self_fund_win,1.0,6352620.931631629,1588.1552329079075,29,6315059.207525586,5586289.277165935,True,0.0,9525.35804817336,0.0,2.382876118645072e-10,9525.358048173599,0.0,6352620.931631629,9525.358048173599,2.3813395120433998,0.0014994375000000311,0.999999999999975,True,True,False,True
WALL_LIKE,self_fund_win,1.0,6352620.931631629,1588.1552329079075,30,6315059.207525586,6080743.538516526,True,0.0,9525.35804817336,0.0,2.382876118645072e-10,9525.358048173599,0.0,6352620.931631629,9525.358048173599,2.3813395120433998,0.0014994375000000311,0.999999999999975,True,True,False,True
WALL_LIKE,self_fund_win,1.0,6352620.931631629,1588.1552329079075,31,6315059.207525586,6947176.749559811,False,0.0,9525.35804817336,0.0,2.382876118645072e-10,9525.358048173599,0.0,6352620.931631629,9525.358048173599,2.3813395120433998,0.0014994375000000311,0.999999999999975,False,False,False,False
WALL_LIKE,self_fund_win,1.0,6352620.931631629,1588.1552329079075,32,6315059.207525586,7585692.765245028,False,0.0,9525.35804817336,0.0,2.382876118645072e-10,9525.358048173599,0.0,6352620.931631629,9525.358048173599,2.3813395120433998,0.0014994375000000311,0.999999999999975,False,False,False,False
WALL_LIKE,self_fund_win,1.0,6352620.931631629,1588.1552329079075,33,6315059.207525586,5905325.427759289,True,0.0,9525.35804817336,0.0,2.382876118645072e-10,9525.358048173599,0.0,6352620.931631629,9525.358048173599,2.3813395120433998,0.0014994375000000311,0.999999999999975,True,True,False,True
WALL_LIKE,self_fund_win,1.0,6352620.931631629,1588.1552329079075,34,6315059.207525586,6954818.775872161,False,0.0,9525.35804817336,0.0,2.382876118645072e-10,9525.358048173599,0.0,6352620.931631629,9525.358048173599,2.3813395120433998,0.0014994375000000311,0.999999999999975,False,False,False,False
WALL_LIKE,self_fund_win,1.0,6352620.931631629,1588.1552329079075,35,6315059.207525586,6208778.366646825,True,0.0,9525.35804817336,0.0,2.382876118645072e-10,9525.358048173599,0.0,6352620.931631629,9525.358048173599,2.3813395120433998,0.0014994375000000311,0.999999999999975,True,True,False,True
WALL_LIKE,self_fund_win,1.0,6352620.931631629,1588.1552329079075,36,6315059.207525586,5539648.473704471,True,0.0,9525.35804817336,0.0,2.382876118645072e-10,9525.358048173599,0.0,6352620.931631629,9525.358048173599,2.3813395120433998,0.0014994375000000311,0.999999999999975,True,True,False,True
WALL_LIKE,self_fund_win,1.0,6352620.931631629,1588.1552329079075,37,6315059.207525586,6049222.074099242,True,0.0,9525.35804817336,0.0,2.382876118645072e-10,9525.358048173599,0.0,6352620.931631629,9525.358048173599,2.3813395120433998,0.0014994375000000311,0.999999999999975,True,True,False,True
WALL_LIKE,self_fund_win,1.0,6352620.931631629,1588.1552329079075,38,6315059.207525586,7921301.494847188,False,0.0,9525.35804817336,0.0,2.382876118645072e-10,9525.358048173599,0.0,6352620.931631629,9525.358048173599,2.3813395120433998,0.0014994375000000311,0.999999999999975,False,False,False,False
WALL_LIKE,self_fund_win,1.0,6352620.931631629,1588.1552329079075,39,6315059.207525586,6339852.891479842,False,0.0,9525.35804817336,0.0,2.382876118645072e-10,9525.358048173599,0.0,6352620.931631629,9525.358048173599,2.3813395120433998,0.0014994375000000311,0.999999999999975,False,False,False,False
WALL_LIKE,self_fund_win,2.0,12705241.863263259,3176.310465815815,0,12630118.415051172,7346196.309004084,True,0.0,19050.716096346718,0.0,2.342858351767063e-09,19050.71609634906,0.0,12705241.863263259,19050.71609634906,4.762679024087265,0.0014994375000001777,0.999999999999877,True,True,True,True
WALL_LIKE,self_fund_win,2.0,12705241.863263259,3176.310465815815,1,12630118.415051172,6143304.6091935765,True,0.0,19050.716096346718,0.0,2.342858351767063e-09,19050.71609634906,0.0,12705241.863263259,19050.71609634906,4.762679024087265,0.0014994375000001777,0.999999999999877,True,True,True,True
WALL_LIKE,self_fund_win,2.0,12705241.863263259,3176.310465815815,2,12630118.415051172,6400893.21681704,True,0.0,19050.716096346718,0.0,2.342858351767063e-09,19050.71609634906,0.0,12705241.863263259,19050.71609634906,4.762679024087265,0.0014994375000001777,0.999999999999877,True,True,True,True
WALL_LIKE,self_fund_win,2.0,12705241.863263259,3176.310465815815,3,12630118.415051172,5224422.360095386,True,0.0,19050.716096346718,0.0,2.342858351767063e-09,19050.71609634906,0.0,12705241.863263259,19050.71609634906,4.762679024087265,0.0014994375000001777,0.999999999999877,True,True,True,True
WALL_LIKE,self_fund_win,2.0,12705241.863263259,3176.310465815815,4,12630118.415051172,7342726.821749563,True,0.0,19050.716096346718,0.0,2.342858351767063e-09,19050.71609634906,0.0,12705241.863263259,19050.71609634906,4.762679024087265,0.0014994375000001777,0.999999999999877,True,True,True,True
WALL_LIKE,self_fund_win,2.0,12705241.863263259,3176.310465815815,5,12630118.415051172,7023850.972949048,True,0.0,19050.716096346718,0.0,2.342858351767063e-09,19050.71609634906,0.0,12705241.863263259,19050.71609634906,4.762679024087265,0.0014994375000001777,0.999999999999877,True,True,True,True
WALL_LIKE,self_fund_win,2.0,12705241.863263259,3176.310465815815,6,12630118.415051172,5871656.921766577,True,0.0,19050.716096346718,0.0,2.342858351767063e-09,19050.71609634906,0.0,12705241.863263259,19050.71609634906,4.762679024087265,0.0014994375000001777,0.999999999999877,True,True,True,True
WALL_LIKE,self_fund_win,2.0,12705241.863263259,3176.310465815815,7,12630118.415051172,6336651.105478449,True,0.0,19050.716096346718,0.0,2.342858351767063e-09,19050.71609634906,0.0,12705241.863263259,19050.71609634906,4.762679024087265,0.0014994375000001777,0.999999999999877,True,True,True,True
WALL_LIKE,self_fund_win,2.0,12705241.863263259,3176.310465815815,8,12630118.415051172,7694931.859081351,True,0.0,19050.716096346718,0.0,2.342858351767063e-09,19050.71609634906,0.0,12705241.863263259,19050.71609634906,4.762679024087265,0.0014994375000001777,0.999999999999877,True,True,True,True
WALL_LIKE,self_fund_win,2.0,12705241.863263259,3176.310465815815,9,12630118.415051172,5819385.509294561,True,0.0,19050.716096346718,0.0,2.342858351767063e-09,19050.71609634906,0.0,12705241.863263259,19050.71609634906,4.762679024087265,0.0014994375000001777,0.999999999999877,True,True,True,True
WALL_LIKE,self_fund_win,2.0,12705241.863263259,3176.310465815815,10,12630118.415051172,7284465.348666549,True,0.0,19050.716096346718,0.0,2.342858351767063e-09,19050.71609634906,0.0,12705241.863263259,19050.71609634906,4.762679024087265,0.0014994375000001777,0.999999999999877,True,True,True,True
WALL_LIKE,self_fund_win,2.0,12705241.863263259,3176.310465815815,11,12630118.415051172,7356551.703258416,True,0.0,19050.716096346718,0.0,2.342858351767063e-09,19050.71609634906,0.0,12705241.863263259,19050.71609634906,4.762679024087265,0.0014994375000001777,0.999999999999877,True,True,True,True
WALL_LIKE,self_fund_win,2.0,12705241.863263259,3176.310465815815,12,12630118.415051172,6473431.436637376,True,0.0,19050.716096346718,0.0,2.342858351767063e-09,19050.71609634906,0.0,12705241.863263259,19050.71609634906,4.762679024087265,0.0014994375000001777,0.999999999999877,True,True,True,True
WALL_LIKE,self_fund_win,2.0,12705241.863263259,3176.310465815815,13,12630118.415051172,5480529.104416446,True,0.0,19050.716096346718,0.0,2.342858351767063e-09,19050.71609634906,0.0,12705241.863263259,19050.71609634906,4.762679024087265,0.0014994375000001777,0.999999999999877,True,True,True,True
WALL_LIKE,self_fund_win,2.0,12705241.863263259,3176.310465815815,14,12630118.415051172,7300209.597591708,True,0.0,19050.716096346718,0.0,2.342858351767063e-09,19050.71609634906,0.0,12705241.863263259,19050.71609634906,4.762679024087265,0.0014994375000001777,0.999999999999877,True,True,True,True
WALL_LIKE,self_fund_win,2.0,12705241.863263259,3176.310465815815,15,12630118.415051172,7134884.426148302,True,0.0,19050.716096346718,0.0,2.342858351767063e-09,19050.71609634906,0.0,12705241.863263259,19050.71609634906,4.762679024087265,0.0014994375000001777,0.999999999999877,True,True,True,True
WALL_LIKE,self_fund_win,2.0,12705241.863263259,3176.310465815815,16,12630118.415051172,6444983.736519892,True,0.0,19050.716096346718,0.0,2.342858351767063e-09,19050.71609634906,0.0,12705241.863263259,19050.71609634906,4.762679024087265,0.0014994375000001777,0.999999999999877,True,True,True,True
WALL_LIKE,self_fund_win,2.0,12705241.863263259,3176.310465815815,17,12630118.415051172,8022094.892411707,True,0.0,19050.716096346718,0.0,2.342858351767063e-09,19050.71609634906,0.0,12705241.863263259,19050.71609634906,4.762679024087265,0.0014994375000001777,0.999999999999877,True,True,True,True
WALL_LIKE,self_fund_win,2.0,12705241.863263259,3176.310465815815,18,12630118.415051172,5826977.897105427,True,0.0,19050.716096346718,0.0,2.342858351767063e-09,19050.71609634906,0.0,12705241.863263259,19050.71609634906,4.762679024087265,0.0014994375000001777,0.999999999999877,True,True,True,True
WALL_LIKE,self_fund_win,2.0,12705241.863263259,3176.310465815815,19,12630118.415051172,5745261.279174362,True,0.0,19050.716096346718,0.0,2.342858351767063e-09,19050.71609634906,0.0,12705241.863263259,19050.71609634906,4.762679024087265,0.0014994375000001777,0.999999999999877,True,True,True,True
WALL_LIKE,self_fund_win,2.0,12705241.863263259,3176.310465815815,20,12630118.415051172,5687829.003488219,True,0.0,19050.716096346718,0.0,2.342858351767063e-09,19050.71609634906,0.0,12705241.863263259,19050.71609634906,4.762679024087265,0.0014994375000001777,0.999999999999877,True,True,True,True
WALL_LIKE,self_fund_win,2.0,12705241.863263259,3176.310465815815,21,12630118.415051172,6800694.467208232,True,0.0,19050.716096346718,0.0,2.342858351767063e-09,19050.71609634906,0.0,12705241.863263259,19050.71609634906,4.762679024087265,0.0014994375000001777,0.999999999999877,True,True,True,True
WALL_LIKE,self_fund_win,2.0,12705241.863263259,3176.310465815815,22,12630118.415051172,6977891.543199397,True,0.0,19050.716096346718,0.0,2.342858351767063e-09,19050.71609634906,0.0,12705241.863263259,19050.71609634906,4.762679024087265,0.0014994375000001777,0.999999999999877,True,True,True,True
WALL_LIKE,self_fund_win,2.0,12705241.863263259,3176.310465815815,23,12630118.415051172,5828913.141153303,True,0.0,19050.716096346718,0.0,2.342858351767063e-09,19050.71609634906,0.0,12705241.863263259,19050.71609634906,4.762679024087265,0.0014994375000001777,0.999999999999877,True,True,True,True
WALL_LIKE,self_fund_win,2.0,12705241.863263259,3176.310465815815,24,12630118.415051172,5723495.268989084,True,0.0,19050.716096346718,0.0,2.342858351767063e-09,19050.71609634906,0.0,12705241.863263259,19050.71609634906,4.762679024087265,0.0014994375000001777,0.999999999999877,True,True,True,True
WALL_LIKE,self_fund_win,2.0,12705241.863263259,3176.310465815815,25,12630118.415051172,6073578.804411474,True,0.0,19050.716096346718,0.0,2.342858351767063e-09,19050.71609634906,0.0,12705241.863263259,19050.71609634906,4.762679024087265,0.0014994375000001777,0.999999999999877,True,True,True,True
WALL_LIKE,self_fund_win,2.0,12705241.863263259,3176.310465815815,26,12630118.415051172,5665037.779882764,True,0.0,19050.716096346718,0.0,2.342858351767063e-09,19050.71609634906,0.0,12705241.863263259,19050.71609634906,4.762679024087265,0.0014994375000001777,0.999999999999877,True,True,True,True
WALL_LIKE,self_fund_win,2.0,12705241.863263259,3176.310465815815,27,12630118.415051172,6755599.016889076,True,0.0,19050.716096346718,0.0,2.342858351767063e-09,19050.71609634906,0.0,12705241.863263259,19050.71609634906,4.762679024087265,0.0014994375000001777,0.999999999999877,True,True,True,True
WALL_LIKE,self_fund_win,2.0,12705241.863263259,3176.310465815815,28,12630118.415051172,8238064.563537044,True,0.0,19050.716096346718,0.0,2.342858351767063e-09,19050.71609634906,0.0,12705241.863263259,19050.71609634906,4.762679024087265,0.0014994375000001777,0.999999999999877,True,True,True,True
WALL_LIKE,self_fund_win,2.0,12705241.863263259,3176.310465815815,29,12630118.415051172,5310504.666280912,True,0.0,19050.716096346718,0.0,2.342858351767063e-09,19050.71609634906,0.0,12705241.863263259,19050.71609634906,4.762679024087265,0.0014994375000001777,0.999999999999877,True,True,True,True
WALL_LIKE,self_fund_win,2.0,12705241.863263259,3176.310465815815,30,12630118.415051172,6987745.117416637,True,0.0,19050.716096346718,0.0,2.342858351767063e-09,19050.71609634906,0.0,12705241.863263259,19050.71609634906,4.762679024087265,0.0014994375000001777,0.999999999999877,True,True,True,True
WALL_LIKE,self_fund_win,2.0,12705241.863263259,3176.310465815815,31,12630118.415051172,6947005.032690488,True,0.0,19050.716096346718,0.0,2.342858351767063e-09,19050.71609634906,0.0,12705241.863263259,19050.71609634906,4.762679024087265,0.0014994375000001777,0.999999999999877,True,True,True,True
WALL_LIKE,self_fund_win,2.0,12705241.863263259,3176.310465815815,32,12630118.415051172,6499711.903016282,True,0.0,19050.716096346718,0.0,2.342858351767063e-09,19050.71609634906,0.0,12705241.863263259,19050.71609634906,4.762679024087265,0.0014994375000001777,0.999999999999877,True,True,True,True
WALL_LIKE,self_fund_win,2.0,12705241.863263259,3176.310465815815,33,12630118.415051172,6396658.785192237,True,0.0,19050.716096346718,0.0,2.342858351767063e-09,19050.71609634906,0.0,12705241.863263259,19050.71609634906,4.762679024087265,0.0014994375000001777,0.999999999999877,True,True,True,True
WALL_LIKE,self_fund_win,2.0,12705241.863263259,3176.310465815815,34,12630118.415051172,7566759.331790661,True,0.0,19050.716096346718,0.0,2.342858351767063e-09,19050.71609634906,0.0,12705241.863263259,19050.71609634906,4.762679024087265,0.0014994375000001777,0.999999999999877,True,True,True,True
WALL_LIKE,self_fund_win,2.0,12705241.863263259,3176.310465815815,35,12630118.415051172,5940297.73876239,True,0.0,19050.716096346718,0.0,2.342858351767063e-09,19050.71609634906,0.0,12705241.863263259,19050.71609634906,4.762679024087265,0.0014994375000001777,0.999999999999877,True,True,True,True
WALL_LIKE,self_fund_win,2.0,12705241.863263259,3176.310465815815,36,12630118.415051172,7086820.639944516,True,0.0,19050.716096346718,0.0,2.342858351767063e-09,19050.71609634906,0.0,12705241.863263259,19050.71609634906,4.762679024087265,0.0014994375000001777,0.999999999999877,True,True,True,True
WALL_LIKE,self_fund_win,2.0,12705241.863263259,3176.310465815815,37,12630118.415051172,7074317.695293933,True,0.0,19050.716096346718,0.0,2.342858351767063e-09,19050.71609634906,0.0,12705241.863263259,19050.71609634906,4.762679024087265,0.0014994375000001777,0.999999999999877,True,True,True,True
WALL_LIKE,self_fund_win,2.0,12705241.863263259,3176.310465815815,38,12630118.415051172,6447692.769265971,True,0.0,19050.716096346718,0.0,2.342858351767063e-09,19050.71609634906,0.0,12705241.863263259,19050.71609634906,4.762679024087265,0.0014994375000001777,0.999999999999877,True,True,True,True
WALL_LIKE,self_fund_win,2.0,12705241.863263259,3176.310465815815,39,12630118.415051172,5438488.709047509,True,0.0,19050.716096346718,0.0,2.342858351767063e-09,19050.71609634906,0.0,12705241.863263259,19050.71609634906,4.762679024087265,0.0014994375000001777,0.999999999999877,True,True,True,True
WALL_LIKE,self_fund_win,5.0,31763104.658158146,7940.776164539537,0,31575296.037627924,8652410.73494095,True,0.0,47626.790240869595,0.0,-4.394678398966789e-09,47626.7902408652,0.0,31763104.658158146,47626.7902408652,11.906697560216301,0.0014994374999999433,1.0000000000000924,True,True,True,True
WALL_LIKE,self_fund_win,5.0,31763104.658158146,7940.776164539537,1,31575296.037627924,5567224.9777185675,True,0.0,47626.790240869595,0.0,-4.394678398966789e-09,47626.7902408652,0.0,31763104.658158146,47626.7902408652,11.906697560216301,0.0014994374999999433,1.0000000000000924,True,True,True,True
WALL_LIKE,self_fund_win,5.0,31763104.658158146,7940.776164539537,2,31575296.037627924,5975670.245456,True,0.0,47626.790240869595,0.0,-4.394678398966789e-09,47626.7902408652,0.0,31763104.658158146,47626.7902408652,11.906697560216301,0.0014994374999999433,1.0000000000000924,True,True,True,True
WALL_LIKE,self_fund_win,5.0,31763104.658158146,7940.776164539537,3,31575296.037627924,6479369.38660038,True,0.0,47626.790240869595,0.0,-4.394678398966789e-09,47626.7902408652,0.0,31763104.658158146,47626.7902408652,11.906697560216301,0.0014994374999999433,1.0000000000000924,True,True,True,True
WALL_LIKE,self_fund_win,5.0,31763104.658158146,7940.776164539537,4,31575296.037627924,5374990.082213014,True,0.0,47626.790240869595,0.0,-4.394678398966789e-09,47626.7902408652,0.0,31763104.658158146,47626.7902408652,11.906697560216301,0.0014994374999999433,1.0000000000000924,True,True,True,True
WALL_LIKE,self_fund_win,5.0,31763104.658158146,7940.776164539537,5,31575296.037627924,6208518.986488282,True,0.0,47626.790240869595,0.0,-4.394678398966789e-09,47626.7902408652,0.0,31763104.658158146,47626.7902408652,11.906697560216301,0.0014994374999999433,1.0000000000000924,True,True,True,True
WALL_LIKE,self_fund_win,5.0,31763104.658158146,7940.776164539537,6,31575296.037627924,5286821.907585111,True,0.0,47626.790240869595,0.0,-4.394678398966789e-09,47626.7902408652,0.0,31763104.658158146,47626.7902408652,11.906697560216301,0.0014994374999999433,1.0000000000000924,True,True,True,True
WALL_LIKE,self_fund_win,5.0,31763104.658158146,7940.776164539537,7,31575296.037627924,6228315.812390184,True,0.0,47626.790240869595,0.0,-4.394678398966789e-09,47626.7902408652,0.0,31763104.658158146,47626.7902408652,11.906697560216301,0.0014994374999999433,1.0000000000000924,True,True,True,True
WALL_LIKE,self_fund_win,5.0,31763104.658158146,7940.776164539537,8,31575296.037627924,6700605.091845083,True,0.0,47626.790240869595,0.0,-4.394678398966789e-09,47626.7902408652,0.0,31763104.658158146,47626.7902408652,11.906697560216301,0.0014994374999999433,1.0000000000000924,True,True,True,True
WALL_LIKE,self_fund_win,5.0,31763104.658158146,7940.776164539537,9,31575296.037627924,6418013.907493686,True,0.0,47626.790240869595,0.0,-4.394678398966789e-09,47626.7902408652,0.0,31763104.658158146,47626.7902408652,11.906697560216301,0.0014994374999999433,1.0000000000000924,True,True,True,True
WALL_LIKE,self_fund_win,5.0,31763104.658158146,7940.776164539537,10,31575296.037627924,5854660.849435759,True,0.0,47626.790240869595,0.0,-4.394678398966789e-09,47626.7902408652,0.0,31763104.658158146,47626.7902408652,11.906697560216301,0.0014994374999999433,1.0000000000000924,True,True,True,True
WALL_LIKE,self_fund_win,5.0,31763104.658158146,7940.776164539537,11,31575296.037627924,6398582.89531913,True,0.0,47626.790240869595,0.0,-4.394678398966789e-09,47626.7902408652,0.0,31763104.658158146,47626.7902408652,11.906697560216301,0.0014994374999999433,1.0000000000000924,True,True,True,True
WALL_LIKE,self_fund_win,5.0,31763104.658158146,7940.776164539537,12,31575296.037627924,5788725.658893059,True,0.0,47626.790240869595,0.0,-4.394678398966789e-09,47626.7902408652,0.0,31763104.658158146,47626.7902408652,11.906697560216301,0.0014994374999999433,1.0000000000000924,True,True,True,True
WALL_LIKE,self_fund_win,5.0,31763104.658158146,7940.776164539537,13,31575296.037627924,6193649.800026659,True,0.0,47626.790240869595,0.0,-4.394678398966789e-09,47626.7902408652,0.0,31763104.658158146,47626.7902408652,11.906697560216301,0.0014994374999999433,1.0000000000000924,True,True,True,True
WALL_LIKE,self_fund_win,5.0,31763104.658158146,7940.776164539537,14,31575296.037627924,6412191.188545786,True,0.0,47626.790240869595,0.0,-4.394678398966789e-09,47626.7902408652,0.0,31763104.658158146,47626.7902408652,11.906697560216301,0.0014994374999999433,1.0000000000000924,True,True,True,True
WALL_LIKE,self_fund_win,5.0,31763104.658158146,7940.776164539537,15,31575296.037627924,6911319.998671773,True,0.0,47626.790240869595,0.0,-4.394678398966789e-09,47626.7902408652,0.0,31763104.658158146,47626.7902408652,11.906697560216301,0.0014994374999999433,1.0000000000000924,True,True,True,True
WALL_LIKE,self_fund_win,5.0,31763104.658158146,7940.776164539537,16,31575296.037627924,7393961.963820849,True,0.0,47626.790240869595,0.0,-4.394678398966789e-09,47626.7902408652,0.0,31763104.658158146,47626.7902408652,11.906697560216301,0.0014994374999999433,1.0000000000000924,True,True,True,True
WALL_LIKE,self_fund_win,5.0,31763104.658158146,7940.776164539537,17,31575296.037627924,7543310.074158915,True,0.0,47626.790240869595,0.0,-4.394678398966789e-09,47626.7902408652,0.0,31763104.658158146,47626.7902408652,11.906697560216301,0.0014994374999999433,1.0000000000000924,True,True,True,True
WALL_LIKE,self_fund_win,5.0,31763104.658158146,7940.776164539537,18,31575296.037627924,7602579.826272214,True,0.0,47626.790240869595,0.0,-4.394678398966789e-09,47626.7902408652,0.0,31763104.658158146,47626.7902408652,11.906697560216301,0.0014994374999999433,1.0000000000000924,True,True,True,True
WALL_LIKE,self_fund_win,5.0,31763104.658158146,7940.776164539537,19,31575296.037627924,7902051.035105424,True,0.0,47626.790240869595,0.0,-4.394678398966789e-09,47626.7902408652,0.0,31763104.658158146,47626.7902408652,11.906697560216301,0.0014994374999999433,1.0000000000000924,True,True,True,True
WALL_LIKE,self_fund_win,5.0,31763104.658158146,7940.776164539537,20,31575296.037627924,6137631.129463889,True,0.0,47626.790240869595,0.0,-4.394678398966789e-09,47626.7902408652,0.0,31763104.658158146,47626.7902408652,11.906697560216301,0.0014994374999999433,1.0000000000000924,True,True,True,True
WALL_LIKE,self_fund_win,5.0,31763104.658158146,7940.776164539537,21,31575296.037627924,6717500.932717199,True,0.0,47626.790240869595,0.0,-4.394678398966789e-09,47626.7902408652,0.0,31763104.658158146,47626.7902408652,11.906697560216301,0.0014994374999999433,1.0000000000000924,True,True,True,True
WALL_LIKE,self_fund_win,5.0,31763104.658158146,7940.776164539537,22,31575296.037627924,6847411.117409644,True,0.0,47626.790240869595,0.0,-4.394678398966789e-09,47626.7902408652,0.0,31763104.658158146,47626.7902408652,11.906697560216301,0.0014994374999999433,1.0000000000000924,True,True,True,True
WALL_LIKE,self_fund_win,5.0,31763104.658158146,7940.776164539537,23,31575296.037627924,6144753.209443133,True,0.0,47626.790240869595,0.0,-4.394678398966789e-09,47626.7902408652,0.0,31763104.658158146,47626.7902408652,11.906697560216301,0.0014994374999999433,1.0000000000000924,True,True,True,True
WALL_LIKE,self_fund_win,5.0,31763104.658158146,7940.776164539537,24,31575296.037627924,5397150.194388785,True,0.0,47626.790240869595,0.0,-4.394678398966789e-09,47626.7902408652,0.0,31763104.658158146,47626.7902408652,11.906697560216301,0.0014994374999999433,1.0000000000000924,True,True,True,True
WALL_LIKE,self_fund_win,5.0,31763104.658158146,7940.776164539537,25,31575296.037627924,7088455.909776349,True,0.0,47626.790240869595,0.0,-4.394678398966789e-09,47626.7902408652,0.0,31763104.658158146,47626.7902408652,11.906697560216301,0.0014994374999999433,1.0000000000000924,True,True,True,True
WALL_LIKE,self_fund_win,5.0,31763104.658158146,7940.776164539537,26,31575296.037627924,5507282.372857137,True,0.0,47626.790240869595,0.0,-4.394678398966789e-09,47626.7902408652,0.0,31763104.658158146,47626.7902408652,11.906697560216301,0.0014994374999999433,1.0000000000000924,True,True,True,True
WALL_LIKE,self_fund_win,5.0,31763104.658158146,7940.776164539537,27,31575296.037627924,6148994.856471844,True,0.0,47626.790240869595,0.0,-4.394678398966789e-09,47626.7902408652,0.0,31763104.658158146,47626.7902408652,11.906697560216301,0.0014994374999999433,1.0000000000000924,True,True,True,True
WALL_LIKE,self_fund_win,5.0,31763104.658158146,7940.776164539537,28,31575296.037627924,7004713.917404862,True,0.0,47626.790240869595,0.0,-4.394678398966789e-09,47626.7902408652,0.0,31763104.658158146,47626.7902408652,11.906697560216301,0.0014994374999999433,1.0000000000000924,True,True,True,True
WALL_LIKE,self_fund_win,5.0,31763104.658158146,7940.776164539537,29,31575296.037627924,7374313.10832372,True,0.0,47626.790240869595,0.0,-4.394678398966789e-09,47626.7902408652,0.0,31763104.658158146,47626.7902408652,11.906697560216301,0.0014994374999999433,1.0000000000000924,True,True,True,True
WALL_LIKE,self_fund_win,5.0,31763104.658158146,7940.776164539537,30,31575296.037627924,6308418.390776286,True,0.0,47626.790240869595,0.0,-4.394678398966789e-09,47626.7902408652,0.0,31763104.658158146,47626.7902408652,11.906697560216301,0.0014994374999999433,1.0000000000000924,True,True,True,True
WALL_LIKE,self_fund_win,5.0,31763104.658158146,7940.776164539537,31,31575296.037627924,6472817.70550117,True,0.0,47626.790240869595,0.0,-4.394678398966789e-09,47626.7902408652,0.0,31763104.658158146,47626.7902408652,11.906697560216301,0.0014994374999999433,1.0000000000000924,True,True,True,True
WALL_LIKE,self_fund_win,5.0,31763104.658158146,7940.776164539537,32,31575296.037627924,5722111.316255432,True,0.0,47626.790240869595,0.0,-4.394678398966789e-09,47626.7902408652,0.0,31763104.658158146,47626.7902408652,11.906697560216301,0.0014994374999999433,1.0000000000000924,True,True,True,True
WALL_LIKE,self_fund_win,5.0,31763104.658158146,7940.776164539537,33,31575296.037627924,5492122.400782184,True,0.0,47626.790240869595,0.0,-4.394678398966789e-09,47626.7902408652,0.0,31763104.658158146,47626.7902408652,11.906697560216301,0.0014994374999999433,1.0000000000000924,True,True,True,True
WALL_LIKE,self_fund_win,5.0,31763104.658158146,7940.776164539537,34,31575296.037627924,6631378.165537772,True,0.0,47626.790240869595,0.0,-4.394678398966789e-09,47626.7902408652,0.0,31763104.658158146,47626.7902408652,11.906697560216301,0.0014994374999999433,1.0000000000000924,True,True,True,True
WALL_LIKE,self_fund_win,5.0,31763104.658158146,7940.776164539537,35,31575296.037627924,7891553.581717858,True,0.0,47626.790240869595,0.0,-4.394678398966789e-09,47626.7902408652,0.0,31763104.658158146,47626.7902408652,11.906697560216301,0.0014994374999999433,1.0000000000000924,True,True,True,True
WALL_LIKE,self_fund_win,5.0,31763104.658158146,7940.776164539537,36,31575296.037627924,6488400.624364064,True,0.0,47626.790240869595,0.0,-4.394678398966789e-09,47626.7902408652,0.0,31763104.658158146,47626.7902408652,11.906697560216301,0.0014994374999999433,1.0000000000000924,True,True,True,True
WALL_LIKE,self_fund_win,5.0,31763104.658158146,7940.776164539537,37,31575296.037627924,6539452.3536335835,True,0.0,47626.790240869595,0.0,-4.394678398966789e-09,47626.7902408652,0.0,31763104.658158146,47626.7902408652,11.906697560216301,0.0014994374999999433,1.0000000000000924,True,True,True,True
WALL_LIKE,self_fund_win,5.0,31763104.658158146,7940.776164539537,38,31575296.037627924,6362536.449036073,True,0.0,47626.790240869595,0.0,-4.394678398966789e-09,47626.7902408652,0.0,31763104.658158146,47626.7902408652,11.906697560216301,0.0014994374999999433,1.0000000000000924,True,True,True,True
WALL_LIKE,self_fund_win,5.0,31763104.658158146,7940.776164539537,39,31575296.037627924,5665566.578124522,True,0.0,47626.790240869595,0.0,-4.394678398966789e-09,47626.7902408652,0.0,31763104.658158146,47626.7902408652,11.906697560216301,0.0014994374999999433,1.0000000000000924,True,True,True,True
WALL_LIKE,self_fund_win,10.0,63526209.31631629,15881.552329079073,0,63150592.07525585,7058673.970116611,True,0.0,95253.58048173919,0.0,-1.3387762010097504e-09,95253.58048173785,0.0,63526209.31631629,95253.58048173785,23.813395120434464,0.0014994375000000604,1.000000000000014,True,True,True,True
WALL_LIKE,self_fund_win,10.0,63526209.31631629,15881.552329079073,1,63150592.07525585,5436821.469616486,True,0.0,95253.58048173919,0.0,-1.3387762010097504e-09,95253.58048173785,0.0,63526209.31631629,95253.58048173785,23.813395120434464,0.0014994375000000604,1.000000000000014,True,True,True,True
WALL_LIKE,self_fund_win,10.0,63526209.31631629,15881.552329079073,2,63150592.07525585,7002276.031850948,True,0.0,95253.58048173919,0.0,-1.3387762010097504e-09,95253.58048173785,0.0,63526209.31631629,95253.58048173785,23.813395120434464,0.0014994375000000604,1.000000000000014,True,True,True,True
WALL_LIKE,self_fund_win,10.0,63526209.31631629,15881.552329079073,3,63150592.07525585,6398002.426649037,True,0.0,95253.58048173919,0.0,-1.3387762010097504e-09,95253.58048173785,0.0,63526209.31631629,95253.58048173785,23.813395120434464,0.0014994375000000604,1.000000000000014,True,True,True,True
WALL_LIKE,self_fund_win,10.0,63526209.31631629,15881.552329079073,4,63150592.07525585,6249535.849540225,True,0.0,95253.58048173919,0.0,-1.3387762010097504e-09,95253.58048173785,0.0,63526209.31631629,95253.58048173785,23.813395120434464,0.0014994375000000604,1.000000000000014,True,True,True,True
WALL_LIKE,self_fund_win,10.0,63526209.31631629,15881.552329079073,5,63150592.07525585,4776807.075492789,True,0.0,95253.58048173919,0.0,-1.3387762010097504e-09,95253.58048173785,0.0,63526209.31631629,95253.58048173785,23.813395120434464,0.0014994375000000604,1.000000000000014,True,True,True,True
WALL_LIKE,self_fund_win,10.0,63526209.31631629,15881.552329079073,6,63150592.07525585,5852654.069405661,True,0.0,95253.58048173919,0.0,-1.3387762010097504e-09,95253.58048173785,0.0,63526209.31631629,95253.58048173785,23.813395120434464,0.0014994375000000604,1.000000000000014,True,True,True,True
WALL_LIKE,self_fund_win,10.0,63526209.31631629,15881.552329079073,7,63150592.07525585,6479616.337629533,True,0.0,95253.58048173919,0.0,-1.3387762010097504e-09,95253.58048173785,0.0,63526209.31631629,95253.58048173785,23.813395120434464,0.0014994375000000604,1.000000000000014,True,True,True,True
WALL_LIKE,self_fund_win,10.0,63526209.31631629,15881.552329079073,8,63150592.07525585,5116604.951561161,True,0.0,95253.58048173919,0.0,-1.3387762010097504e-09,95253.58048173785,0.0,63526209.31631629,95253.58048173785,23.813395120434464,0.0014994375000000604,1.000000000000014,True,True,True,True
WALL_LIKE,self_fund_win,10.0,63526209.31631629,15881.552329079073,9,63150592.07525585,7914963.879972248,True,0.0,95253.58048173919,0.0,-1.3387762010097504e-09,95253.58048173785,0.0,63526209.31631629,95253.58048173785,23.813395120434464,0.0014994375000000604,1.000000000000014,True,True,True,True
WALL_LIKE,self_fund_win,10.0,63526209.31631629,15881.552329079073,10,63150592.07525585,6022392.862478361,True,0.0,95253.58048173919,0.0,-1.3387762010097504e-09,95253.58048173785,0.0,63526209.31631629,95253.58048173785,23.813395120434464,0.0014994375000000604,1.000000000000014,True,True,True,True
WALL_LIKE,self_fund_win,10.0,63526209.31631629,15881.552329079073,11,63150592.07525585,5788082.154745284,True,0.0,95253.58048173919,0.0,-1.3387762010097504e-09,95253.58048173785,0.0,63526209.31631629,95253.58048173785,23.813395120434464,0.0014994375000000604,1.000000000000014,True,True,True,True
WALL_LIKE,self_fund_win,10.0,63526209.31631629,15881.552329079073,12,63150592.07525585,7248470.8276897315,True,0.0,95253.58048173919,0.0,-1.3387762010097504e-09,95253.58048173785,0.0,63526209.31631629,95253.58048173785,23.813395120434464,0.0014994375000000604,1.000000000000014,True,True,True,True
WALL_LIKE,self_fund_win,10.0,63526209.31631629,15881.552329079073,13,63150592.07525585,7044841.863574368,True,0.0,95253.58048173919,0.0,-1.3387762010097504e-09,95253.58048173785,0.0,63526209.31631629,95253.58048173785,23.813395120434464,0.0014994375000000604,1.000000000000014,True,True,True,True
WALL_LIKE,self_fund_win,10.0,63526209.31631629,15881.552329079073,14,63150592.07525585,7800999.502922427,True,0.0,95253.58048173919,0.0,-1.3387762010097504e-09,95253.58048173785,0.0,63526209.31631629,95253.58048173785,23.813395120434464,0.0014994375000000604,1.000000000000014,True,True,True,True
WALL_LIKE,self_fund_win,10.0,63526209.31631629,15881.552329079073,15,63150592.07525585,6678437.416193553,True,0.0,95253.58048173919,0.0,-1.3387762010097504e-09,95253.58048173785,0.0,63526209.31631629,95253.58048173785,23.813395120434464,0.0014994375000000604,1.000000000000014,True,True,True,True
WALL_LIKE,self_fund_win,10.0,63526209.31631629,15881.552329079073,16,63150592.07525585,7670673.947449938,True,0.0,95253.58048173919,0.0,-1.3387762010097504e-09,95253.58048173785,0.0,63526209.31631629,95253.58048173785,23.813395120434464,0.0014994375000000604,1.000000000000014,True,True,True,True
WALL_LIKE,self_fund_win,10.0,63526209.31631629,15881.552329079073,17,63150592.07525585,6843091.664028682,True,0.0,95253.58048173919,0.0,-1.3387762010097504e-09,95253.58048173785,0.0,63526209.31631629,95253.58048173785,23.813395120434464,0.0014994375000000604,1.000000000000014,True,True,True,True
WALL_LIKE,self_fund_win,10.0,63526209.31631629,15881.552329079073,18,63150592.07525585,7777463.959923638,True,0.0,95253.58048173919,0.0,-1.3387762010097504e-09,95253.58048173785,0.0,63526209.31631629,95253.58048173785,23.813395120434464,0.0014994375000000604,1.000000000000014,True,True,True,True
WALL_LIKE,self_fund_win,10.0,63526209.31631629,15881.552329079073,19,63150592.07525585,6488855.372666936,True,0.0,95253.58048173919,0.0,-1.3387762010097504e-09,95253.58048173785,0.0,63526209.31631629,95253.58048173785,23.813395120434464,0.0014994375000000604,1.000000000000014,True,True,True,True
WALL_LIKE,self_fund_win,10.0,63526209.31631629,15881.552329079073,20,63150592.07525585,6042552.725248448,True,0.0,95253.58048173919,0.0,-1.3387762010097504e-09,95253.58048173785,0.0,63526209.31631629,95253.58048173785,23.813395120434464,0.0014994375000000604,1.000000000000014,True,True,True,True
WALL_LIKE,self_fund_win,10.0,63526209.31631629,15881.552329079073,21,63150592.07525585,8897995.677735768,True,0.0,95253.58048173919,0.0,-1.3387762010097504e-09,95253.58048173785,0.0,63526209.31631629,95253.58048173785,23.813395120434464,0.0014994375000000604,1.000000000000014,True,True,True,True
WALL_LIKE,self_fund_win,10.0,63526209.31631629,15881.552329079073,22,63150592.07525585,5709597.108187351,True,0.0,95253.58048173919,0.0,-1.3387762010097504e-09,95253.58048173785,0.0,63526209.31631629,95253.58048173785,23.813395120434464,0.0014994375000000604,1.000000000000014,True,True,True,True
WALL_LIKE,self_fund_win,10.0,63526209.31631629,15881.552329079073,23,63150592.07525585,6174942.372132257,True,0.0,95253.58048173919,0.0,-1.3387762010097504e-09,95253.58048173785,0.0,63526209.31631629,95253.58048173785,23.813395120434464,0.0014994375000000604,1.000000000000014,True,True,True,True
WALL_LIKE,self_fund_win,10.0,63526209.31631629,15881.552329079073,24,63150592.07525585,4542670.342502157,True,0.0,95253.58048173919,0.0,-1.3387762010097504e-09,95253.58048173785,0.0,63526209.31631629,95253.58048173785,23.813395120434464,0.0014994375000000604,1.000000000000014,True,True,True,True
WALL_LIKE,self_fund_win,10.0,63526209.31631629,15881.552329079073,25,63150592.07525585,6314557.93289572,True,0.0,95253.58048173919,0.0,-1.3387762010097504e-09,95253.58048173785,0.0,63526209.31631629,95253.58048173785,23.813395120434464,0.0014994375000000604,1.000000000000014,True,True,True,True
WALL_LIKE,self_fund_win,10.0,63526209.31631629,15881.552329079073,26,63150592.07525585,6489250.616269461,True,0.0,95253.58048173919,0.0,-1.3387762010097504e-09,95253.58048173785,0.0,63526209.31631629,95253.58048173785,23.813395120434464,0.0014994375000000604,1.000000000000014,True,True,True,True
WALL_LIKE,self_fund_win,10.0,63526209.31631629,15881.552329079073,27,63150592.07525585,5306401.52576856,True,0.0,95253.58048173919,0.0,-1.3387762010097504e-09,95253.58048173785,0.0,63526209.31631629,95253.58048173785,23.813395120434464,0.0014994375000000604,1.000000000000014,True,True,True,True
WALL_LIKE,self_fund_win,10.0,63526209.31631629,15881.552329079073,28,63150592.07525585,7370027.285099866,True,0.0,95253.58048173919,0.0,-1.3387762010097504e-09,95253.58048173785,0.0,63526209.31631629,95253.58048173785,23.813395120434464,0.0014994375000000604,1.000000000000014,True,True,True,True
WALL_LIKE,self_fund_win,10.0,63526209.31631629,15881.552329079073,29,63150592.07525585,7364120.816000799,True,0.0,95253.58048173919,0.0,-1.3387762010097504e-09,95253.58048173785,0.0,63526209.31631629,95253.58048173785,23.813395120434464,0.0014994375000000604,1.000000000000014,True,True,True,True
WALL_LIKE,self_fund_win,10.0,63526209.31631629,15881.552329079073,30,63150592.07525585,7296133.496447246,True,0.0,95253.58048173919,0.0,-1.3387762010097504e-09,95253.58048173785,0.0,63526209.31631629,95253.58048173785,23.813395120434464,0.0014994375000000604,1.000000000000014,True,True,True,True
WALL_LIKE,self_fund_win,10.0,63526209.31631629,15881.552329079073,31,63150592.07525585,5296882.2944197,True,0.0,95253.58048173919,0.0,-1.3387762010097504e-09,95253.58048173785,0.0,63526209.31631629,95253.58048173785,23.813395120434464,0.0014994375000000604,1.000000000000014,True,True,True,True
WALL_LIKE,self_fund_win,10.0,63526209.31631629,15881.552329079073,32,63150592.07525585,8210872.389967869,True,0.0,95253.58048173919,0.0,-1.3387762010097504e-09,95253.58048173785,0.0,63526209.31631629,95253.58048173785,23.813395120434464,0.0014994375000000604,1.000000000000014,True,True,True,True
WALL_LIKE,self_fund_win,10.0,63526209.31631629,15881.552329079073,33,63150592.07525585,8195508.568764804,True,0.0,95253.58048173919,0.0,-1.3387762010097504e-09,95253.58048173785,0.0,63526209.31631629,95253.58048173785,23.813395120434464,0.0014994375000000604,1.000000000000014,True,True,True,True
WALL_LIKE,self_fund_win,10.0,63526209.31631629,15881.552329079073,34,63150592.07525585,6900892.864101875,True,0.0,95253.58048173919,0.0,-1.3387762010097504e-09,95253.58048173785,0.0,63526209.31631629,95253.58048173785,23.813395120434464,0.0014994375000000604,1.000000000000014,True,True,True,True
WALL_LIKE,self_fund_win,10.0,63526209.31631629,15881.552329079073,35,63150592.07525585,6338917.465576601,True,0.0,95253.58048173919,0.0,-1.3387762010097504e-09,95253.58048173785,0.0,63526209.31631629,95253.58048173785,23.813395120434464,0.0014994375000000604,1.000000000000014,True,True,True,True
WALL_LIKE,self_fund_win,10.0,63526209.31631629,15881.552329079073,36,63150592.07525585,7087883.293611756,True,0.0,95253.58048173919,0.0,-1.3387762010097504e-09,95253.58048173785,0.0,63526209.31631629,95253.58048173785,23.813395120434464,0.0014994375000000604,1.000000000000014,True,True,True,True
WALL_LIKE,self_fund_win,10.0,63526209.31631629,15881.552329079073,37,63150592.07525585,6507109.100205351,True,0.0,95253.58048173919,0.0,-1.3387762010097504e-09,95253.58048173785,0.0,63526209.31631629,95253.58048173785,23.813395120434464,0.0014994375000000604,1.000000000000014,True,True,True,True
WALL_LIKE,self_fund_win,10.0,63526209.31631629,15881.552329079073,38,63150592.07525585,7304395.92752618,True,0.0,95253.58048173919,0.0,-1.3387762010097504e-09,95253.58048173785,0.0,63526209.31631629,95253.58048173785,23.813395120434464,0.0014994375000000604,1.000000000000014,True,True,True,True
WALL_LIKE,self_fund_win,10.0,63526209.31631629,15881.552329079073,39,63150592.07525585,6496118.951737705,True,0.0,95253.58048173919,0.0,-1.3387762010097504e-09,95253.58048173785,0.0,63526209.31631629,95253.58048173785,23.813395120434464,0.0014994375000000604,1.000000000000014,True,True,True,True
GENTLE_LIKE,self_fund_win,0.5,3040134.255392682,760.0335638481705,0,3022158.5749018476,6798839.051412573,False,0.0,4558.491307570676,0.0,-7.73070496506989e-11,4558.491307570599,0.0,3040134.255392682,4558.491307570599,1.1396228268926498,0.001499437500000077,1.0000000000000169,False,False,False,False
GENTLE_LIKE,self_fund_win,0.5,3040134.255392682,760.0335638481705,1,3022158.5749018476,5985703.792900592,False,0.0,4558.491307570676,0.0,-7.73070496506989e-11,4558.491307570599,0.0,3040134.255392682,4558.491307570599,1.1396228268926498,0.001499437500000077,1.0000000000000169,False,False,False,False
GENTLE_LIKE,self_fund_win,0.5,3040134.255392682,760.0335638481705,2,3022158.5749018476,5426941.080851368,False,0.0,4558.491307570676,0.0,-7.73070496506989e-11,4558.491307570599,0.0,3040134.255392682,4558.491307570599,1.1396228268926498,0.001499437500000077,1.0000000000000169,False,False,False,False
GENTLE_LIKE,self_fund_win,0.5,3040134.255392682,760.0335638481705,3,3022158.5749018476,7811746.854675641,False,0.0,4558.491307570676,0.0,-7.73070496506989e-11,4558.491307570599,0.0,3040134.255392682,4558.491307570599,1.1396228268926498,0.001499437500000077,1.0000000000000169,False,False,False,False
GENTLE_LIKE,self_fund_win,0.5,3040134.255392682,760.0335638481705,4,3022158.5749018476,7804874.805311961,False,0.0,4558.491307570676,0.0,-7.73070496506989e-11,4558.491307570599,0.0,3040134.255392682,4558.491307570599,1.1396228268926498,0.001499437500000077,1.0000000000000169,False,False,False,False
GENTLE_LIKE,self_fund_win,0.5,3040134.255392682,760.0335638481705,5,3022158.5749018476,6281632.026165407,False,0.0,4558.491307570676,0.0,-7.73070496506989e-11,4558.491307570599,0.0,3040134.255392682,4558.491307570599,1.1396228268926498,0.001499437500000077,1.0000000000000169,False,False,False,False
GENTLE_LIKE,self_fund_win,0.5,3040134.255392682,760.0335638481705,6,3022158.5749018476,5266200.519593284,False,0.0,4558.491307570676,0.0,-7.73070496506989e-11,4558.491307570599,0.0,3040134.255392682,4558.491307570599,1.1396228268926498,0.001499437500000077,1.0000000000000169,False,False,False,False
GENTLE_LIKE,self_fund_win,0.5,3040134.255392682,760.0335638481705,7,3022158.5749018476,7767147.7764100395,False,0.0,4558.491307570676,0.0,-7.73070496506989e-11,4558.491307570599,0.0,3040134.255392682,4558.491307570599,1.1396228268926498,0.001499437500000077,1.0000000000000169,False,False,False,False
GENTLE_LIKE,self_fund_win,0.5,3040134.255392682,760.0335638481705,8,3022158.5749018476,6738881.977859226,False,0.0,4558.491307570676,0.0,-7.73070496506989e-11,4558.491307570599,0.0,3040134.255392682,4558.491307570599,1.1396228268926498,0.001499437500000077,1.0000000000000169,False,False,False,False
GENTLE_LIKE,self_fund_win,0.5,3040134.255392682,760.0335638481705,9,3022158.5749018476,8769021.919273578,False,0.0,4558.491307570676,0.0,-7.73070496506989e-11,4558.491307570599,0.0,3040134.255392682,4558.491307570599,1.1396228268926498,0.001499437500000077,1.0000000000000169,False,False,False,False
GENTLE_LIKE,self_fund_win,0.5,3040134.255392682,760.0335638481705,10,3022158.5749018476,7801619.948251841,False,0.0,4558.491307570676,0.0,-7.73070496506989e-11,4558.491307570599,0.0,3040134.255392682,4558.491307570599,1.1396228268926498,0.001499437500000077,1.0000000000000169,False,False,False,False
GENTLE_LIKE,self_fund_win,0.5,3040134.255392682,760.0335638481705,11,3022158.5749018476,5638915.440388653,False,0.0,4558.491307570676,0.0,-7.73070496506989e-11,4558.491307570599,0.0,3040134.255392682,4558.491307570599,1.1396228268926498,0.001499437500000077,1.0000000000000169,False,False,False,False
GENTLE_LIKE,self_fund_win,0.5,3040134.255392682,760.0335638481705,12,3022158.5749018476,6973365.261406703,False,0.0,4558.491307570676,0.0,-7.73070496506989e-11,4558.491307570599,0.0,3040134.255392682,4558.491307570599,1.1396228268926498,0.001499437500000077,1.0000000000000169,False,False,False,False
GENTLE_LIKE,self_fund_win,0.5,3040134.255392682,760.0335638481705,13,3022158.5749018476,7140575.5519488985,False,0.0,4558.491307570676,0.0,-7.73070496506989e-11,4558.491307570599,0.0,3040134.255392682,4558.491307570599,1.1396228268926498,0.001499437500000077,1.0000000000000169,False,False,False,False
GENTLE_LIKE,self_fund_win,0.5,3040134.255392682,760.0335638481705,14,3022158.5749018476,6456662.823205078,False,0.0,4558.491307570676,0.0,-7.73070496506989e-11,4558.491307570599,0.0,3040134.255392682,4558.491307570599,1.1396228268926498,0.001499437500000077,1.0000000000000169,False,False,False,False
GENTLE_LIKE,self_fund_win,0.5,3040134.255392682,760.0335638481705,15,3022158.5749018476,5867251.519022065,False,0.0,4558.491307570676,0.0,-7.73070496506989e-11,4558.491307570599,0.0,3040134.255392682,4558.491307570599,1.1396228268926498,0.001499437500000077,1.0000000000000169,False,False,False,False
GENTLE_LIKE,self_fund_win,0.5,3040134.255392682,760.0335638481705,16,3022158.5749018476,7469014.347211326,False,0.0,4558.491307570676,0.0,-7.73070496506989e-11,4558.491307570599,0.0,3040134.255392682,4558.491307570599,1.1396228268926498,0.001499437500000077,1.0000000000000169,False,False,False,False
GENTLE_LIKE,self_fund_win,0.5,3040134.255392682,760.0335638481705,17,3022158.5749018476,5993205.612734027,False,0.0,4558.491307570676,0.0,-7.73070496506989e-11,4558.491307570599,0.0,3040134.255392682,4558.491307570599,1.1396228268926498,0.001499437500000077,1.0000000000000169,False,False,False,False
GENTLE_LIKE,self_fund_win,0.5,3040134.255392682,760.0335638481705,18,3022158.5749018476,5843104.882532738,False,0.0,4558.491307570676,0.0,-7.73070496506989e-11,4558.491307570599,0.0,3040134.255392682,4558.491307570599,1.1396228268926498,0.001499437500000077,1.0000000000000169,False,False,False,False
GENTLE_LIKE,self_fund_win,0.5,3040134.255392682,760.0335638481705,19,3022158.5749018476,6410230.321060739,False,0.0,4558.491307570676,0.0,-7.73070496506989e-11,4558.491307570599,0.0,3040134.255392682,4558.491307570599,1.1396228268926498,0.001499437500000077,1.0000000000000169,False,False,False,False
GENTLE_LIKE,self_fund_win,0.5,3040134.255392682,760.0335638481705,20,3022158.5749018476,7068638.58486943,False,0.0,4558.491307570676,0.0,-7.73070496506989e-11,4558.491307570599,0.0,3040134.255392682,4558.491307570599,1.1396228268926498,0.001499437500000077,1.0000000000000169,False,False,False,False
GENTLE_LIKE,self_fund_win,0.5,3040134.255392682,760.0335638481705,21,3022158.5749018476,5438696.746515566,False,0.0,4558.491307570676,0.0,-7.73070496506989e-11,4558.491307570599,0.0,3040134.255392682,4558.491307570599,1.1396228268926498,0.001499437500000077,1.0000000000000169,False,False,False,False
GENTLE_LIKE,self_fund_win,0.5,3040134.255392682,760.0335638481705,22,3022158.5749018476,7366843.720456065,False,0.0,4558.491307570676,0.0,-7.73070496506989e-11,4558.491307570599,0.0,3040134.255392682,4558.491307570599,1.1396228268926498,0.001499437500000077,1.0000000000000169,False,False,False,False
GENTLE_LIKE,self_fund_win,0.5,3040134.255392682,760.0335638481705,23,3022158.5749018476,6862815.357296563,False,0.0,4558.491307570676,0.0,-7.73070496506989e-11,4558.491307570599,0.0,3040134.255392682,4558.491307570599,1.1396228268926498,0.001499437500000077,1.0000000000000169,False,False,False,False
GENTLE_LIKE,self_fund_win,0.5,3040134.255392682,760.0335638481705,24,3022158.5749018476,6913248.937882595,False,0.0,4558.491307570676,0.0,-7.73070496506989e-11,4558.491307570599,0.0,3040134.255392682,4558.491307570599,1.1396228268926498,0.001499437500000077,1.0000000000000169,False,False,False,False
GENTLE_LIKE,self_fund_win,0.5,3040134.255392682,760.0335638481705,25,3022158.5749018476,6615931.650767427,False,0.0,4558.491307570676,0.0,-7.73070496506989e-11,4558.491307570599,0.0,3040134.255392682,4558.491307570599,1.1396228268926498,0.001499437500000077,1.0000000000000169,False,False,False,False
GENTLE_LIKE,self_fund_win,0.5,3040134.255392682,760.0335638481705,26,3022158.5749018476,6867094.264769982,False,0.0,4558.491307570676,0.0,-7.73070496506989e-11,4558.491307570599,0.0,3040134.255392682,4558.491307570599,1.1396228268926498,0.001499437500000077,1.0000000000000169,False,False,False,False
GENTLE_LIKE,self_fund_win,0.5,3040134.255392682,760.0335638481705,27,3022158.5749018476,6391642.063097731,False,0.0,4558.491307570676,0.0,-7.73070496506989e-11,4558.491307570599,0.0,3040134.255392682,4558.491307570599,1.1396228268926498,0.001499437500000077,1.0000000000000169,False,False,False,False
GENTLE_LIKE,self_fund_win,0.5,3040134.255392682,760.0335638481705,28,3022158.5749018476,7077452.47077073,False,0.0,4558.491307570676,0.0,-7.73070496506989e-11,4558.491307570599,0.0,3040134.255392682,4558.491307570599,1.1396228268926498,0.001499437500000077,1.0000000000000169,False,False,False,False
GENTLE_LIKE,self_fund_win,0.5,3040134.255392682,760.0335638481705,29,3022158.5749018476,6227836.010298119,False,0.0,4558.491307570676,0.0,-7.73070496506989e-11,4558.491307570599,0.0,3040134.255392682,4558.491307570599,1.1396228268926498,0.001499437500000077,1.0000000000000169,False,False,False,False
GENTLE_LIKE,self_fund_win,0.5,3040134.255392682,760.0335638481705,30,3022158.5749018476,7095690.669222775,False,0.0,4558.491307570676,0.0,-7.73070496506989e-11,4558.491307570599,0.0,3040134.255392682,4558.491307570599,1.1396228268926498,0.001499437500000077,1.0000000000000169,False,False,False,False
GENTLE_LIKE,self_fund_win,0.5,3040134.255392682,760.0335638481705,31,3022158.5749018476,6485176.991075751,False,0.0,4558.491307570676,0.0,-7.73070496506989e-11,4558.491307570599,0.0,3040134.255392682,4558.491307570599,1.1396228268926498,0.001499437500000077,1.0000000000000169,False,False,False,False
GENTLE_LIKE,self_fund_win,0.5,3040134.255392682,760.0335638481705,32,3022158.5749018476,5769734.111506581,False,0.0,4558.491307570676,0.0,-7.73070496506989e-11,4558.491307570599,0.0,3040134.255392682,4558.491307570599,1.1396228268926498,0.001499437500000077,1.0000000000000169,False,False,False,False
GENTLE_LIKE,self_fund_win,0.5,3040134.255392682,760.0335638481705,33,3022158.5749018476,5410239.991069237,False,0.0,4558.491307570676,0.0,-7.73070496506989e-11,4558.491307570599,0.0,3040134.255392682,4558.491307570599,1.1396228268926498,0.001499437500000077,1.0000000000000169,False,False,False,False
GENTLE_LIKE,self_fund_win,0.5,3040134.255392682,760.0335638481705,34,3022158.5749018476,6879894.824983134,False,0.0,4558.491307570676,0.0,-7.73070496506989e-11,4558.491307570599,0.0,3040134.255392682,4558.491307570599,1.1396228268926498,0.001499437500000077,1.0000000000000169,False,False,False,False
GENTLE_LIKE,self_fund_win,0.5,3040134.255392682,760.0335638481705,35,3022158.5749018476,6819053.416110464,False,0.0,4558.491307570676,0.0,-7.73070496506989e-11,4558.491307570599,0.0,3040134.255392682,4558.491307570599,1.1396228268926498,0.001499437500000077,1.0000000000000169,False,False,False,False
GENTLE_LIKE,self_fund_win,0.5,3040134.255392682,760.0335638481705,36,3022158.5749018476,5645322.948034168,False,0.0,4558.491307570676,0.0,-7.73070496506989e-11,4558.491307570599,0.0,3040134.255392682,4558.491307570599,1.1396228268926498,0.001499437500000077,1.0000000000000169,False,False,False,False
GENTLE_LIKE,self_fund_win,0.5,3040134.255392682,760.0335638481705,37,3022158.5749018476,7104690.709699396,False,0.0,4558.491307570676,0.0,-7.73070496506989e-11,4558.491307570599,0.0,3040134.255392682,4558.491307570599,1.1396228268926498,0.001499437500000077,1.0000000000000169,False,False,False,False
GENTLE_LIKE,self_fund_win,0.5,3040134.255392682,760.0335638481705,38,3022158.5749018476,7002264.412447321,False,0.0,4558.491307570676,0.0,-7.73070496506989e-11,4558.491307570599,0.0,3040134.255392682,4558.491307570599,1.1396228268926498,0.001499437500000077,1.0000000000000169,False,False,False,False
GENTLE_LIKE,self_fund_win,0.5,3040134.255392682,760.0335638481705,39,3022158.5749018476,5685482.396990626,False,0.0,4558.491307570676,0.0,-7.73070496506989e-11,4558.491307570599,0.0,3040134.255392682,4558.491307570599,1.1396228268926498,0.001499437500000077,1.0000000000000169,False,False,False,False
GENTLE_LIKE,self_fund_win,1.0,6080268.510785364,1520.067127696341,0,6044317.149803695,8618367.59835672,False,0.0,9116.98261514135,0.0,2.6411726139485836e-09,9116.982615143992,0.0,6080268.510785364,9116.982615143992,2.279245653785998,0.0014994375000005368,0.9999999999997103,False,False,False,False
GENTLE_LIKE,self_fund_win,1.0,6080268.510785364,1520.067127696341,1,6044317.149803695,6285285.597303751,False,0.0,9116.98261514135,0.0,2.6411726139485836e-09,9116.982615143992,0.0,6080268.510785364,9116.982615143992,2.279245653785998,0.0014994375000005368,0.9999999999997103,False,False,False,False
GENTLE_LIKE,self_fund_win,1.0,6080268.510785364,1520.067127696341,2,6044317.149803695,5005108.09923251,True,0.0,9116.98261514135,0.0,2.6411726139485836e-09,9116.982615143992,0.0,6080268.510785364,9116.982615143992,2.279245653785998,0.0014994375000005368,0.9999999999997103,True,True,False,True
GENTLE_LIKE,self_fund_win,1.0,6080268.510785364,1520.067127696341,3,6044317.149803695,7417904.1692330055,False,0.0,9116.98261514135,0.0,2.6411726139485836e-09,9116.982615143992,0.0,6080268.510785364,9116.982615143992,2.279245653785998,0.0014994375000005368,0.9999999999997103,False,False,False,False
GENTLE_LIKE,self_fund_win,1.0,6080268.510785364,1520.067127696341,4,6044317.149803695,6925415.6342775365,False,0.0,9116.98261514135,0.0,2.6411726139485836e-09,9116.982615143992,0.0,6080268.510785364,9116.982615143992,2.279245653785998,0.0014994375000005368,0.9999999999997103,False,False,False,False
GENTLE_LIKE,self_fund_win,1.0,6080268.510785364,1520.067127696341,5,6044317.149803695,5594344.6966037145,True,0.0,9116.98261514135,0.0,2.6411726139485836e-09,9116.982615143992,0.0,6080268.510785364,9116.982615143992,2.279245653785998,0.0014994375000005368,0.9999999999997103,True,True,False,True
GENTLE_LIKE,self_fund_win,1.0,6080268.510785364,1520.067127696341,6,6044317.149803695,5873948.707044564,True,0.0,9116.98261514135,0.0,2.6411726139485836e-09,9116.982615143992,0.0,6080268.510785364,9116.982615143992,2.279245653785998,0.0014994375000005368,0.9999999999997103,True,True,False,True
GENTLE_LIKE,self_fund_win,1.0,6080268.510785364,1520.067127696341,7,6044317.149803695,6322794.820122912,False,0.0,9116.98261514135,0.0,2.6411726139485836e-09,9116.982615143992,0.0,6080268.510785364,9116.982615143992,2.279245653785998,0.0014994375000005368,0.9999999999997103,False,False,False,False
GENTLE_LIKE,self_fund_win,1.0,6080268.510785364,1520.067127696341,8,6044317.149803695,5365972.25274651,True,0.0,9116.98261514135,0.0,2.6411726139485836e-09,9116.982615143992,0.0,6080268.510785364,9116.982615143992,2.279245653785998,0.0014994375000005368,0.9999999999997103,True,True,False,True
GENTLE_LIKE,self_fund_win,1.0,6080268.510785364,1520.067127696341,9,6044317.149803695,6273690.156471033,False,0.0,9116.98261514135,0.0,2.6411726139485836e-09,9116.982615143992,0.0,6080268.510785364,9116.982615143992,2.279245653785998,0.0014994375000005368,0.9999999999997103,False,False,False,False
GENTLE_LIKE,self_fund_win,1.0,6080268.510785364,1520.067127696341,10,6044317.149803695,6987379.566793468,False,0.0,9116.98261514135,0.0,2.6411726139485836e-09,9116.982615143992,0.0,6080268.510785364,9116.982615143992,2.279245653785998,0.0014994375000005368,0.9999999999997103,False,False,False,False
GENTLE_LIKE,self_fund_win,1.0,6080268.510785364,1520.067127696341,11,6044317.149803695,6186780.643066411,False,0.0,9116.98261514135,0.0,2.6411726139485836e-09,9116.982615143992,0.0,6080268.510785364,9116.982615143992,2.279245653785998,0.0014994375000005368,0.9999999999997103,False,False,False,False
GENTLE_LIKE,self_fund_win,1.0,6080268.510785364,1520.067127696341,12,6044317.149803695,6374584.422062836,False,0.0,9116.98261514135,0.0,2.6411726139485836e-09,9116.982615143992,0.0,6080268.510785364,9116.982615143992,2.279245653785998,0.0014994375000005368,0.9999999999997103,False,False,False,False
GENTLE_LIKE,self_fund_win,1.0,6080268.510785364,1520.067127696341,13,6044317.149803695,6768283.543298084,False,0.0,9116.98261514135,0.0,2.6411726139485836e-09,9116.982615143992,0.0,6080268.510785364,9116.982615143992,2.279245653785998,0.0014994375000005368,0.9999999999997103,False,False,False,False
GENTLE_LIKE,self_fund_win,1.0,6080268.510785364,1520.067127696341,14,6044317.149803695,6645634.626408401,False,0.0,9116.98261514135,0.0,2.6411726139485836e-09,9116.982615143992,0.0,6080268.510785364,9116.982615143992,2.279245653785998,0.0014994375000005368,0.9999999999997103,False,False,False,False
GENTLE_LIKE,self_fund_win,1.0,6080268.510785364,1520.067127696341,15,6044317.149803695,6913430.221855337,False,0.0,9116.98261514135,0.0,2.6411726139485836e-09,9116.982615143992,0.0,6080268.510785364,9116.982615143992,2.279245653785998,0.0014994375000005368,0.9999999999997103,False,False,False,False
GENTLE_LIKE,self_fund_win,1.0,6080268.510785364,1520.067127696341,16,6044317.149803695,5166994.337560816,True,0.0,9116.98261514135,0.0,2.6411726139485836e-09,9116.982615143992,0.0,6080268.510785364,9116.982615143992,2.279245653785998,0.0014994375000005368,0.9999999999997103,True,True,False,True
GENTLE_LIKE,self_fund_win,1.0,6080268.510785364,1520.067127696341,17,6044317.149803695,5618718.798990366,True,0.0,9116.98261514135,0.0,2.6411726139485836e-09,9116.982615143992,0.0,6080268.510785364,9116.982615143992,2.279245653785998,0.0014994375000005368,0.9999999999997103,True,True,False,True
GENTLE_LIKE,self_fund_win,1.0,6080268.510785364,1520.067127696341,18,6044317.149803695,6524517.117762085,False,0.0,9116.98261514135,0.0,2.6411726139485836e-09,9116.982615143992,0.0,6080268.510785364,9116.982615143992,2.279245653785998,0.0014994375000005368,0.9999999999997103,False,False,False,False
GENTLE_LIKE,self_fund_win,1.0,6080268.510785364,1520.067127696341,19,6044317.149803695,6778287.57913809,False,0.0,9116.98261514135,0.0,2.6411726139485836e-09,9116.982615143992,0.0,6080268.510785364,9116.982615143992,2.279245653785998,0.0014994375000005368,0.9999999999997103,False,False,False,False
GENTLE_LIKE,self_fund_win,1.0,6080268.510785364,1520.067127696341,20,6044317.149803695,7194937.859994508,False,0.0,9116.98261514135,0.0,2.6411726139485836e-09,9116.982615143992,0.0,6080268.510785364,9116.982615143992,2.279245653785998,0.0014994375000005368,0.9999999999997103,False,False,False,False
GENTLE_LIKE,self_fund_win,1.0,6080268.510785364,1520.067127696341,21,6044317.149803695,7612222.505322623,False,0.0,9116.98261514135,0.0,2.6411726139485836e-09,9116.982615143992,0.0,6080268.510785364,9116.982615143992,2.279245653785998,0.0014994375000005368,0.9999999999997103,False,False,False,False
GENTLE_LIKE,self_fund_win,1.0,6080268.510785364,1520.067127696341,22,6044317.149803695,7770706.051939058,False,0.0,9116.98261514135,0.0,2.6411726139485836e-09,9116.982615143992,0.0,6080268.510785364,9116.982615143992,2.279245653785998,0.0014994375000005368,0.9999999999997103,False,False,False,False
GENTLE_LIKE,self_fund_win,1.0,6080268.510785364,1520.067127696341,23,6044317.149803695,6766538.82043482,False,0.0,9116.98261514135,0.0,2.6411726139485836e-09,9116.982615143992,0.0,6080268.510785364,9116.982615143992,2.279245653785998,0.0014994375000005368,0.9999999999997103,False,False,False,False
GENTLE_LIKE,self_fund_win,1.0,6080268.510785364,1520.067127696341,24,6044317.149803695,6698150.52400363,False,0.0,9116.98261514135,0.0,2.6411726139485836e-09,9116.982615143992,0.0,6080268.510785364,9116.982615143992,2.279245653785998,0.0014994375000005368,0.9999999999997103,False,False,False,False
GENTLE_LIKE,self_fund_win,1.0,6080268.510785364,1520.067127696341,25,6044317.149803695,5295764.14684484,True,0.0,9116.98261514135,0.0,2.6411726139485836e-09,9116.982615143992,0.0,6080268.510785364,9116.982615143992,2.279245653785998,0.0014994375000005368,0.9999999999997103,True,True,False,True
GENTLE_LIKE,self_fund_win,1.0,6080268.510785364,1520.067127696341,26,6044317.149803695,6603192.839943526,False,0.0,9116.98261514135,0.0,2.6411726139485836e-09,9116.982615143992,0.0,6080268.510785364,9116.982615143992,2.279245653785998,0.0014994375000005368,0.9999999999997103,False,False,False,False
GENTLE_LIKE,self_fund_win,1.0,6080268.510785364,1520.067127696341,27,6044317.149803695,6963983.333421722,False,0.0,9116.98261514135,0.0,2.6411726139485836e-09,9116.982615143992,0.0,6080268.510785364,9116.982615143992,2.279245653785998,0.0014994375000005368,0.9999999999997103,False,False,False,False
GENTLE_LIKE,self_fund_win,1.0,6080268.510785364,1520.067127696341,28,6044317.149803695,7948930.034251926,False,0.0,9116.98261514135,0.0,2.6411726139485836e-09,9116.982615143992,0.0,6080268.510785364,9116.982615143992,2.279245653785998,0.0014994375000005368,0.9999999999997103,False,False,False,False
GENTLE_LIKE,self_fund_win,1.0,6080268.510785364,1520.067127696341,29,6044317.149803695,6189055.50246945,False,0.0,9116.98261514135,0.0,2.6411726139485836e-09,9116.982615143992,0.0,6080268.510785364,9116.982615143992,2.279245653785998,0.0014994375000005368,0.9999999999997103,False,False,False,False
GENTLE_LIKE,self_fund_win,1.0,6080268.510785364,1520.067127696341,30,6044317.149803695,6331090.546770982,False,0.0,9116.98261514135,0.0,2.6411726139485836e-09,9116.982615143992,0.0,6080268.510785364,9116.982615143992,2.279245653785998,0.0014994375000005368,0.9999999999997103,False,False,False,False
GENTLE_LIKE,self_fund_win,1.0,6080268.510785364,1520.067127696341,31,6044317.149803695,6144082.918527577,False,0.0,9116.98261514135,0.0,2.6411726139485836e-09,9116.982615143992,0.0,6080268.510785364,9116.982615143992,2.279245653785998,0.0014994375000005368,0.9999999999997103,False,False,False,False
GENTLE_LIKE,self_fund_win,1.0,6080268.510785364,1520.067127696341,32,6044317.149803695,6322294.850388351,False,0.0,9116.98261514135,0.0,2.6411726139485836e-09,9116.982615143992,0.0,6080268.510785364,9116.982615143992,2.279245653785998,0.0014994375000005368,0.9999999999997103,False,False,False,False
GENTLE_LIKE,self_fund_win,1.0,6080268.510785364,1520.067127696341,33,6044317.149803695,7286593.284032941,False,0.0,9116.98261514135,0.0,2.6411726139485836e-09,9116.982615143992,0.0,6080268.510785364,9116.982615143992,2.279245653785998,0.0014994375000005368,0.9999999999997103,False,False,False,False
GENTLE_LIKE,self_fund_win,1.0,6080268.510785364,1520.067127696341,34,6044317.149803695,6673577.274060834,False,0.0,9116.98261514135,0.0,2.6411726139485836e-09,9116.982615143992,0.0,6080268.510785364,9116.982615143992,2.279245653785998,0.0014994375000005368,0.9999999999997103,False,False,False,False
GENTLE_LIKE,self_fund_win,1.0,6080268.510785364,1520.067127696341,35,6044317.149803695,6408860.546661141,False,0.0,9116.98261514135,0.0,2.6411726139485836e-09,9116.982615143992,0.0,6080268.510785364,9116.982615143992,2.279245653785998,0.0014994375000005368,0.9999999999997103,False,False,False,False
GENTLE_LIKE,self_fund_win,1.0,6080268.510785364,1520.067127696341,36,6044317.149803695,7860688.453233835,False,0.0,9116.98261514135,0.0,2.6411726139485836e-09,9116.982615143992,0.0,6080268.510785364,9116.982615143992,2.279245653785998,0.0014994375000005368,0.9999999999997103,False,False,False,False
GENTLE_LIKE,self_fund_win,1.0,6080268.510785364,1520.067127696341,37,6044317.149803695,6596727.907933739,False,0.0,9116.98261514135,0.0,2.6411726139485836e-09,9116.982615143992,0.0,6080268.510785364,9116.982615143992,2.279245653785998,0.0014994375000005368,0.9999999999997103,False,False,False,False
GENTLE_LIKE,self_fund_win,1.0,6080268.510785364,1520.067127696341,38,6044317.149803695,5792649.950214917,True,0.0,9116.98261514135,0.0,2.6411726139485836e-09,9116.982615143992,0.0,6080268.510785364,9116.982615143992,2.279245653785998,0.0014994375000005368,0.9999999999997103,True,True,False,True
GENTLE_LIKE,self_fund_win,1.0,6080268.510785364,1520.067127696341,39,6044317.149803695,6645570.605052241,False,0.0,9116.98261514135,0.0,2.6411726139485836e-09,9116.982615143992,0.0,6080268.510785364,9116.982615143992,2.279245653785998,0.0014994375000005368,0.9999999999997103,False,False,False,False
GENTLE_LIKE,self_fund_win,2.0,12160537.021570727,3040.134255392682,0,12088634.29960739,7596828.468002203,True,0.0,18233.965230282705,0.0,-2.23008100874722e-09,18233.965230280475,5.972997925745498e-11,12160537.021570727,18233.965230280475,4.558491307570119,0.0014994374999999192,1.0000000000001223,True,True,True,True
GENTLE_LIKE,self_fund_win,2.0,12160537.021570727,3040.134255392682,1,12088634.29960739,7355921.058413195,True,0.0,18233.965230282705,0.0,-2.23008100874722e-09,18233.965230280475,5.972997925745498e-11,12160537.021570727,18233.965230280475,4.558491307570119,0.0014994374999999192,1.0000000000001223,True,True,True,True
GENTLE_LIKE,self_fund_win,2.0,12160537.021570727,3040.134255392682,2,12088634.29960739,6359396.333837041,True,0.0,18233.965230282705,0.0,-2.23008100874722e-09,18233.965230280475,5.972997925745498e-11,12160537.021570727,18233.965230280475,4.558491307570119,0.0014994374999999192,1.0000000000001223,True,True,True,True
GENTLE_LIKE,self_fund_win,2.0,12160537.021570727,3040.134255392682,3,12088634.29960739,6171724.715717655,True,0.0,18233.965230282705,0.0,-2.23008100874722e-09,18233.965230280475,5.972997925745498e-11,12160537.021570727,18233.965230280475,4.558491307570119,0.0014994374999999192,1.0000000000001223,True,True,True,True
GENTLE_LIKE,self_fund_win,2.0,12160537.021570727,3040.134255392682,4,12088634.29960739,5187187.366588567,True,0.0,18233.965230282705,0.0,-2.23008100874722e-09,18233.965230280475,5.972997925745498e-11,12160537.021570727,18233.965230280475,4.558491307570119,0.0014994374999999192,1.0000000000001223,True,True,True,True
GENTLE_LIKE,self_fund_win,2.0,12160537.021570727,3040.134255392682,5,12088634.29960739,6897974.226921442,True,0.0,18233.965230282705,0.0,-2.23008100874722e-09,18233.965230280475,5.972997925745498e-11,12160537.021570727,18233.965230280475,4.558491307570119,0.0014994374999999192,1.0000000000001223,True,True,True,True
GENTLE_LIKE,self_fund_win,2.0,12160537.021570727,3040.134255392682,6,12088634.29960739,7177383.590810779,True,0.0,18233.965230282705,0.0,-2.23008100874722e-09,18233.965230280475,5.972997925745498e-11,12160537.021570727,18233.965230280475,4.558491307570119,0.0014994374999999192,1.0000000000001223,True,True,True,True
GENTLE_LIKE,self_fund_win,2.0,12160537.021570727,3040.134255392682,7,12088634.29960739,6889994.692460882,True,0.0,18233.965230282705,0.0,-2.23008100874722e-09,18233.965230280475,5.972997925745498e-11,12160537.021570727,18233.965230280475,4.558491307570119,0.0014994374999999192,1.0000000000001223,True,True,True,True
GENTLE_LIKE,self_fund_win,2.0,12160537.021570727,3040.134255392682,8,12088634.29960739,5555138.829174951,True,0.0,18233.965230282705,0.0,-2.23008100874722e-09,18233.965230280475,5.972997925745498e-11,12160537.021570727,18233.965230280475,4.558491307570119,0.0014994374999999192,1.0000000000001223,True,True,True,True
GENTLE_LIKE,self_fund_win,2.0,12160537.021570727,3040.134255392682,9,12088634.29960739,7730706.24931059,True,0.0,18233.965230282705,0.0,-2.23008100874722e-09,18233.965230280475,5.972997925745498e-11,12160537.021570727,18233.965230280475,4.558491307570119,0.0014994374999999192,1.0000000000001223,True,True,True,True
GENTLE_LIKE,self_fund_win,2.0,12160537.021570727,3040.134255392682,10,12088634.29960739,5579135.049758203,True,0.0,18233.965230282705,0.0,-2.23008100874722e-09,18233.965230280475,5.972997925745498e-11,12160537.021570727,18233.965230280475,4.558491307570119,0.0014994374999999192,1.0000000000001223,True,True,True,True
GENTLE_LIKE,self_fund_win,2.0,12160537.021570727,3040.134255392682,11,12088634.29960739,7005116.821210803,True,0.0,18233.965230282705,0.0,-2.23008100874722e-09,18233.965230280475,5.972997925745498e-11,12160537.021570727,18233.965230280475,4.558491307570119,0.0014994374999999192,1.0000000000001223,True,True,True,True
GENTLE_LIKE,self_fund_win,2.0,12160537.021570727,3040.134255392682,12,12088634.29960739,6362827.359813595,True,0.0,18233.965230282705,0.0,-2.23008100874722e-09,18233.965230280475,5.972997925745498e-11,12160537.021570727,18233.965230280475,4.558491307570119,0.0014994374999999192,1.0000000000001223,True,True,True,True
GENTLE_LIKE,self_fund_win,2.0,12160537.021570727,3040.134255392682,13,12088634.29960739,7588116.742650965,True,0.0,18233.965230282705,0.0,-2.23008100874722e-09,18233.965230280475,5.972997925745498e-11,12160537.021570727,18233.965230280475,4.558491307570119,0.0014994374999999192,1.0000000000001223,True,True,True,True
GENTLE_LIKE,self_fund_win,2.0,12160537.021570727,3040.134255392682,14,12088634.29960739,6233829.582636737,True,0.0,18233.965230282705,0.0,-2.23008100874722e-09,18233.965230280475,5.972997925745498e-11,12160537.021570727,18233.965230280475,4.558491307570119,0.0014994374999999192,1.0000000000001223,True,True,True,True
GENTLE_LIKE,self_fund_win,2.0,12160537.021570727,3040.134255392682,15,12088634.29960739,7399446.847813237,True,0.0,18233.965230282705,0.0,-2.23008100874722e-09,18233.965230280475,5.972997925745498e-11,12160537.021570727,18233.965230280475,4.558491307570119,0.0014994374999999192,1.0000000000001223,True,True,True,True
GENTLE_LIKE,self_fund_win,2.0,12160537.021570727,3040.134255392682,16,12088634.29960739,6650721.343908319,True,0.0,18233.965230282705,0.0,-2.23008100874722e-09,18233.965230280475,5.972997925745498e-11,12160537.021570727,18233.965230280475,4.558491307570119,0.0014994374999999192,1.0000000000001223,True,True,True,True
GENTLE_LIKE,self_fund_win,2.0,12160537.021570727,3040.134255392682,17,12088634.29960739,6404228.07181235,True,0.0,18233.965230282705,0.0,-2.23008100874722e-09,18233.965230280475,5.972997925745498e-11,12160537.021570727,18233.965230280475,4.558491307570119,0.0014994374999999192,1.0000000000001223,True,True,True,True
GENTLE_LIKE,self_fund_win,2.0,12160537.021570727,3040.134255392682,18,12088634.29960739,8068963.887968955,True,0.0,18233.965230282705,0.0,-2.23008100874722e-09,18233.965230280475,5.972997925745498e-11,12160537.021570727,18233.965230280475,4.558491307570119,0.0014994374999999192,1.0000000000001223,True,True,True,True
GENTLE_LIKE,self_fund_win,2.0,12160537.021570727,3040.134255392682,19,12088634.29960739,6730114.514594958,True,0.0,18233.965230282705,0.0,-2.23008100874722e-09,18233.965230280475,5.972997925745498e-11,12160537.021570727,18233.965230280475,4.558491307570119,0.0014994374999999192,1.0000000000001223,True,True,True,True
GENTLE_LIKE,self_fund_win,2.0,12160537.021570727,3040.134255392682,20,12088634.29960739,6992663.478833634,True,0.0,18233.965230282705,0.0,-2.23008100874722e-09,18233.965230280475,5.972997925745498e-11,12160537.021570727,18233.965230280475,4.558491307570119,0.0014994374999999192,1.0000000000001223,True,True,True,True
GENTLE_LIKE,self_fund_win,2.0,12160537.021570727,3040.134255392682,21,12088634.29960739,6536286.310355931,True,0.0,18233.965230282705,0.0,-2.23008100874722e-09,18233.965230280475,5.972997925745498e-11,12160537.021570727,18233.965230280475,4.558491307570119,0.0014994374999999192,1.0000000000001223,True,True,True,True
GENTLE_LIKE,self_fund_win,2.0,12160537.021570727,3040.134255392682,22,12088634.29960739,5488230.033618992,True,0.0,18233.965230282705,0.0,-2.23008100874722e-09,18233.965230280475,5.972997925745498e-11,12160537.021570727,18233.965230280475,4.558491307570119,0.0014994374999999192,1.0000000000001223,True,True,True,True
GENTLE_LIKE,self_fund_win,2.0,12160537.021570727,3040.134255392682,23,12088634.29960739,6424032.693458259,True,0.0,18233.965230282705,0.0,-2.23008100874722e-09,18233.965230280475,5.972997925745498e-11,12160537.021570727,18233.965230280475,4.558491307570119,0.0014994374999999192,1.0000000000001223,True,True,True,True
GENTLE_LIKE,self_fund_win,2.0,12160537.021570727,3040.134255392682,24,12088634.29960739,4851616.5538043715,True,0.0,18233.965230282705,0.0,-2.23008100874722e-09,18233.965230280475,5.972997925745498e-11,12160537.021570727,18233.965230280475,4.558491307570119,0.0014994374999999192,1.0000000000001223,True,True,True,True
GENTLE_LIKE,self_fund_win,2.0,12160537.021570727,3040.134255392682,25,12088634.29960739,7017891.663375211,True,0.0,18233.965230282705,0.0,-2.23008100874722e-09,18233.965230280475,5.972997925745498e-11,12160537.021570727,18233.965230280475,4.558491307570119,0.0014994374999999192,1.0000000000001223,True,True,True,True
GENTLE_LIKE,self_fund_win,2.0,12160537.021570727,3040.134255392682,26,12088634.29960739,6518223.237851805,True,0.0,18233.965230282705,0.0,-2.23008100874722e-09,18233.965230280475,5.972997925745498e-11,12160537.021570727,18233.965230280475,4.558491307570119,0.0014994374999999192,1.0000000000001223,True,True,True,True
GENTLE_LIKE,self_fund_win,2.0,12160537.021570727,3040.134255392682,27,12088634.29960739,6041370.387911934,True,0.0,18233.965230282705,0.0,-2.23008100874722e-09,18233.965230280475,5.972997925745498e-11,12160537.021570727,18233.965230280475,4.558491307570119,0.0014994374999999192,1.0000000000001223,True,True,True,True
GENTLE_LIKE,self_fund_win,2.0,12160537.021570727,3040.134255392682,28,12088634.29960739,7017162.727307111,True,0.0,18233.965230282705,0.0,-2.23008100874722e-09,18233.965230280475,5.972997925745498e-11,12160537.021570727,18233.965230280475,4.558491307570119,0.0014994374999999192,1.0000000000001223,True,True,True,True
GENTLE_LIKE,self_fund_win,2.0,12160537.021570727,3040.134255392682,29,12088634.29960739,6456849.574956462,True,0.0,18233.965230282705,0.0,-2.23008100874722e-09,18233.965230280475,5.972997925745498e-11,12160537.021570727,18233.965230280475,4.558491307570119,0.0014994374999999192,1.0000000000001223,True,True,True,True
GENTLE_LIKE,self_fund_win,2.0,12160537.021570727,3040.134255392682,30,12088634.29960739,8469592.015341165,True,0.0,18233.965230282705,0.0,-2.23008100874722e-09,18233.965230280475,5.972997925745498e-11,12160537.021570727,18233.965230280475,4.558491307570119,0.0014994374999999192,1.0000000000001223,True,True,True,True
GENTLE_LIKE,self_fund_win,2.0,12160537.021570727,3040.134255392682,31,12088634.29960739,5763425.232143959,True,0.0,18233.965230282705,0.0,-2.23008100874722e-09,18233.965230280475,5.972997925745498e-11,12160537.021570727,18233.965230280475,4.558491307570119,0.0014994374999999192,1.0000000000001223,True,True,True,True
GENTLE_LIKE,self_fund_win,2.0,12160537.021570727,3040.134255392682,32,12088634.29960739,6213425.399078768,True,0.0,18233.965230282705,0.0,-2.23008100874722e-09,18233.965230280475,5.972997925745498e-11,12160537.021570727,18233.965230280475,4.558491307570119,0.0014994374999999192,1.0000000000001223,True,True,True,True
GENTLE_LIKE,self_fund_win,2.0,12160537.021570727,3040.134255392682,33,12088634.29960739,6142854.6558345985,True,0.0,18233.965230282705,0.0,-2.23008100874722e-09,18233.965230280475,5.972997925745498e-11,12160537.021570727,18233.965230280475,4.558491307570119,0.0014994374999999192,1.0000000000001223,True,True,True,True
GENTLE_LIKE,self_fund_win,2.0,12160537.021570727,3040.134255392682,34,12088634.29960739,5295985.189400909,True,0.0,18233.965230282705,0.0,-2.23008100874722e-09,18233.965230280475,5.972997925745498e-11,12160537.021570727,18233.965230280475,4.558491307570119,0.0014994374999999192,1.0000000000001223,True,True,True,True
GENTLE_LIKE,self_fund_win,2.0,12160537.021570727,3040.134255392682,35,12088634.29960739,6293122.291401653,True,0.0,18233.965230282705,0.0,-2.23008100874722e-09,18233.965230280475,5.972997925745498e-11,12160537.021570727,18233.965230280475,4.558491307570119,0.0014994374999999192,1.0000000000001223,True,True,True,True
GENTLE_LIKE,self_fund_win,2.0,12160537.021570727,3040.134255392682,36,12088634.29960739,5188067.466829551,True,0.0,18233.965230282705,0.0,-2.23008100874722e-09,18233.965230280475,5.972997925745498e-11,12160537.021570727,18233.965230280475,4.558491307570119,0.0014994374999999192,1.0000000000001223,True,True,True,True
GENTLE_LIKE,self_fund_win,2.0,12160537.021570727,3040.134255392682,37,12088634.29960739,7595643.453117375,True,0.0,18233.965230282705,0.0,-2.23008100874722e-09,18233.965230280475,5.972997925745498e-11,12160537.021570727,18233.965230280475,4.558491307570119,0.0014994374999999192,1.0000000000001223,True,True,True,True
GENTLE_LIKE,self_fund_win,2.0,12160537.021570727,3040.134255392682,38,12088634.29960739,7251469.795287177,True,0.0,18233.965230282705,0.0,-2.23008100874722e-09,18233.965230280475,5.972997925745498e-11,12160537.021570727,18233.965230280475,4.558491307570119,0.0014994374999999192,1.0000000000001223,True,True,True,True
GENTLE_LIKE,self_fund_win,2.0,12160537.021570727,3040.134255392682,39,12088634.29960739,7009841.2345012035,True,0.0,18233.965230282705,0.0,-2.23008100874722e-09,18233.965230280475,5.972997925745498e-11,12160537.021570727,18233.965230280475,4.558491307570119,0.0014994374999999192,1.0000000000001223,True,True,True,True
GENTLE_LIKE,self_fund_win,5.0,30401342.553926818,7600.335638481704,0,30221585.74901848,5721907.502815071,True,0.0,45584.9130757049,0.0,-4.496541805565357e-09,45584.9130757004,0.0,30401342.553926818,45584.9130757004,11.396228268925102,0.0014994374999998934,1.0000000000000986,True,True,True,True
GENTLE_LIKE,self_fund_win,5.0,30401342.553926818,7600.335638481704,1,30221585.74901848,6469619.844235076,True,0.0,45584.9130757049,0.0,-4.496541805565357e-09,45584.9130757004,0.0,30401342.553926818,45584.9130757004,11.396228268925102,0.0014994374999998934,1.0000000000000986,True,True,True,True
GENTLE_LIKE,self_fund_win,5.0,30401342.553926818,7600.335638481704,2,30221585.74901848,6137583.733440892,True,0.0,45584.9130757049,0.0,-4.496541805565357e-09,45584.9130757004,0.0,30401342.553926818,45584.9130757004,11.396228268925102,0.0014994374999998934,1.0000000000000986,True,True,True,True
GENTLE_LIKE,self_fund_win,5.0,30401342.553926818,7600.335638481704,3,30221585.74901848,6698967.450708871,True,0.0,45584.9130757049,0.0,-4.496541805565357e-09,45584.9130757004,0.0,30401342.553926818,45584.9130757004,11.396228268925102,0.0014994374999998934,1.0000000000000986,True,True,True,True
GENTLE_LIKE,self_fund_win,5.0,30401342.553926818,7600.335638481704,4,30221585.74901848,5884556.036033059,True,0.0,45584.9130757049,0.0,-4.496541805565357e-09,45584.9130757004,0.0,30401342.553926818,45584.9130757004,11.396228268925102,0.0014994374999998934,1.0000000000000986,True,True,True,True
GENTLE_LIKE,self_fund_win,5.0,30401342.553926818,7600.335638481704,5,30221585.74901848,5755194.39554266,True,0.0,45584.9130757049,0.0,-4.496541805565357e-09,45584.9130757004,0.0,30401342.553926818,45584.9130757004,11.396228268925102,0.0014994374999998934,1.0000000000000986,True,True,True,True
GENTLE_LIKE,self_fund_win,5.0,30401342.553926818,7600.335638481704,6,30221585.74901848,5979619.098941306,True,0.0,45584.9130757049,0.0,-4.496541805565357e-09,45584.9130757004,0.0,30401342.553926818,45584.9130757004,11.396228268925102,0.0014994374999998934,1.0000000000000986,True,True,True,True
GENTLE_LIKE,self_fund_win,5.0,30401342.553926818,7600.335638481704,7,30221585.74901848,5656241.168631314,True,0.0,45584.9130757049,0.0,-4.496541805565357e-09,45584.9130757004,0.0,30401342.553926818,45584.9130757004,11.396228268925102,0.0014994374999998934,1.0000000000000986,True,True,True,True
GENTLE_LIKE,self_fund_win,5.0,30401342.553926818,7600.335638481704,8,30221585.74901848,6214673.596312419,True,0.0,45584.9130757049,0.0,-4.496541805565357e-09,45584.9130757004,0.0,30401342.553926818,45584.9130757004,11.396228268925102,0.0014994374999998934,1.0000000000000986,True,True,True,True
GENTLE_LIKE,self_fund_win,5.0,30401342.553926818,7600.335638481704,9,30221585.74901848,6427135.208100386,True,0.0,45584.9130757049,0.0,-4.496541805565357e-09,45584.9130757004,0.0,30401342.553926818,45584.9130757004,11.396228268925102,0.0014994374999998934,1.0000000000000986,True,True,True,True
GENTLE_LIKE,self_fund_win,5.0,30401342.553926818,7600.335638481704,10,30221585.74901848,6292311.2035397375,True,0.0,45584.9130757049,0.0,-4.496541805565357e-09,45584.9130757004,0.0,30401342.553926818,45584.9130757004,11.396228268925102,0.0014994374999998934,1.0000000000000986,True,True,True,True
GENTLE_LIKE,self_fund_win,5.0,30401342.553926818,7600.335638481704,11,30221585.74901848,6310324.268470843,True,0.0,45584.9130757049,0.0,-4.496541805565357e-09,45584.9130757004,0.0,30401342.553926818,45584.9130757004,11.396228268925102,0.0014994374999998934,1.0000000000000986,True,True,True,True
GENTLE_LIKE,self_fund_win,5.0,30401342.553926818,7600.335638481704,12,30221585.74901848,7181443.817667796,True,0.0,45584.9130757049,0.0,-4.496541805565357e-09,45584.9130757004,0.0,30401342.553926818,45584.9130757004,11.396228268925102,0.0014994374999998934,1.0000000000000986,True,True,True,True
GENTLE_LIKE,self_fund_win,5.0,30401342.553926818,7600.335638481704,13,30221585.74901848,6304418.214226223,True,0.0,45584.9130757049,0.0,-4.496541805565357e-09,45584.9130757004,0.0,30401342.553926818,45584.9130757004,11.396228268925102,0.0014994374999998934,1.0000000000000986,True,True,True,True
GENTLE_LIKE,self_fund_win,5.0,30401342.553926818,7600.335638481704,14,30221585.74901848,7416228.995257945,True,0.0,45584.9130757049,0.0,-4.496541805565357e-09,45584.9130757004,0.0,30401342.553926818,45584.9130757004,11.396228268925102,0.0014994374999998934,1.0000000000000986,True,True,True,True
GENTLE_LIKE,self_fund_win,5.0,30401342.553926818,7600.335638481704,15,30221585.74901848,5188481.592531843,True,0.0,45584.9130757049,0.0,-4.496541805565357e-09,45584.9130757004,0.0,30401342.553926818,45584.9130757004,11.396228268925102,0.0014994374999998934,1.0000000000000986,True,True,True,True
GENTLE_LIKE,self_fund_win,5.0,30401342.553926818,7600.335638481704,16,30221585.74901848,7284434.800888405,True,0.0,45584.9130757049,0.0,-4.496541805565357e-09,45584.9130757004,0.0,30401342.553926818,45584.9130757004,11.396228268925102,0.0014994374999998934,1.0000000000000986,True,True,True,True
GENTLE_LIKE,self_fund_win,5.0,30401342.553926818,7600.335638481704,17,30221585.74901848,5735684.076092392,True,0.0,45584.9130757049,0.0,-4.496541805565357e-09,45584.9130757004,0.0,30401342.553926818,45584.9130757004,11.396228268925102,0.0014994374999998934,1.0000000000000986,True,True,True,True
GENTLE_LIKE,self_fund_win,5.0,30401342.553926818,7600.335638481704,18,30221585.74901848,7025693.475225672,True,0.0,45584.9130757049,0.0,-4.496541805565357e-09,45584.9130757004,0.0,30401342.553926818,45584.9130757004,11.396228268925102,0.0014994374999998934,1.0000000000000986,True,True,True,True
GENTLE_LIKE,self_fund_win,5.0,30401342.553926818,7600.335638481704,19,30221585.74901848,8529327.00992135,True,0.0,45584.9130757049,0.0,-4.496541805565357e-09,45584.9130757004,0.0,30401342.553926818,45584.9130757004,11.396228268925102,0.0014994374999998934,1.0000000000000986,True,True,True,True
GENTLE_LIKE,self_fund_win,5.0,30401342.553926818,7600.335638481704,20,30221585.74901848,6717002.748716157,True,0.0,45584.9130757049,0.0,-4.496541805565357e-09,45584.9130757004,0.0,30401342.553926818,45584.9130757004,11.396228268925102,0.0014994374999998934,1.0000000000000986,True,True,True,True
GENTLE_LIKE,self_fund_win,5.0,30401342.553926818,7600.335638481704,21,30221585.74901848,8034289.055768064,True,0.0,45584.9130757049,0.0,-4.496541805565357e-09,45584.9130757004,0.0,30401342.553926818,45584.9130757004,11.396228268925102,0.0014994374999998934,1.0000000000000986,True,True,True,True
GENTLE_LIKE,self_fund_win,5.0,30401342.553926818,7600.335638481704,22,30221585.74901848,6302639.935161016,True,0.0,45584.9130757049,0.0,-4.496541805565357e-09,45584.9130757004,0.0,30401342.553926818,45584.9130757004,11.396228268925102,0.0014994374999998934,1.0000000000000986,True,True,True,True
GENTLE_LIKE,self_fund_win,5.0,30401342.553926818,7600.335638481704,23,30221585.74901848,7973759.446417756,True,0.0,45584.9130757049,0.0,-4.496541805565357e-09,45584.9130757004,0.0,30401342.553926818,45584.9130757004,11.396228268925102,0.0014994374999998934,1.0000000000000986,True,True,True,True
GENTLE_LIKE,self_fund_win,5.0,30401342.553926818,7600.335638481704,24,30221585.74901848,7083263.040085424,True,0.0,45584.9130757049,0.0,-4.496541805565357e-09,45584.9130757004,0.0,30401342.553926818,45584.9130757004,11.396228268925102,0.0014994374999998934,1.0000000000000986,True,True,True,True
GENTLE_LIKE,self_fund_win,5.0,30401342.553926818,7600.335638481704,25,30221585.74901848,7591294.987946809,True,0.0,45584.9130757049,0.0,-4.496541805565357e-09,45584.9130757004,0.0,30401342.553926818,45584.9130757004,11.396228268925102,0.0014994374999998934,1.0000000000000986,True,True,True,True
GENTLE_LIKE,self_fund_win,5.0,30401342.553926818,7600.335638481704,26,30221585.74901848,6260479.309472397,True,0.0,45584.9130757049,0.0,-4.496541805565357e-09,45584.9130757004,0.0,30401342.553926818,45584.9130757004,11.396228268925102,0.0014994374999998934,1.0000000000000986,True,True,True,True
GENTLE_LIKE,self_fund_win,5.0,30401342.553926818,7600.335638481704,27,30221585.74901848,6515798.545662824,True,0.0,45584.9130757049,0.0,-4.496541805565357e-09,45584.9130757004,0.0,30401342.553926818,45584.9130757004,11.396228268925102,0.0014994374999998934,1.0000000000000986,True,True,True,True
GENTLE_LIKE,self_fund_win,5.0,30401342.553926818,7600.335638481704,28,30221585.74901848,6082203.798667328,True,0.0,45584.9130757049,0.0,-4.496541805565357e-09,45584.9130757004,0.0,30401342.553926818,45584.9130757004,11.396228268925102,0.0014994374999998934,1.0000000000000986,True,True,True,True
GENTLE_LIKE,self_fund_win,5.0,30401342.553926818,7600.335638481704,29,30221585.74901848,7321197.857151805,True,0.0,45584.9130757049,0.0,-4.496541805565357e-09,45584.9130757004,0.0,30401342.553926818,45584.9130757004,11.396228268925102,0.0014994374999998934,1.0000000000000986,True,True,True,True
GENTLE_LIKE,self_fund_win,5.0,30401342.553926818,7600.335638481704,30,30221585.74901848,6591121.134313075,True,0.0,45584.9130757049,0.0,-4.496541805565357e-09,45584.9130757004,0.0,30401342.553926818,45584.9130757004,11.396228268925102,0.0014994374999998934,1.0000000000000986,True,True,True,True
GENTLE_LIKE,self_fund_win,5.0,30401342.553926818,7600.335638481704,31,30221585.74901848,5869966.077007931,True,0.0,45584.9130757049,0.0,-4.496541805565357e-09,45584.9130757004,0.0,30401342.553926818,45584.9130757004,11.396228268925102,0.0014994374999998934,1.0000000000000986,True,True,True,True
GENTLE_LIKE,self_fund_win,5.0,30401342.553926818,7600.335638481704,32,30221585.74901848,5576480.250444458,True,0.0,45584.9130757049,0.0,-4.496541805565357e-09,45584.9130757004,0.0,30401342.553926818,45584.9130757004,11.396228268925102,0.0014994374999998934,1.0000000000000986,True,True,True,True
GENTLE_LIKE,self_fund_win,5.0,30401342.553926818,7600.335638481704,33,30221585.74901848,4208503.5405245675,True,0.0,45584.9130757049,0.0,-4.496541805565357e-09,45584.9130757004,0.0,30401342.553926818,45584.9130757004,11.396228268925102,0.0014994374999998934,1.0000000000000986,True,True,True,True
GENTLE_LIKE,self_fund_win,5.0,30401342.553926818,7600.335638481704,34,30221585.74901848,7400874.612819794,True,0.0,45584.9130757049,0.0,-4.496541805565357e-09,45584.9130757004,0.0,30401342.553926818,45584.9130757004,11.396228268925102,0.0014994374999998934,1.0000000000000986,True,True,True,True
GENTLE_LIKE,self_fund_win,5.0,30401342.553926818,7600.335638481704,35,30221585.74901848,6599887.527233032,True,0.0,45584.9130757049,0.0,-4.496541805565357e-09,45584.9130757004,0.0,30401342.553926818,45584.9130757004,11.396228268925102,0.0014994374999998934,1.0000000000000986,True,True,True,True
GENTLE_LIKE,self_fund_win,5.0,30401342.553926818,7600.335638481704,36,30221585.74901848,7417512.093412968,True,0.0,45584.9130757049,0.0,-4.496541805565357e-09,45584.9130757004,0.0,30401342.553926818,45584.9130757004,11.396228268925102,0.0014994374999998934,1.0000000000000986,True,True,True,True
GENTLE_LIKE,self_fund_win,5.0,30401342.553926818,7600.335638481704,37,30221585.74901848,6847122.75560227,True,0.0,45584.9130757049,0.0,-4.496541805565357e-09,45584.9130757004,0.0,30401342.553926818,45584.9130757004,11.396228268925102,0.0014994374999998934,1.0000000000000986,True,True,True,True
GENTLE_LIKE,self_fund_win,5.0,30401342.553926818,7600.335638481704,38,30221585.74901848,7688371.627221357,True,0.0,45584.9130757049,0.0,-4.496541805565357e-09,45584.9130757004,0.0,30401342.553926818,45584.9130757004,11.396228268925102,0.0014994374999998934,1.0000000000000986,True,True,True,True
GENTLE_LIKE,self_fund_win,5.0,30401342.553926818,7600.335638481704,39,30221585.74901848,5989731.249489112,True,0.0,45584.9130757049,0.0,-4.496541805565357e-09,45584.9130757004,0.0,30401342.553926818,45584.9130757004,11.396228268925102,0.0014994374999998934,1.0000000000000986,True,True,True,True
GENTLE_LIKE,self_fund_win,10.0,60802685.107853636,15200.671276963409,0,60443171.49803696,6545264.391186337,True,0.0,91169.8261514098,0.0,-1.5425030142068863e-09,91169.82615140826,0.0,60802685.107853636,91169.82615140826,22.792456537852065,0.001499437500000016,1.0000000000000169,True,True,True,True
GENTLE_LIKE,self_fund_win,10.0,60802685.107853636,15200.671276963409,1,60443171.49803696,5970263.219540641,True,0.0,91169.8261514098,0.0,-1.5425030142068863e-09,91169.82615140826,0.0,60802685.107853636,91169.82615140826,22.792456537852065,0.001499437500000016,1.0000000000000169,True,True,True,True
GENTLE_LIKE,self_fund_win,10.0,60802685.107853636,15200.671276963409,2,60443171.49803696,6419703.385176742,True,0.0,91169.8261514098,0.0,-1.5425030142068863e-09,91169.82615140826,0.0,60802685.107853636,91169.82615140826,22.792456537852065,0.001499437500000016,1.0000000000000169,True,True,True,True
GENTLE_LIKE,self_fund_win,10.0,60802685.107853636,15200.671276963409,3,60443171.49803696,6818698.733349213,True,0.0,91169.8261514098,0.0,-1.5425030142068863e-09,91169.82615140826,0.0,60802685.107853636,91169.82615140826,22.792456537852065,0.001499437500000016,1.0000000000000169,True,True,True,True
GENTLE_LIKE,self_fund_win,10.0,60802685.107853636,15200.671276963409,4,60443171.49803696,6656373.476343899,True,0.0,91169.8261514098,0.0,-1.5425030142068863e-09,91169.82615140826,0.0,60802685.107853636,91169.82615140826,22.792456537852065,0.001499437500000016,1.0000000000000169,True,True,True,True
GENTLE_LIKE,self_fund_win,10.0,60802685.107853636,15200.671276963409,5,60443171.49803696,6044866.895728906,True,0.0,91169.8261514098,0.0,-1.5425030142068863e-09,91169.82615140826,0.0,60802685.107853636,91169.82615140826,22.792456537852065,0.001499437500000016,1.0000000000000169,True,True,True,True
GENTLE_LIKE,self_fund_win,10.0,60802685.107853636,15200.671276963409,6,60443171.49803696,7865391.112382504,True,0.0,91169.8261514098,0.0,-1.5425030142068863e-09,91169.82615140826,0.0,60802685.107853636,91169.82615140826,22.792456537852065,0.001499437500000016,1.0000000000000169,True,True,True,True
GENTLE_LIKE,self_fund_win,10.0,60802685.107853636,15200.671276963409,7,60443171.49803696,6966729.0761875855,True,0.0,91169.8261514098,0.0,-1.5425030142068863e-09,91169.82615140826,0.0,60802685.107853636,91169.82615140826,22.792456537852065,0.001499437500000016,1.0000000000000169,True,True,True,True
GENTLE_LIKE,self_fund_win,10.0,60802685.107853636,15200.671276963409,8,60443171.49803696,7349812.65799112,True,0.0,91169.8261514098,0.0,-1.5425030142068863e-09,91169.82615140826,0.0,60802685.107853636,91169.82615140826,22.792456537852065,0.001499437500000016,1.0000000000000169,True,True,True,True
GENTLE_LIKE,self_fund_win,10.0,60802685.107853636,15200.671276963409,9,60443171.49803696,6842522.193041803,True,0.0,91169.8261514098,0.0,-1.5425030142068863e-09,91169.82615140826,0.0,60802685.107853636,91169.82615140826,22.792456537852065,0.001499437500000016,1.0000000000000169,True,True,True,True
GENTLE_LIKE,self_fund_win,10.0,60802685.107853636,15200.671276963409,10,60443171.49803696,5498320.177689224,True,0.0,91169.8261514098,0.0,-1.5425030142068863e-09,91169.82615140826,0.0,60802685.107853636,91169.82615140826,22.792456537852065,0.001499437500000016,1.0000000000000169,True,True,True,True
GENTLE_LIKE,self_fund_win,10.0,60802685.107853636,15200.671276963409,11,60443171.49803696,6000186.271755215,True,0.0,91169.8261514098,0.0,-1.5425030142068863e-09,91169.82615140826,0.0,60802685.107853636,91169.82615140826,22.792456537852065,0.001499437500000016,1.0000000000000169,True,True,True,True
GENTLE_LIKE,self_fund_win,10.0,60802685.107853636,15200.671276963409,12,60443171.49803696,4909400.487957495,True,0.0,91169.8261514098,0.0,-1.5425030142068863e-09,91169.82615140826,0.0,60802685.107853636,91169.82615140826,22.792456537852065,0.001499437500000016,1.0000000000000169,True,True,True,True
GENTLE_LIKE,self_fund_win,10.0,60802685.107853636,15200.671276963409,13,60443171.49803696,8455236.284146784,True,0.0,91169.8261514098,0.0,-1.5425030142068863e-09,91169.82615140826,0.0,60802685.107853636,91169.82615140826,22.792456537852065,0.001499437500000016,1.0000000000000169,True,True,True,True
GENTLE_LIKE,self_fund_win,10.0,60802685.107853636,15200.671276963409,14,60443171.49803696,6612936.968622087,True,0.0,91169.8261514098,0.0,-1.5425030142068863e-09,91169.82615140826,0.0,60802685.107853636,91169.82615140826,22.792456537852065,0.001499437500000016,1.0000000000000169,True,True,True,True
GENTLE_LIKE,self_fund_win,10.0,60802685.107853636,15200.671276963409,15,60443171.49803696,5854549.730046786,True,0.0,91169.8261514098,0.0,-1.5425030142068863e-09,91169.82615140826,0.0,60802685.107853636,91169.82615140826,22.792456537852065,0.001499437500000016,1.0000000000000169,True,True,True,True
GENTLE_LIKE,self_fund_win,10.0,60802685.107853636,15200.671276963409,16,60443171.49803696,7266884.099735037,True,0.0,91169.8261514098,0.0,-1.5425030142068863e-09,91169.82615140826,0.0,60802685.107853636,91169.82615140826,22.792456537852065,0.001499437500000016,1.0000000000000169,True,True,True,True
GENTLE_LIKE,self_fund_win,10.0,60802685.107853636,15200.671276963409,17,60443171.49803696,5576918.858991708,True,0.0,91169.8261514098,0.0,-1.5425030142068863e-09,91169.82615140826,0.0,60802685.107853636,91169.82615140826,22.792456537852065,0.001499437500000016,1.0000000000000169,True,True,True,True
GENTLE_LIKE,self_fund_win,10.0,60802685.107853636,15200.671276963409,18,60443171.49803696,6232241.856545256,True,0.0,91169.8261514098,0.0,-1.5425030142068863e-09,91169.82615140826,0.0,60802685.107853636,91169.82615140826,22.792456537852065,0.001499437500000016,1.0000000000000169,True,True,True,True
GENTLE_LIKE,self_fund_win,10.0,60802685.107853636,15200.671276963409,19,60443171.49803696,7777761.254362338,True,0.0,91169.8261514098,0.0,-1.5425030142068863e-09,91169.82615140826,0.0,60802685.107853636,91169.82615140826,22.792456537852065,0.001499437500000016,1.0000000000000169,True,True,True,True
GENTLE_LIKE,self_fund_win,10.0,60802685.107853636,15200.671276963409,20,60443171.49803696,5469919.004084107,True,0.0,91169.8261514098,0.0,-1.5425030142068863e-09,91169.82615140826,0.0,60802685.107853636,91169.82615140826,22.792456537852065,0.001499437500000016,1.0000000000000169,True,True,True,True
GENTLE_LIKE,self_fund_win,10.0,60802685.107853636,15200.671276963409,21,60443171.49803696,6864281.054999332,True,0.0,91169.8261514098,0.0,-1.5425030142068863e-09,91169.82615140826,0.0,60802685.107853636,91169.82615140826,22.792456537852065,0.001499437500000016,1.0000000000000169,True,True,True,True
GENTLE_LIKE,self_fund_win,10.0,60802685.107853636,15200.671276963409,22,60443171.49803696,6123472.551994613,True,0.0,91169.8261514098,0.0,-1.5425030142068863e-09,91169.82615140826,0.0,60802685.107853636,91169.82615140826,22.792456537852065,0.001499437500000016,1.0000000000000169,True,True,True,True
GENTLE_LIKE,self_fund_win,10.0,60802685.107853636,15200.671276963409,23,60443171.49803696,6181561.355370865,True,0.0,91169.8261514098,0.0,-1.5425030142068863e-09,91169.82615140826,0.0,60802685.107853636,91169.82615140826,22.792456537852065,0.001499437500000016,1.0000000000000169,True,True,True,True
GENTLE_LIKE,self_fund_win,10.0,60802685.107853636,15200.671276963409,24,60443171.49803696,5703889.962078457,True,0.0,91169.8261514098,0.0,-1.5425030142068863e-09,91169.82615140826,0.0,60802685.107853636,91169.82615140826,22.792456537852065,0.001499437500000016,1.0000000000000169,True,True,True,True
GENTLE_LIKE,self_fund_win,10.0,60802685.107853636,15200.671276963409,25,60443171.49803696,7246376.366964763,True,0.0,91169.8261514098,0.0,-1.5425030142068863e-09,91169.82615140826,0.0,60802685.107853636,91169.82615140826,22.792456537852065,0.001499437500000016,1.0000000000000169,True,True,True,True
GENTLE_LIKE,self_fund_win,10.0,60802685.107853636,15200.671276963409,26,60443171.49803696,5223315.938748954,True,0.0,91169.8261514098,0.0,-1.5425030142068863e-09,91169.82615140826,0.0,60802685.107853636,91169.82615140826,22.792456537852065,0.001499437500000016,1.0000000000000169,True,True,True,True
GENTLE_LIKE,self_fund_win,10.0,60802685.107853636,15200.671276963409,27,60443171.49803696,6851780.089483279,True,0.0,91169.8261514098,0.0,-1.5425030142068863e-09,91169.82615140826,0.0,60802685.107853636,91169.82615140826,22.792456537852065,0.001499437500000016,1.0000000000000169,True,True,True,True
GENTLE_LIKE,self_fund_win,10.0,60802685.107853636,15200.671276963409,28,60443171.49803696,7601441.785586452,True,0.0,91169.8261514098,0.0,-1.5425030142068863e-09,91169.82615140826,0.0,60802685.107853636,91169.82615140826,22.792456537852065,0.001499437500000016,1.0000000000000169,True,True,True,True
GENTLE_LIKE,self_fund_win,10.0,60802685.107853636,15200.671276963409,29,60443171.49803696,7137276.844261628,True,0.0,91169.8261514098,0.0,-1.5425030142068863e-09,91169.82615140826,0.0,60802685.107853636,91169.82615140826,22.792456537852065,0.001499437500000016,1.0000000000000169,True,True,True,True
GENTLE_LIKE,self_fund_win,10.0,60802685.107853636,15200.671276963409,30,60443171.49803696,6529474.037643025,True,0.0,91169.8261514098,0.0,-1.5425030142068863e-09,91169.82615140826,0.0,60802685.107853636,91169.82615140826,22.792456537852065,0.001499437500000016,1.0000000000000169,True,True,True,True
GENTLE_LIKE,self_fund_win,10.0,60802685.107853636,15200.671276963409,31,60443171.49803696,6476877.297357554,True,0.0,91169.8261514098,0.0,-1.5425030142068863e-09,91169.82615140826,0.0,60802685.107853636,91169.82615140826,22.792456537852065,0.001499437500000016,1.0000000000000169,True,True,True,True
GENTLE_LIKE,self_fund_win,10.0,60802685.107853636,15200.671276963409,32,60443171.49803696,7113894.743959021,True,0.0,91169.8261514098,0.0,-1.5425030142068863e-09,91169.82615140826,0.0,60802685.107853636,91169.82615140826,22.792456537852065,0.001499437500000016,1.0000000000000169,True,True,True,True
GENTLE_LIKE,self_fund_win,10.0,60802685.107853636,15200.671276963409,33,60443171.49803696,6797960.570469576,True,0.0,91169.8261514098,0.0,-1.5425030142068863e-09,91169.82615140826,0.0,60802685.107853636,91169.82615140826,22.792456537852065,0.001499437500000016,1.0000000000000169,True,True,True,True
GENTLE_LIKE,self_fund_win,10.0,60802685.107853636,15200.671276963409,34,60443171.49803696,6395659.786118907,True,0.0,91169.8261514098,0.0,-1.5425030142068863e-09,91169.82615140826,0.0,60802685.107853636,91169.82615140826,22.792456537852065,0.001499437500000016,1.0000000000000169,True,True,True,True
GENTLE_LIKE,self_fund_win,10.0,60802685.107853636,15200.671276963409,35,60443171.49803696,7247592.16277483,True,0.0,91169.8261514098,0.0,-1.5425030142068863e-09,91169.82615140826,0.0,60802685.107853636,91169.82615140826,22.792456537852065,0.001499437500000016,1.0000000000000169,True,True,True,True
GENTLE_LIKE,self_fund_win,10.0,60802685.107853636,15200.671276963409,36,60443171.49803696,8085679.699845842,True,0.0,91169.8261514098,0.0,-1.5425030142068863e-09,91169.82615140826,0.0,60802685.107853636,91169.82615140826,22.792456537852065,0.001499437500000016,1.0000000000000169,True,True,True,True
GENTLE_LIKE,self_fund_win,10.0,60802685.107853636,15200.671276963409,37,60443171.49803696,5085865.919861605,True,0.0,91169.8261514098,0.0,-1.5425030142068863e-09,91169.82615140826,0.0,60802685.107853636,91169.82615140826,22.792456537852065,0.001499437500000016,1.0000000000000169,True,True,True,True
GENTLE_LIKE,self_fund_win,10.0,60802685.107853636,15200.671276963409,38,60443171.49803696,6580942.719002294,True,0.0,91169.8261514098,0.0,-1.5425030142068863e-09,91169.82615140826,0.0,60802685.107853636,91169.82615140826,22.792456537852065,0.001499437500000016,1.0000000000000169,True,True,True,True
GENTLE_LIKE,self_fund_win,10.0,60802685.107853636,15200.671276963409,39,60443171.49803696,5949394.386442565,True,0.0,91169.8261514098,0.0,-1.5425030142068863e-09,91169.82615140826,0.0,60802685.107853636,91169.82615140826,22.792456537852065,0.001499437500000016,1.0000000000000169,True,True,True,True
OVERRIDE,self_fund_win,0.5,3255615.5138148395,813.9038784537099,0,3236365.737534884,6461797.397006979,False,0.0,4881.591986996034,0.0,8.731149137020111e-11,4881.591986996122,0.0,3255615.5138148395,4881.591986996122,1.2203979967490304,0.0014994375000001176,0.9999999999999821,False,False,False,False
OVERRIDE,self_fund_win,0.5,3255615.5138148395,813.9038784537099,1,3236365.737534884,7676809.352210692,False,0.0,4881.591986996034,0.0,8.731149137020111e-11,4881.591986996122,0.0,3255615.5138148395,4881.591986996122,1.2203979967490304,0.0014994375000001176,0.9999999999999821,False,False,False,False
OVERRIDE,self_fund_win,0.5,3255615.5138148395,813.9038784537099,2,3236365.737534884,7408656.157210901,False,0.0,4881.591986996034,0.0,8.731149137020111e-11,4881.591986996122,0.0,3255615.5138148395,4881.591986996122,1.2203979967490304,0.0014994375000001176,0.9999999999999821,False,False,False,False
OVERRIDE,self_fund_win,0.5,3255615.5138148395,813.9038784537099,3,3236365.737534884,6685628.3640829185,False,0.0,4881.591986996034,0.0,8.731149137020111e-11,4881.591986996122,0.0,3255615.5138148395,4881.591986996122,1.2203979967490304,0.0014994375000001176,0.9999999999999821,False,False,False,False
OVERRIDE,self_fund_win,0.5,3255615.5138148395,813.9038784537099,4,3236365.737534884,5715648.294484517,False,0.0,4881.591986996034,0.0,8.731149137020111e-11,4881.591986996122,0.0,3255615.5138148395,4881.591986996122,1.2203979967490304,0.0014994375000001176,0.9999999999999821,False,False,False,False
OVERRIDE,self_fund_win,0.5,3255615.5138148395,813.9038784537099,5,3236365.737534884,6727619.225139095,False,0.0,4881.591986996034,0.0,8.731149137020111e-11,4881.591986996122,0.0,3255615.5138148395,4881.591986996122,1.2203979967490304,0.0014994375000001176,0.9999999999999821,False,False,False,False
OVERRIDE,self_fund_win,0.5,3255615.5138148395,813.9038784537099,6,3236365.737534884,6695400.783987872,False,0.0,4881.591986996034,0.0,8.731149137020111e-11,4881.591986996122,0.0,3255615.5138148395,4881.591986996122,1.2203979967490304,0.0014994375000001176,0.9999999999999821,False,False,False,False
OVERRIDE,self_fund_win,0.5,3255615.5138148395,813.9038784537099,7,3236365.737534884,7605317.443653067,False,0.0,4881.591986996034,0.0,8.731149137020111e-11,4881.591986996122,0.0,3255615.5138148395,4881.591986996122,1.2203979967490304,0.0014994375000001176,0.9999999999999821,False,False,False,False
OVERRIDE,self_fund_win,0.5,3255615.5138148395,813.9038784537099,8,3236365.737534884,6180751.737808833,False,0.0,4881.591986996034,0.0,8.731149137020111e-11,4881.591986996122,0.0,3255615.5138148395,4881.591986996122,1.2203979967490304,0.0014994375000001176,0.9999999999999821,False,False,False,False
OVERRIDE,self_fund_win,0.5,3255615.5138148395,813.9038784537099,9,3236365.737534884,5470346.392981065,False,0.0,4881.591986996034,0.0,8.731149137020111e-11,4881.591986996122,0.0,3255615.5138148395,4881.591986996122,1.2203979967490304,0.0014994375000001176,0.9999999999999821,False,False,False,False
OVERRIDE,self_fund_win,0.5,3255615.5138148395,813.9038784537099,10,3236365.737534884,7334826.406948602,False,0.0,4881.591986996034,0.0,8.731149137020111e-11,4881.591986996122,0.0,3255615.5138148395,4881.591986996122,1.2203979967490304,0.0014994375000001176,0.9999999999999821,False,False,False,False
OVERRIDE,self_fund_win,0.5,3255615.5138148395,813.9038784537099,11,3236365.737534884,6065909.62943288,False,0.0,4881.591986996034,0.0,8.731149137020111e-11,4881.591986996122,0.0,3255615.5138148395,4881.591986996122,1.2203979967490304,0.0014994375000001176,0.9999999999999821,False,False,False,False
OVERRIDE,self_fund_win,0.5,3255615.5138148395,813.9038784537099,12,3236365.737534884,5754757.485630568,False,0.0,4881.591986996034,0.0,8.731149137020111e-11,4881.591986996122,0.0,3255615.5138148395,4881.591986996122,1.2203979967490304,0.0014994375000001176,0.9999999999999821,False,False,False,False
OVERRIDE,self_fund_win,0.5,3255615.5138148395,813.9038784537099,13,3236365.737534884,6434904.276384234,False,0.0,4881.591986996034,0.0,8.731149137020111e-11,4881.591986996122,0.0,3255615.5138148395,4881.591986996122,1.2203979967490304,0.0014994375000001176,0.9999999999999821,False,False,False,False
OVERRIDE,self_fund_win,0.5,3255615.5138148395,813.9038784537099,14,3236365.737534884,6233591.528951351,False,0.0,4881.591986996034,0.0,8.731149137020111e-11,4881.591986996122,0.0,3255615.5138148395,4881.591986996122,1.2203979967490304,0.0014994375000001176,0.9999999999999821,False,False,False,False
OVERRIDE,self_fund_win,0.5,3255615.5138148395,813.9038784537099,15,3236365.737534884,5877136.109711634,False,0.0,4881.591986996034,0.0,8.731149137020111e-11,4881.591986996122,0.0,3255615.5138148395,4881.591986996122,1.2203979967490304,0.0014994375000001176,0.9999999999999821,False,False,False,False
OVERRIDE,self_fund_win,0.5,3255615.5138148395,813.9038784537099,16,3236365.737534884,6909143.637183362,False,0.0,4881.591986996034,0.0,8.731149137020111e-11,4881.591986996122,0.0,3255615.5138148395,4881.591986996122,1.2203979967490304,0.0014994375000001176,0.9999999999999821,False,False,False,False
OVERRIDE,self_fund_win,0.5,3255615.5138148395,813.9038784537099,17,3236365.737534884,6714562.470725972,False,0.0,4881.591986996034,0.0,8.731149137020111e-11,4881.591986996122,0.0,3255615.5138148395,4881.591986996122,1.2203979967490304,0.0014994375000001176,0.9999999999999821,False,False,False,False
OVERRIDE,self_fund_win,0.5,3255615.5138148395,813.9038784537099,18,3236365.737534884,4554113.988682648,False,0.0,4881.591986996034,0.0,8.731149137020111e-11,4881.591986996122,0.0,3255615.5138148395,4881.591986996122,1.2203979967490304,0.0014994375000001176,0.9999999999999821,False,False,False,False
OVERRIDE,self_fund_win,0.5,3255615.5138148395,813.9038784537099,19,3236365.737534884,5889672.174961578,False,0.0,4881.591986996034,0.0,8.731149137020111e-11,4881.591986996122,0.0,3255615.5138148395,4881.591986996122,1.2203979967490304,0.0014994375000001176,0.9999999999999821,False,False,False,False
OVERRIDE,self_fund_win,0.5,3255615.5138148395,813.9038784537099,20,3236365.737534884,7114558.736946284,False,0.0,4881.591986996034,0.0,8.731149137020111e-11,4881.591986996122,0.0,3255615.5138148395,4881.591986996122,1.2203979967490304,0.0014994375000001176,0.9999999999999821,False,False,False,False
OVERRIDE,self_fund_win,0.5,3255615.5138148395,813.9038784537099,21,3236365.737534884,6308220.693007597,False,0.0,4881.591986996034,0.0,8.731149137020111e-11,4881.591986996122,0.0,3255615.5138148395,4881.591986996122,1.2203979967490304,0.0014994375000001176,0.9999999999999821,False,False,False,False
OVERRIDE,self_fund_win,0.5,3255615.5138148395,813.9038784537099,22,3236365.737534884,6603439.745424023,False,0.0,4881.591986996034,0.0,8.731149137020111e-11,4881.591986996122,0.0,3255615.5138148395,4881.591986996122,1.2203979967490304,0.0014994375000001176,0.9999999999999821,False,False,False,False
OVERRIDE,self_fund_win,0.5,3255615.5138148395,813.9038784537099,23,3236365.737534884,7456031.550218375,False,0.0,4881.591986996034,0.0,8.731149137020111e-11,4881.591986996122,0.0,3255615.5138148395,4881.591986996122,1.2203979967490304,0.0014994375000001176,0.9999999999999821,False,False,False,False
OVERRIDE,self_fund_win,0.5,3255615.5138148395,813.9038784537099,24,3236365.737534884,5667668.659713918,False,0.0,4881.591986996034,0.0,8.731149137020111e-11,4881.591986996122,0.0,3255615.5138148395,4881.591986996122,1.2203979967490304,0.0014994375000001176,0.9999999999999821,False,False,False,False
OVERRIDE,self_fund_win,0.5,3255615.5138148395,813.9038784537099,25,3236365.737534884,6922589.226046625,False,0.0,4881.591986996034,0.0,8.731149137020111e-11,4881.591986996122,0.0,3255615.5138148395,4881.591986996122,1.2203979967490304,0.0014994375000001176,0.9999999999999821,False,False,False,False
OVERRIDE,self_fund_win,0.5,3255615.5138148395,813.9038784537099,26,3236365.737534884,7124463.61870594,False,0.0,4881.591986996034,0.0,8.731149137020111e-11,4881.591986996122,0.0,3255615.5138148395,4881.591986996122,1.2203979967490304,0.0014994375000001176,0.9999999999999821,False,False,False,False
OVERRIDE,self_fund_win,0.5,3255615.5138148395,813.9038784537099,27,3236365.737534884,5708327.472644066,False,0.0,4881.591986996034,0.0,8.731149137020111e-11,4881.591986996122,0.0,3255615.5138148395,4881.591986996122,1.2203979967490304,0.0014994375000001176,0.9999999999999821,False,False,False,False
OVERRIDE,self_fund_win,0.5,3255615.5138148395,813.9038784537099,28,3236365.737534884,6521644.228615622,False,0.0,4881.591986996034,0.0,8.731149137020111e-11,4881.591986996122,0.0,3255615.5138148395,4881.591986996122,1.2203979967490304,0.0014994375000001176,0.9999999999999821,False,False,False,False
OVERRIDE,self_fund_win,0.5,3255615.5138148395,813.9038784537099,29,3236365.737534884,6807934.020011943,False,0.0,4881.591986996034,0.0,8.731149137020111e-11,4881.591986996122,0.0,3255615.5138148395,4881.591986996122,1.2203979967490304,0.0014994375000001176,0.9999999999999821,False,False,False,False
OVERRIDE,self_fund_win,0.5,3255615.5138148395,813.9038784537099,30,3236365.737534884,6744769.995312163,False,0.0,4881.591986996034,0.0,8.731149137020111e-11,4881.591986996122,0.0,3255615.5138148395,4881.591986996122,1.2203979967490304,0.0014994375000001176,0.9999999999999821,False,False,False,False
OVERRIDE,self_fund_win,0.5,3255615.5138148395,813.9038784537099,31,3236365.737534884,6347564.471873119,False,0.0,4881.591986996034,0.0,8.731149137020111e-11,4881.591986996122,0.0,3255615.5138148395,4881.591986996122,1.2203979967490304,0.0014994375000001176,0.9999999999999821,False,False,False,False
OVERRIDE,self_fund_win,0.5,3255615.5138148395,813.9038784537099,32,3236365.737534884,6723750.099313154,False,0.0,4881.591986996034,0.0,8.731149137020111e-11,4881.591986996122,0.0,3255615.5138148395,4881.591986996122,1.2203979967490304,0.0014994375000001176,0.9999999999999821,False,False,False,False
OVERRIDE,self_fund_win,0.5,3255615.5138148395,813.9038784537099,33,3236365.737534884,6955403.969722941,False,0.0,4881.591986996034,0.0,8.731149137020111e-11,4881.591986996122,0.0,3255615.5138148395,4881.591986996122,1.2203979967490304,0.0014994375000001176,0.9999999999999821,False,False,False,False
OVERRIDE,self_fund_win,0.5,3255615.5138148395,813.9038784537099,34,3236365.737534884,6021314.632600554,False,0.0,4881.591986996034,0.0,8.731149137020111e-11,4881.591986996122,0.0,3255615.5138148395,4881.591986996122,1.2203979967490304,0.0014994375000001176,0.9999999999999821,False,False,False,False
OVERRIDE,self_fund_win,0.5,3255615.5138148395,813.9038784537099,35,3236365.737534884,6615679.902613927,False,0.0,4881.591986996034,0.0,8.731149137020111e-11,4881.591986996122,0.0,3255615.5138148395,4881.591986996122,1.2203979967490304,0.0014994375000001176,0.9999999999999821,False,False,False,False
OVERRIDE,self_fund_win,0.5,3255615.5138148395,813.9038784537099,36,3236365.737534884,6727607.375571318,False,0.0,4881.591986996034,0.0,8.731149137020111e-11,4881.591986996122,0.0,3255615.5138148395,4881.591986996122,1.2203979967490304,0.0014994375000001176,0.9999999999999821,False,False,False,False
OVERRIDE,self_fund_win,0.5,3255615.5138148395,813.9038784537099,37,3236365.737534884,7554582.397162026,False,0.0,4881.591986996034,0.0,8.731149137020111e-11,4881.591986996122,0.0,3255615.5138148395,4881.591986996122,1.2203979967490304,0.0014994375000001176,0.9999999999999821,False,False,False,False
OVERRIDE,self_fund_win,0.5,3255615.5138148395,813.9038784537099,38,3236365.737534884,6216335.643379319,False,0.0,4881.591986996034,0.0,8.731149137020111e-11,4881.591986996122,0.0,3255615.5138148395,4881.591986996122,1.2203979967490304,0.0014994375000001176,0.9999999999999821,False,False,False,False
OVERRIDE,self_fund_win,0.5,3255615.5138148395,813.9038784537099,39,3236365.737534884,6336743.261392922,False,0.0,4881.591986996034,0.0,8.731149137020111e-11,4881.591986996122,0.0,3255615.5138148395,4881.591986996122,1.2203979967490304,0.0014994375000001176,0.9999999999999821,False,False,False,False
OVERRIDE,self_fund_win,1.0,6511231.027629679,1627.8077569074198,0,6472731.475069768,5631307.297545791,True,0.0,9763.183973992065,0.0,3.903551260009408e-09,9763.183973995969,0.0,6511231.027629679,9763.183973995969,2.440795993498992,0.0014994375000006899,0.9999999999996002,True,True,False,True
OVERRIDE,self_fund_win,1.0,6511231.027629679,1627.8077569074198,1,6472731.475069768,5904521.068527106,True,0.0,9763.183973992065,0.0,3.903551260009408e-09,9763.183973995969,0.0,6511231.027629679,9763.183973995969,2.440795993498992,0.0014994375000006899,0.9999999999996002,True,True,False,True
OVERRIDE,self_fund_win,1.0,6511231.027629679,1627.8077569074198,2,6472731.475069768,6726429.094862562,False,0.0,9763.183973992065,0.0,3.903551260009408e-09,9763.183973995969,0.0,6511231.027629679,9763.183973995969,2.440795993498992,0.0014994375000006899,0.9999999999996002,False,False,False,False
OVERRIDE,self_fund_win,1.0,6511231.027629679,1627.8077569074198,3,6472731.475069768,5639029.268918416,True,0.0,9763.183973992065,0.0,3.903551260009408e-09,9763.183973995969,0.0,6511231.027629679,9763.183973995969,2.440795993498992,0.0014994375000006899,0.9999999999996002,True,True,False,True
OVERRIDE,self_fund_win,1.0,6511231.027629679,1627.8077569074198,4,6472731.475069768,6311993.206925182,True,0.0,9763.183973992065,0.0,3.903551260009408e-09,9763.183973995969,0.0,6511231.027629679,9763.183973995969,2.440795993498992,0.0014994375000006899,0.9999999999996002,True,True,False,True
OVERRIDE,self_fund_win,1.0,6511231.027629679,1627.8077569074198,5,6472731.475069768,7785459.071725837,False,0.0,9763.183973992065,0.0,3.903551260009408e-09,9763.183973995969,0.0,6511231.027629679,9763.183973995969,2.440795993498992,0.0014994375000006899,0.9999999999996002,False,False,False,False
OVERRIDE,self_fund_win,1.0,6511231.027629679,1627.8077569074198,6,6472731.475069768,5509266.948054238,True,0.0,9763.183973992065,0.0,3.903551260009408e-09,9763.183973995969,0.0,6511231.027629679,9763.183973995969,2.440795993498992,0.0014994375000006899,0.9999999999996002,True,True,False,True
OVERRIDE,self_fund_win,1.0,6511231.027629679,1627.8077569074198,7,6472731.475069768,6767421.280670236,False,0.0,9763.183973992065,0.0,3.903551260009408e-09,9763.183973995969,0.0,6511231.027629679,9763.183973995969,2.440795993498992,0.0014994375000006899,0.9999999999996002,False,False,False,False
OVERRIDE,self_fund_win,1.0,6511231.027629679,1627.8077569074198,8,6472731.475069768,6248007.031447765,True,0.0,9763.183973992065,0.0,3.903551260009408e-09,9763.183973995969,0.0,6511231.027629679,9763.183973995969,2.440795993498992,0.0014994375000006899,0.9999999999996002,True,True,False,True
OVERRIDE,self_fund_win,1.0,6511231.027629679,1627.8077569074198,9,6472731.475069768,6030241.284071601,True,0.0,9763.183973992065,0.0,3.903551260009408e-09,9763.183973995969,0.0,6511231.027629679,9763.183973995969,2.440795993498992,0.0014994375000006899,0.9999999999996002,True,True,False,True
OVERRIDE,self_fund_win,1.0,6511231.027629679,1627.8077569074198,10,6472731.475069768,5883335.488231857,True,0.0,9763.183973992065,0.0,3.903551260009408e-09,9763.183973995969,0.0,6511231.027629679,9763.183973995969,2.440795993498992,0.0014994375000006899,0.9999999999996002,True,True,False,True
OVERRIDE,self_fund_win,1.0,6511231.027629679,1627.8077569074198,11,6472731.475069768,7369062.020491429,False,0.0,9763.183973992065,0.0,3.903551260009408e-09,9763.183973995969,0.0,6511231.027629679,9763.183973995969,2.440795993498992,0.0014994375000006899,0.9999999999996002,False,False,False,False
OVERRIDE,self_fund_win,1.0,6511231.027629679,1627.8077569074198,12,6472731.475069768,7272836.742246614,False,0.0,9763.183973992065,0.0,3.903551260009408e-09,9763.183973995969,0.0,6511231.027629679,9763.183973995969,2.440795993498992,0.0014994375000006899,0.9999999999996002,False,False,False,False
OVERRIDE,self_fund_win,1.0,6511231.027629679,1627.8077569074198,13,6472731.475069768,6207627.0338520035,True,0.0,9763.183973992065,0.0,3.903551260009408e-09,9763.183973995969,0.0,6511231.027629679,9763.183973995969,2.440795993498992,0.0014994375000006899,0.9999999999996002,True,True,False,True
OVERRIDE,self_fund_win,1.0,6511231.027629679,1627.8077569074198,14,6472731.475069768,5574641.23982788,True,0.0,9763.183973992065,0.0,3.903551260009408e-09,9763.183973995969,0.0,6511231.027629679,9763.183973995969,2.440795993498992,0.0014994375000006899,0.9999999999996002,True,True,False,True
OVERRIDE,self_fund_win,1.0,6511231.027629679,1627.8077569074198,15,6472731.475069768,7761881.542677463,False,0.0,9763.183973992065,0.0,3.903551260009408e-09,9763.183973995969,0.0,6511231.027629679,9763.183973995969,2.440795993498992,0.0014994375000006899,0.9999999999996002,False,False,False,False
OVERRIDE,self_fund_win,1.0,6511231.027629679,1627.8077569074198,16,6472731.475069768,5686299.355410187,True,0.0,9763.183973992065,0.0,3.903551260009408e-09,9763.183973995969,0.0,6511231.027629679,9763.183973995969,2.440795993498992,0.0014994375000006899,0.9999999999996002,True,True,False,True
OVERRIDE,self_fund_win,1.0,6511231.027629679,1627.8077569074198,17,6472731.475069768,6420522.766878662,True,0.0,9763.183973992065,0.0,3.903551260009408e-09,9763.183973995969,0.0,6511231.027629679,9763.183973995969,2.440795993498992,0.0014994375000006899,0.9999999999996002,True,True,False,True
OVERRIDE,self_fund_win,1.0,6511231.027629679,1627.8077569074198,18,6472731.475069768,6730577.532556407,False,0.0,9763.183973992065,0.0,3.903551260009408e-09,9763.183973995969,0.0,6511231.027629679,9763.183973995969,2.440795993498992,0.0014994375000006899,0.9999999999996002,False,False,False,False
OVERRIDE,self_fund_win,1.0,6511231.027629679,1627.8077569074198,19,6472731.475069768,6881485.937868242,False,0.0,9763.183973992065,0.0,3.903551260009408e-09,9763.183973995969,0.0,6511231.027629679,9763.183973995969,2.440795993498992,0.0014994375000006899,0.9999999999996002,False,False,False,False
OVERRIDE,self_fund_win,1.0,6511231.027629679,1627.8077569074198,20,6472731.475069768,6451163.777827623,True,0.0,9763.183973992065,0.0,3.903551260009408e-09,9763.183973995969,0.0,6511231.027629679,9763.183973995969,2.440795993498992,0.0014994375000006899,0.9999999999996002,True,True,False,True
OVERRIDE,self_fund_win,1.0,6511231.027629679,1627.8077569074198,21,6472731.475069768,5091617.153577862,True,0.0,9763.183973992065,0.0,3.903551260009408e-09,9763.183973995969,0.0,6511231.027629679,9763.183973995969,2.440795993498992,0.0014994375000006899,0.9999999999996002,True,True,False,True
OVERRIDE,self_fund_win,1.0,6511231.027629679,1627.8077569074198,22,6472731.475069768,5625354.48782699,True,0.0,9763.183973992065,0.0,3.903551260009408e-09,9763.183973995969,0.0,6511231.027629679,9763.183973995969,2.440795993498992,0.0014994375000006899,0.9999999999996002,True,True,False,True
OVERRIDE,self_fund_win,1.0,6511231.027629679,1627.8077569074198,23,6472731.475069768,7770277.591107508,False,0.0,9763.183973992065,0.0,3.903551260009408e-09,9763.183973995969,0.0,6511231.027629679,9763.183973995969,2.440795993498992,0.0014994375000006899,0.9999999999996002,False,False,False,False
OVERRIDE,self_fund_win,1.0,6511231.027629679,1627.8077569074198,24,6472731.475069768,6757184.2263963325,False,0.0,9763.183973992065,0.0,3.903551260009408e-09,9763.183973995969,0.0,6511231.027629679,9763.183973995969,2.440795993498992,0.0014994375000006899,0.9999999999996002,False,False,False,False
OVERRIDE,self_fund_win,1.0,6511231.027629679,1627.8077569074198,25,6472731.475069768,6977835.5634395825,False,0.0,9763.183973992065,0.0,3.903551260009408e-09,9763.183973995969,0.0,6511231.027629679,9763.183973995969,2.440795993498992,0.0014994375000006899,0.9999999999996002,False,False,False,False
OVERRIDE,self_fund_win,1.0,6511231.027629679,1627.8077569074198,26,6472731.475069768,7126166.589168826,False,0.0,9763.183973992065,0.0,3.903551260009408e-09,9763.183973995969,0.0,6511231.027629679,9763.183973995969,2.440795993498992,0.0014994375000006899,0.9999999999996002,False,False,False,False
OVERRIDE,self_fund_win,1.0,6511231.027629679,1627.8077569074198,27,6472731.475069768,6801379.022496998,False,0.0,9763.183973992065,0.0,3.903551260009408e-09,9763.183973995969,0.0,6511231.027629679,9763.183973995969,2.440795993498992,0.0014994375000006899,0.9999999999996002,False,False,False,False
OVERRIDE,self_fund_win,1.0,6511231.027629679,1627.8077569074198,28,6472731.475069768,6251270.597975165,True,0.0,9763.183973992065,0.0,3.903551260009408e-09,9763.183973995969,0.0,6511231.027629679,9763.183973995969,2.440795993498992,0.0014994375000006899,0.9999999999996002,True,True,False,True
OVERRIDE,self_fund_win,1.0,6511231.027629679,1627.8077569074198,29,6472731.475069768,6683034.353462397,False,0.0,9763.183973992065,0.0,3.903551260009408e-09,9763.183973995969,0.0,6511231.027629679,9763.183973995969,2.440795993498992,0.0014994375000006899,0.9999999999996002,False,False,False,False
OVERRIDE,self_fund_win,1.0,6511231.027629679,1627.8077569074198,30,6472731.475069768,5788491.897312105,True,0.0,9763.183973992065,0.0,3.903551260009408e-09,9763.183973995969,0.0,6511231.027629679,9763.183973995969,2.440795993498992,0.0014994375000006899,0.9999999999996002,True,True,False,True
OVERRIDE,self_fund_win,1.0,6511231.027629679,1627.8077569074198,31,6472731.475069768,7066975.502989275,False,0.0,9763.183973992065,0.0,3.903551260009408e-09,9763.183973995969,0.0,6511231.027629679,9763.183973995969,2.440795993498992,0.0014994375000006899,0.9999999999996002,False,False,False,False
OVERRIDE,self_fund_win,1.0,6511231.027629679,1627.8077569074198,32,6472731.475069768,8023914.981167579,False,0.0,9763.183973992065,0.0,3.903551260009408e-09,9763.183973995969,0.0,6511231.027629679,9763.183973995969,2.440795993498992,0.0014994375000006899,0.9999999999996002,False,False,False,False
OVERRIDE,self_fund_win,1.0,6511231.027629679,1627.8077569074198,33,6472731.475069768,7209508.553425926,False,0.0,9763.183973992065,0.0,3.903551260009408e-09,9763.183973995969,0.0,6511231.027629679,9763.183973995969,2.440795993498992,0.0014994375000006899,0.9999999999996002,False,False,False,False
OVERRIDE,self_fund_win,1.0,6511231.027629679,1627.8077569074198,34,6472731.475069768,6845648.3679395,False,0.0,9763.183973992065,0.0,3.903551260009408e-09,9763.183973995969,0.0,6511231.027629679,9763.183973995969,2.440795993498992,0.0014994375000006899,0.9999999999996002,False,False,False,False
OVERRIDE,self_fund_win,1.0,6511231.027629679,1627.8077569074198,35,6472731.475069768,6592463.725031276,False,0.0,9763.183973992065,0.0,3.903551260009408e-09,9763.183973995969,0.0,6511231.027629679,9763.183973995969,2.440795993498992,0.0014994375000006899,0.9999999999996002,False,False,False,False
OVERRIDE,self_fund_win,1.0,6511231.027629679,1627.8077569074198,36,6472731.475069768,7905776.271907791,False,0.0,9763.183973992065,0.0,3.903551260009408e-09,9763.183973995969,0.0,6511231.027629679,9763.183973995969,2.440795993498992,0.0014994375000006899,0.9999999999996002,False,False,False,False
OVERRIDE,self_fund_win,1.0,6511231.027629679,1627.8077569074198,37,6472731.475069768,6866889.286130989,False,0.0,9763.183973992065,0.0,3.903551260009408e-09,9763.183973995969,0.0,6511231.027629679,9763.183973995969,2.440795993498992,0.0014994375000006899,0.9999999999996002,False,False,False,False
OVERRIDE,self_fund_win,1.0,6511231.027629679,1627.8077569074198,38,6472731.475069768,6054858.516999269,True,0.0,9763.183973992065,0.0,3.903551260009408e-09,9763.183973995969,0.0,6511231.027629679,9763.183973995969,2.440795993498992,0.0014994375000006899,0.9999999999996002,True,True,False,True
OVERRIDE,self_fund_win,1.0,6511231.027629679,1627.8077569074198,39,6472731.475069768,6712904.681915755,False,0.0,9763.183973992065,0.0,3.903551260009408e-09,9763.183973995969,0.0,6511231.027629679,9763.183973995969,2.440795993498992,0.0014994375000006899,0.9999999999996002,False,False,False,False
OVERRIDE,self_fund_win,2.0,13022462.055259358,3255.6155138148397,0,12945462.950139536,6636206.445948621,True,0.0,19526.367947984138,0.0,2.2118911147117615e-09,19526.36794798635,0.0,13022462.055259358,19526.36794798635,4.881591986996588,0.0014994375000002608,0.9999999999998868,True,True,True,True
OVERRIDE,self_fund_win,2.0,13022462.055259358,3255.6155138148397,1,12945462.950139536,6091432.436426841,True,0.0,19526.367947984138,0.0,2.2118911147117615e-09,19526.36794798635,0.0,13022462.055259358,19526.36794798635,4.881591986996588,0.0014994375000002608,0.9999999999998868,True,True,True,True
OVERRIDE,self_fund_win,2.0,13022462.055259358,3255.6155138148397,2,12945462.950139536,5917255.570554765,True,0.0,19526.367947984138,0.0,2.2118911147117615e-09,19526.36794798635,0.0,13022462.055259358,19526.36794798635,4.881591986996588,0.0014994375000002608,0.9999999999998868,True,True,True,True
OVERRIDE,self_fund_win,2.0,13022462.055259358,3255.6155138148397,3,12945462.950139536,7230419.780232612,True,0.0,19526.367947984138,0.0,2.2118911147117615e-09,19526.36794798635,0.0,13022462.055259358,19526.36794798635,4.881591986996588,0.0014994375000002608,0.9999999999998868,True,True,True,True
OVERRIDE,self_fund_win,2.0,13022462.055259358,3255.6155138148397,4,12945462.950139536,6424942.071244597,True,0.0,19526.367947984138,0.0,2.2118911147117615e-09,19526.36794798635,0.0,13022462.055259358,19526.36794798635,4.881591986996588,0.0014994375000002608,0.9999999999998868,True,True,True,True
OVERRIDE,self_fund_win,2.0,13022462.055259358,3255.6155138148397,5,12945462.950139536,6439867.210792406,True,0.0,19526.367947984138,0.0,2.2118911147117615e-09,19526.36794798635,0.0,13022462.055259358,19526.36794798635,4.881591986996588,0.0014994375000002608,0.9999999999998868,True,True,True,True
OVERRIDE,self_fund_win,2.0,13022462.055259358,3255.6155138148397,6,12945462.950139536,5932444.158613438,True,0.0,19526.367947984138,0.0,2.2118911147117615e-09,19526.36794798635,0.0,13022462.055259358,19526.36794798635,4.881591986996588,0.0014994375000002608,0.9999999999998868,True,True,True,True
OVERRIDE,self_fund_win,2.0,13022462.055259358,3255.6155138148397,7,12945462.950139536,4748990.134356076,True,0.0,19526.367947984138,0.0,2.2118911147117615e-09,19526.36794798635,0.0,13022462.055259358,19526.36794798635,4.881591986996588,0.0014994375000002608,0.9999999999998868,True,True,True,True
OVERRIDE,self_fund_win,2.0,13022462.055259358,3255.6155138148397,8,12945462.950139536,6661886.2439156175,True,0.0,19526.367947984138,0.0,2.2118911147117615e-09,19526.36794798635,0.0,13022462.055259358,19526.36794798635,4.881591986996588,0.0014994375000002608,0.9999999999998868,True,True,True,True
OVERRIDE,self_fund_win,2.0,13022462.055259358,3255.6155138148397,9,12945462.950139536,7847288.182853101,True,0.0,19526.367947984138,0.0,2.2118911147117615e-09,19526.36794798635,0.0,13022462.055259358,19526.36794798635,4.881591986996588,0.0014994375000002608,0.9999999999998868,True,True,True,True
OVERRIDE,self_fund_win,2.0,13022462.055259358,3255.6155138148397,10,12945462.950139536,6498865.562739903,True,0.0,19526.367947984138,0.0,2.2118911147117615e-09,19526.36794798635,0.0,13022462.055259358,19526.36794798635,4.881591986996588,0.0014994375000002608,0.9999999999998868,True,True,True,True
OVERRIDE,self_fund_win,2.0,13022462.055259358,3255.6155138148397,11,12945462.950139536,5778055.54837193,True,0.0,19526.367947984138,0.0,2.2118911147117615e-09,19526.36794798635,0.0,13022462.055259358,19526.36794798635,4.881591986996588,0.0014994375000002608,0.9999999999998868,True,True,True,True
OVERRIDE,self_fund_win,2.0,13022462.055259358,3255.6155138148397,12,12945462.950139536,6001850.082411086,True,0.0,19526.367947984138,0.0,2.2118911147117615e-09,19526.36794798635,0.0,13022462.055259358,19526.36794798635,4.881591986996588,0.0014994375000002608,0.9999999999998868,True,True,True,True
OVERRIDE,self_fund_win,2.0,13022462.055259358,3255.6155138148397,13,12945462.950139536,4982613.587347049,True,0.0,19526.367947984138,0.0,2.2118911147117615e-09,19526.36794798635,0.0,13022462.055259358,19526.36794798635,4.881591986996588,0.0014994375000002608,0.9999999999998868,True,True,True,True
OVERRIDE,self_fund_win,2.0,13022462.055259358,3255.6155138148397,14,12945462.950139536,7054161.319681887,True,0.0,19526.367947984138,0.0,2.2118911147117615e-09,19526.36794798635,0.0,13022462.055259358,19526.36794798635,4.881591986996588,0.0014994375000002608,0.9999999999998868,True,True,True,True
OVERRIDE,self_fund_win,2.0,13022462.055259358,3255.6155138148397,15,12945462.950139536,5861142.498944227,True,0.0,19526.367947984138,0.0,2.2118911147117615e-09,19526.36794798635,0.0,13022462.055259358,19526.36794798635,4.881591986996588,0.0014994375000002608,0.9999999999998868,True,True,True,True
OVERRIDE,self_fund_win,2.0,13022462.055259358,3255.6155138148397,16,12945462.950139536,6716410.565880658,True,0.0,19526.367947984138,0.0,2.2118911147117615e-09,19526.36794798635,0.0,13022462.055259358,19526.36794798635,4.881591986996588,0.0014994375000002608,0.9999999999998868,True,True,True,True
OVERRIDE,self_fund_win,2.0,13022462.055259358,3255.6155138148397,17,12945462.950139536,7149796.569671124,True,0.0,19526.367947984138,0.0,2.2118911147117615e-09,19526.36794798635,0.0,13022462.055259358,19526.36794798635,4.881591986996588,0.0014994375000002608,0.9999999999998868,True,True,True,True
OVERRIDE,self_fund_win,2.0,13022462.055259358,3255.6155138148397,18,12945462.950139536,6543627.793344173,True,0.0,19526.367947984138,0.0,2.2118911147117615e-09,19526.36794798635,0.0,13022462.055259358,19526.36794798635,4.881591986996588,0.0014994375000002608,0.9999999999998868,True,True,True,True
OVERRIDE,self_fund_win,2.0,13022462.055259358,3255.6155138148397,19,12945462.950139536,6215044.335494997,True,0.0,19526.367947984138,0.0,2.2118911147117615e-09,19526.36794798635,0.0,13022462.055259358,19526.36794798635,4.881591986996588,0.0014994375000002608,0.9999999999998868,True,True,True,True
OVERRIDE,self_fund_win,2.0,13022462.055259358,3255.6155138148397,20,12945462.950139536,8782984.368724946,True,0.0,19526.367947984138,0.0,2.2118911147117615e-09,19526.36794798635,0.0,13022462.055259358,19526.36794798635,4.881591986996588,0.0014994375000002608,0.9999999999998868,True,True,True,True
OVERRIDE,self_fund_win,2.0,13022462.055259358,3255.6155138148397,21,12945462.950139536,5719322.682503656,True,0.0,19526.367947984138,0.0,2.2118911147117615e-09,19526.36794798635,0.0,13022462.055259358,19526.36794798635,4.881591986996588,0.0014994375000002608,0.9999999999998868,True,True,True,True
OVERRIDE,self_fund_win,2.0,13022462.055259358,3255.6155138148397,22,12945462.950139536,7391696.050762763,True,0.0,19526.367947984138,0.0,2.2118911147117615e-09,19526.36794798635,0.0,13022462.055259358,19526.36794798635,4.881591986996588,0.0014994375000002608,0.9999999999998868,True,True,True,True
OVERRIDE,self_fund_win,2.0,13022462.055259358,3255.6155138148397,23,12945462.950139536,7997926.341213255,True,0.0,19526.367947984138,0.0,2.2118911147117615e-09,19526.36794798635,0.0,13022462.055259358,19526.36794798635,4.881591986996588,0.0014994375000002608,0.9999999999998868,True,True,True,True
OVERRIDE,self_fund_win,2.0,13022462.055259358,3255.6155138148397,24,12945462.950139536,5974920.532569705,True,0.0,19526.367947984138,0.0,2.2118911147117615e-09,19526.36794798635,0.0,13022462.055259358,19526.36794798635,4.881591986996588,0.0014994375000002608,0.9999999999998868,True,True,True,True
OVERRIDE,self_fund_win,2.0,13022462.055259358,3255.6155138148397,25,12945462.950139536,5874789.294785975,True,0.0,19526.367947984138,0.0,2.2118911147117615e-09,19526.36794798635,0.0,13022462.055259358,19526.36794798635,4.881591986996588,0.0014994375000002608,0.9999999999998868,True,True,True,True
OVERRIDE,self_fund_win,2.0,13022462.055259358,3255.6155138148397,26,12945462.950139536,6765365.775763669,True,0.0,19526.367947984138,0.0,2.2118911147117615e-09,19526.36794798635,0.0,13022462.055259358,19526.36794798635,4.881591986996588,0.0014994375000002608,0.9999999999998868,True,True,True,True
OVERRIDE,self_fund_win,2.0,13022462.055259358,3255.6155138148397,27,12945462.950139536,6767569.88657189,True,0.0,19526.367947984138,0.0,2.2118911147117615e-09,19526.36794798635,0.0,13022462.055259358,19526.36794798635,4.881591986996588,0.0014994375000002608,0.9999999999998868,True,True,True,True
OVERRIDE,self_fund_win,2.0,13022462.055259358,3255.6155138148397,28,12945462.950139536,7339959.338144615,True,0.0,19526.367947984138,0.0,2.2118911147117615e-09,19526.36794798635,0.0,13022462.055259358,19526.36794798635,4.881591986996588,0.0014994375000002608,0.9999999999998868,True,True,True,True
OVERRIDE,self_fund_win,2.0,13022462.055259358,3255.6155138148397,29,12945462.950139536,6793973.681098124,True,0.0,19526.367947984138,0.0,2.2118911147117615e-09,19526.36794798635,0.0,13022462.055259358,19526.36794798635,4.881591986996588,0.0014994375000002608,0.9999999999998868,True,True,True,True
OVERRIDE,self_fund_win,2.0,13022462.055259358,3255.6155138148397,30,12945462.950139536,5549812.62847275,True,0.0,19526.367947984138,0.0,2.2118911147117615e-09,19526.36794798635,0.0,13022462.055259358,19526.36794798635,4.881591986996588,0.0014994375000002608,0.9999999999998868,True,True,True,True
OVERRIDE,self_fund_win,2.0,13022462.055259358,3255.6155138148397,31,12945462.950139536,6663388.131841447,True,0.0,19526.367947984138,0.0,2.2118911147117615e-09,19526.36794798635,0.0,13022462.055259358,19526.36794798635,4.881591986996588,0.0014994375000002608,0.9999999999998868,True,True,True,True
OVERRIDE,self_fund_win,2.0,13022462.055259358,3255.6155138148397,32,12945462.950139536,6726104.723873587,True,0.0,19526.367947984138,0.0,2.2118911147117615e-09,19526.36794798635,0.0,13022462.055259358,19526.36794798635,4.881591986996588,0.0014994375000002608,0.9999999999998868,True,True,True,True
OVERRIDE,self_fund_win,2.0,13022462.055259358,3255.6155138148397,33,12945462.950139536,6112777.685023739,True,0.0,19526.367947984138,0.0,2.2118911147117615e-09,19526.36794798635,0.0,13022462.055259358,19526.36794798635,4.881591986996588,0.0014994375000002608,0.9999999999998868,True,True,True,True
OVERRIDE,self_fund_win,2.0,13022462.055259358,3255.6155138148397,34,12945462.950139536,5712977.899923733,True,0.0,19526.367947984138,0.0,2.2118911147117615e-09,19526.36794798635,0.0,13022462.055259358,19526.36794798635,4.881591986996588,0.0014994375000002608,0.9999999999998868,True,True,True,True
OVERRIDE,self_fund_win,2.0,13022462.055259358,3255.6155138148397,35,12945462.950139536,5884704.273931809,True,0.0,19526.367947984138,0.0,2.2118911147117615e-09,19526.36794798635,0.0,13022462.055259358,19526.36794798635,4.881591986996588,0.0014994375000002608,0.9999999999998868,True,True,True,True
OVERRIDE,self_fund_win,2.0,13022462.055259358,3255.6155138148397,36,12945462.950139536,5487947.767215031,True,0.0,19526.367947984138,0.0,2.2118911147117615e-09,19526.36794798635,0.0,13022462.055259358,19526.36794798635,4.881591986996588,0.0014994375000002608,0.9999999999998868,True,True,True,True
OVERRIDE,self_fund_win,2.0,13022462.055259358,3255.6155138148397,37,12945462.950139536,6652462.401660644,True,0.0,19526.367947984138,0.0,2.2118911147117615e-09,19526.36794798635,0.0,13022462.055259358,19526.36794798635,4.881591986996588,0.0014994375000002608,0.9999999999998868,True,True,True,True
OVERRIDE,self_fund_win,2.0,13022462.055259358,3255.6155138148397,38,12945462.950139536,5819011.222320265,True,0.0,19526.367947984138,0.0,2.2118911147117615e-09,19526.36794798635,0.0,13022462.055259358,19526.36794798635,4.881591986996588,0.0014994375000002608,0.9999999999998868,True,True,True,True
OVERRIDE,self_fund_win,2.0,13022462.055259358,3255.6155138148397,39,12945462.950139536,6114704.920895589,True,0.0,19526.367947984138,0.0,2.2118911147117615e-09,19526.36794798635,0.0,13022462.055259358,19526.36794798635,4.881591986996588,0.0014994375000002608,0.9999999999998868,True,True,True,True
OVERRIDE,self_fund_win,5.0,32556155.138148397,8139.0387845371,0,32363657.37534884,5784985.1745488085,True,0.0,48815.91986995848,0.0,4.598405212163925e-09,48815.91986996308,0.0,32556155.138148397,48815.91986996308,12.20397996749077,0.001499437500000175,0.9999999999999059,True,True,True,True
OVERRIDE,self_fund_win,5.0,32556155.138148397,8139.0387845371,1,32363657.37534884,6577766.782076573,True,0.0,48815.91986995848,0.0,4.598405212163925e-09,48815.91986996308,0.0,32556155.138148397,48815.91986996308,12.20397996749077,0.001499437500000175,0.9999999999999059,True,True,True,True
OVERRIDE,self_fund_win,5.0,32556155.138148397,8139.0387845371,2,32363657.37534884,6317698.926508027,True,0.0,48815.91986995848,0.0,4.598405212163925e-09,48815.91986996308,0.0,32556155.138148397,48815.91986996308,12.20397996749077,0.001499437500000175,0.9999999999999059,True,True,True,True
OVERRIDE,self_fund_win,5.0,32556155.138148397,8139.0387845371,3,32363657.37534884,6722968.888520984,True,0.0,48815.91986995848,0.0,4.598405212163925e-09,48815.91986996308,0.0,32556155.138148397,48815.91986996308,12.20397996749077,0.001499437500000175,0.9999999999999059,True,True,True,True
OVERRIDE,self_fund_win,5.0,32556155.138148397,8139.0387845371,4,32363657.37534884,6678148.779861002,True,0.0,48815.91986995848,0.0,4.598405212163925e-09,48815.91986996308,0.0,32556155.138148397,48815.91986996308,12.20397996749077,0.001499437500000175,0.9999999999999059,True,True,True,True
OVERRIDE,self_fund_win,5.0,32556155.138148397,8139.0387845371,5,32363657.37534884,6111406.716638691,True,0.0,48815.91986995848,0.0,4.598405212163925e-09,48815.91986996308,0.0,32556155.138148397,48815.91986996308,12.20397996749077,0.001499437500000175,0.9999999999999059,True,True,True,True
OVERRIDE,self_fund_win,5.0,32556155.138148397,8139.0387845371,6,32363657.37534884,7475168.854508718,True,0.0,48815.91986995848,0.0,4.598405212163925e-09,48815.91986996308,0.0,32556155.138148397,48815.91986996308,12.20397996749077,0.001499437500000175,0.9999999999999059,True,True,True,True
OVERRIDE,self_fund_win,5.0,32556155.138148397,8139.0387845371,7,32363657.37534884,5756511.791496698,True,0.0,48815.91986995848,0.0,4.598405212163925e-09,48815.91986996308,0.0,32556155.138148397,48815.91986996308,12.20397996749077,0.001499437500000175,0.9999999999999059,True,True,True,True
OVERRIDE,self_fund_win,5.0,32556155.138148397,8139.0387845371,8,32363657.37534884,7821266.840494385,True,0.0,48815.91986995848,0.0,4.598405212163925e-09,48815.91986996308,0.0,32556155.138148397,48815.91986996308,12.20397996749077,0.001499437500000175,0.9999999999999059,True,True,True,True
OVERRIDE,self_fund_win,5.0,32556155.138148397,8139.0387845371,9,32363657.37534884,7468949.152434246,True,0.0,48815.91986995848,0.0,4.598405212163925e-09,48815.91986996308,0.0,32556155.138148397,48815.91986996308,12.20397996749077,0.001499437500000175,0.9999999999999059,True,True,True,True
OVERRIDE,self_fund_win,5.0,32556155.138148397,8139.0387845371,10,32363657.37534884,6880873.729436449,True,0.0,48815.91986995848,0.0,4.598405212163925e-09,48815.91986996308,0.0,32556155.138148397,48815.91986996308,12.20397996749077,0.001499437500000175,0.9999999999999059,True,True,True,True
OVERRIDE,self_fund_win,5.0,32556155.138148397,8139.0387845371,11,32363657.37534884,6211835.709784157,True,0.0,48815.91986995848,0.0,4.598405212163925e-09,48815.91986996308,0.0,32556155.138148397,48815.91986996308,12.20397996749077,0.001499437500000175,0.9999999999999059,True,True,True,True
OVERRIDE,self_fund_win,5.0,32556155.138148397,8139.0387845371,12,32363657.37534884,4460167.56928457,True,0.0,48815.91986995848,0.0,4.598405212163925e-09,48815.91986996308,0.0,32556155.138148397,48815.91986996308,12.20397996749077,0.001499437500000175,0.9999999999999059,True,True,True,True
OVERRIDE,self_fund_win,5.0,32556155.138148397,8139.0387845371,13,32363657.37534884,5613752.8483352475,True,0.0,48815.91986995848,0.0,4.598405212163925e-09,48815.91986996308,0.0,32556155.138148397,48815.91986996308,12.20397996749077,0.001499437500000175,0.9999999999999059,True,True,True,True
OVERRIDE,self_fund_win,5.0,32556155.138148397,8139.0387845371,14,32363657.37534884,7332421.567424906,True,0.0,48815.91986995848,0.0,4.598405212163925e-09,48815.91986996308,0.0,32556155.138148397,48815.91986996308,12.20397996749077,0.001499437500000175,0.9999999999999059,True,True,True,True
OVERRIDE,self_fund_win,5.0,32556155.138148397,8139.0387845371,15,32363657.37534884,6956121.273675685,True,0.0,48815.91986995848,0.0,4.598405212163925e-09,48815.91986996308,0.0,32556155.138148397,48815.91986996308,12.20397996749077,0.001499437500000175,0.9999999999999059,True,True,True,True
OVERRIDE,self_fund_win,5.0,32556155.138148397,8139.0387845371,16,32363657.37534884,8577030.010188589,True,0.0,48815.91986995848,0.0,4.598405212163925e-09,48815.91986996308,0.0,32556155.138148397,48815.91986996308,12.20397996749077,0.001499437500000175,0.9999999999999059,True,True,True,True
OVERRIDE,self_fund_win,5.0,32556155.138148397,8139.0387845371,17,32363657.37534884,6610535.818816415,True,0.0,48815.91986995848,0.0,4.598405212163925e-09,48815.91986996308,0.0,32556155.138148397,48815.91986996308,12.20397996749077,0.001499437500000175,0.9999999999999059,True,True,True,True
OVERRIDE,self_fund_win,5.0,32556155.138148397,8139.0387845371,18,32363657.37534884,6325199.904769629,True,0.0,48815.91986995848,0.0,4.598405212163925e-09,48815.91986996308,0.0,32556155.138148397,48815.91986996308,12.20397996749077,0.001499437500000175,0.9999999999999059,True,True,True,True
OVERRIDE,self_fund_win,5.0,32556155.138148397,8139.0387845371,19,32363657.37534884,7099783.792754132,True,0.0,48815.91986995848,0.0,4.598405212163925e-09,48815.91986996308,0.0,32556155.138148397,48815.91986996308,12.20397996749077,0.001499437500000175,0.9999999999999059,True,True,True,True
OVERRIDE,self_fund_win,5.0,32556155.138148397,8139.0387845371,20,32363657.37534884,6415008.308478276,True,0.0,48815.91986995848,0.0,4.598405212163925e-09,48815.91986996308,0.0,32556155.138148397,48815.91986996308,12.20397996749077,0.001499437500000175,0.9999999999999059,True,True,True,True
OVERRIDE,self_fund_win,5.0,32556155.138148397,8139.0387845371,21,32363657.37534884,7032414.226106223,True,0.0,48815.91986995848,0.0,4.598405212163925e-09,48815.91986996308,0.0,32556155.138148397,48815.91986996308,12.20397996749077,0.001499437500000175,0.9999999999999059,True,True,True,True
OVERRIDE,self_fund_win,5.0,32556155.138148397,8139.0387845371,22,32363657.37534884,8454938.657492485,True,0.0,48815.91986995848,0.0,4.598405212163925e-09,48815.91986996308,0.0,32556155.138148397,48815.91986996308,12.20397996749077,0.001499437500000175,0.9999999999999059,True,True,True,True
OVERRIDE,self_fund_win,5.0,32556155.138148397,8139.0387845371,23,32363657.37534884,5031611.275601406,True,0.0,48815.91986995848,0.0,4.598405212163925e-09,48815.91986996308,0.0,32556155.138148397,48815.91986996308,12.20397996749077,0.001499437500000175,0.9999999999999059,True,True,True,True
OVERRIDE,self_fund_win,5.0,32556155.138148397,8139.0387845371,24,32363657.37534884,7655803.321815158,True,0.0,48815.91986995848,0.0,4.598405212163925e-09,48815.91986996308,0.0,32556155.138148397,48815.91986996308,12.20397996749077,0.001499437500000175,0.9999999999999059,True,True,True,True
OVERRIDE,self_fund_win,5.0,32556155.138148397,8139.0387845371,25,32363657.37534884,5366944.842840999,True,0.0,48815.91986995848,0.0,4.598405212163925e-09,48815.91986996308,0.0,32556155.138148397,48815.91986996308,12.20397996749077,0.001499437500000175,0.9999999999999059,True,True,True,True
OVERRIDE,self_fund_win,5.0,32556155.138148397,8139.0387845371,26,32363657.37534884,6625454.058701923,True,0.0,48815.91986995848,0.0,4.598405212163925e-09,48815.91986996308,0.0,32556155.138148397,48815.91986996308,12.20397996749077,0.001499437500000175,0.9999999999999059,True,True,True,True
OVERRIDE,self_fund_win,5.0,32556155.138148397,8139.0387845371,27,32363657.37534884,6860482.924950932,True,0.0,48815.91986995848,0.0,4.598405212163925e-09,48815.91986996308,0.0,32556155.138148397,48815.91986996308,12.20397996749077,0.001499437500000175,0.9999999999999059,True,True,True,True
OVERRIDE,self_fund_win,5.0,32556155.138148397,8139.0387845371,28,32363657.37534884,5998638.006362885,True,0.0,48815.91986995848,0.0,4.598405212163925e-09,48815.91986996308,0.0,32556155.138148397,48815.91986996308,12.20397996749077,0.001499437500000175,0.9999999999999059,True,True,True,True
OVERRIDE,self_fund_win,5.0,32556155.138148397,8139.0387845371,29,32363657.37534884,6410996.969564893,True,0.0,48815.91986995848,0.0,4.598405212163925e-09,48815.91986996308,0.0,32556155.138148397,48815.91986996308,12.20397996749077,0.001499437500000175,0.9999999999999059,True,True,True,True
OVERRIDE,self_fund_win,5.0,32556155.138148397,8139.0387845371,30,32363657.37534884,7756580.517877938,True,0.0,48815.91986995848,0.0,4.598405212163925e-09,48815.91986996308,0.0,32556155.138148397,48815.91986996308,12.20397996749077,0.001499437500000175,0.9999999999999059,True,True,True,True
OVERRIDE,self_fund_win,5.0,32556155.138148397,8139.0387845371,31,32363657.37534884,5175289.233786597,True,0.0,48815.91986995848,0.0,4.598405212163925e-09,48815.91986996308,0.0,32556155.138148397,48815.91986996308,12.20397996749077,0.001499437500000175,0.9999999999999059,True,True,True,True
OVERRIDE,self_fund_win,5.0,32556155.138148397,8139.0387845371,32,32363657.37534884,7046171.980394406,True,0.0,48815.91986995848,0.0,4.598405212163925e-09,48815.91986996308,0.0,32556155.138148397,48815.91986996308,12.20397996749077,0.001499437500000175,0.9999999999999059,True,True,True,True
OVERRIDE,self_fund_win,5.0,32556155.138148397,8139.0387845371,33,32363657.37534884,5471169.166870594,True,0.0,48815.91986995848,0.0,4.598405212163925e-09,48815.91986996308,0.0,32556155.138148397,48815.91986996308,12.20397996749077,0.001499437500000175,0.9999999999999059,True,True,True,True
OVERRIDE,self_fund_win,5.0,32556155.138148397,8139.0387845371,34,32363657.37534884,6865527.253080277,True,0.0,48815.91986995848,0.0,4.598405212163925e-09,48815.91986996308,0.0,32556155.138148397,48815.91986996308,12.20397996749077,0.001499437500000175,0.9999999999999059,True,True,True,True
OVERRIDE,self_fund_win,5.0,32556155.138148397,8139.0387845371,35,32363657.37534884,7651855.412542321,True,0.0,48815.91986995848,0.0,4.598405212163925e-09,48815.91986996308,0.0,32556155.138148397,48815.91986996308,12.20397996749077,0.001499437500000175,0.9999999999999059,True,True,True,True
OVERRIDE,self_fund_win,5.0,32556155.138148397,8139.0387845371,36,32363657.37534884,7339753.946073898,True,0.0,48815.91986995848,0.0,4.598405212163925e-09,48815.91986996308,0.0,32556155.138148397,48815.91986996308,12.20397996749077,0.001499437500000175,0.9999999999999059,True,True,True,True
OVERRIDE,self_fund_win,5.0,32556155.138148397,8139.0387845371,37,32363657.37534884,6491947.530374639,True,0.0,48815.91986995848,0.0,4.598405212163925e-09,48815.91986996308,0.0,32556155.138148397,48815.91986996308,12.20397996749077,0.001499437500000175,0.9999999999999059,True,True,True,True
OVERRIDE,self_fund_win,5.0,32556155.138148397,8139.0387845371,38,32363657.37534884,6899993.317210071,True,0.0,48815.91986995848,0.0,4.598405212163925e-09,48815.91986996308,0.0,32556155.138148397,48815.91986996308,12.20397996749077,0.001499437500000175,0.9999999999999059,True,True,True,True
OVERRIDE,self_fund_win,5.0,32556155.138148397,8139.0387845371,39,32363657.37534884,6888648.992222456,True,0.0,48815.91986995848,0.0,4.598405212163925e-09,48815.91986996308,0.0,32556155.138148397,48815.91986996308,12.20397996749077,0.001499437500000175,0.9999999999999059,True,True,True,True
OVERRIDE,self_fund_win,10.0,65112310.276296794,16278.0775690742,0,64727314.75069768,6325382.385106382,True,0.0,97631.83973991696,0.0,1.7462298274040222e-09,97631.83973991871,0.0,65112310.276296794,97631.83973991871,24.40795993497968,0.0014994375000000604,0.9999999999999821,True,True,True,True
OVERRIDE,self_fund_win,10.0,65112310.276296794,16278.0775690742,1,64727314.75069768,7555764.98037553,True,0.0,97631.83973991696,0.0,1.7462298274040222e-09,97631.83973991871,0.0,65112310.276296794,97631.83973991871,24.40795993497968,0.0014994375000000604,0.9999999999999821,True,True,True,True
OVERRIDE,self_fund_win,10.0,65112310.276296794,16278.0775690742,2,64727314.75069768,7322069.791038264,True,0.0,97631.83973991696,0.0,1.7462298274040222e-09,97631.83973991871,0.0,65112310.276296794,97631.83973991871,24.40795993497968,0.0014994375000000604,0.9999999999999821,True,True,True,True
OVERRIDE,self_fund_win,10.0,65112310.276296794,16278.0775690742,3,64727314.75069768,6890430.585419429,True,0.0,97631.83973991696,0.0,1.7462298274040222e-09,97631.83973991871,0.0,65112310.276296794,97631.83973991871,24.40795993497968,0.0014994375000000604,0.9999999999999821,True,True,True,True
OVERRIDE,self_fund_win,10.0,65112310.276296794,16278.0775690742,4,64727314.75069768,6660946.469904889,True,0.0,97631.83973991696,0.0,1.7462298274040222e-09,97631.83973991871,0.0,65112310.276296794,97631.83973991871,24.40795993497968,0.0014994375000000604,0.9999999999999821,True,True,True,True
OVERRIDE,self_fund_win,10.0,65112310.276296794,16278.0775690742,5,64727314.75069768,5608342.042863561,True,0.0,97631.83973991696,0.0,1.7462298274040222e-09,97631.83973991871,0.0,65112310.276296794,97631.83973991871,24.40795993497968,0.0014994375000000604,0.9999999999999821,True,True,True,True
OVERRIDE,self_fund_win,10.0,65112310.276296794,16278.0775690742,6,64727314.75069768,6929633.543520176,True,0.0,97631.83973991696,0.0,1.7462298274040222e-09,97631.83973991871,0.0,65112310.276296794,97631.83973991871,24.40795993497968,0.0014994375000000604,0.9999999999999821,True,True,True,True
OVERRIDE,self_fund_win,10.0,65112310.276296794,16278.0775690742,7,64727314.75069768,6801238.456665648,True,0.0,97631.83973991696,0.0,1.7462298274040222e-09,97631.83973991871,0.0,65112310.276296794,97631.83973991871,24.40795993497968,0.0014994375000000604,0.9999999999999821,True,True,True,True
OVERRIDE,self_fund_win,10.0,65112310.276296794,16278.0775690742,8,64727314.75069768,7509384.358771011,True,0.0,97631.83973991696,0.0,1.7462298274040222e-09,97631.83973991871,0.0,65112310.276296794,97631.83973991871,24.40795993497968,0.0014994375000000604,0.9999999999999821,True,True,True,True
OVERRIDE,self_fund_win,10.0,65112310.276296794,16278.0775690742,9,64727314.75069768,5766484.67539594,True,0.0,97631.83973991696,0.0,1.7462298274040222e-09,97631.83973991871,0.0,65112310.276296794,97631.83973991871,24.40795993497968,0.0014994375000000604,0.9999999999999821,True,True,True,True
OVERRIDE,self_fund_win,10.0,65112310.276296794,16278.0775690742,10,64727314.75069768,8509190.713641562,True,0.0,97631.83973991696,0.0,1.7462298274040222e-09,97631.83973991871,0.0,65112310.276296794,97631.83973991871,24.40795993497968,0.0014994375000000604,0.9999999999999821,True,True,True,True
OVERRIDE,self_fund_win,10.0,65112310.276296794,16278.0775690742,11,64727314.75069768,5877738.353779481,True,0.0,97631.83973991696,0.0,1.7462298274040222e-09,97631.83973991871,0.0,65112310.276296794,97631.83973991871,24.40795993497968,0.0014994375000000604,0.9999999999999821,True,True,True,True
OVERRIDE,self_fund_win,10.0,65112310.276296794,16278.0775690742,12,64727314.75069768,6888397.005616862,True,0.0,97631.83973991696,0.0,1.7462298274040222e-09,97631.83973991871,0.0,65112310.276296794,97631.83973991871,24.40795993497968,0.0014994375000000604,0.9999999999999821,True,True,True,True
OVERRIDE,self_fund_win,10.0,65112310.276296794,16278.0775690742,13,64727314.75069768,5374421.047577757,True,0.0,97631.83973991696,0.0,1.7462298274040222e-09,97631.83973991871,0.0,65112310.276296794,97631.83973991871,24.40795993497968,0.0014994375000000604,0.9999999999999821,True,True,True,True
OVERRIDE,self_fund_win,10.0,65112310.276296794,16278.0775690742,14,64727314.75069768,6470389.303547691,True,0.0,97631.83973991696,0.0,1.7462298274040222e-09,97631.83973991871,0.0,65112310.276296794,97631.83973991871,24.40795993497968,0.0014994375000000604,0.9999999999999821,True,True,True,True
OVERRIDE,self_fund_win,10.0,65112310.276296794,16278.0775690742,15,64727314.75069768,5409218.619606934,True,0.0,97631.83973991696,0.0,1.7462298274040222e-09,97631.83973991871,0.0,65112310.276296794,97631.83973991871,24.40795993497968,0.0014994375000000604,0.9999999999999821,True,True,True,True
OVERRIDE,self_fund_win,10.0,65112310.276296794,16278.0775690742,16,64727314.75069768,6157550.696033973,True,0.0,97631.83973991696,0.0,1.7462298274040222e-09,97631.83973991871,0.0,65112310.276296794,97631.83973991871,24.40795993497968,0.0014994375000000604,0.9999999999999821,True,True,True,True
OVERRIDE,self_fund_win,10.0,65112310.276296794,16278.0775690742,17,64727314.75069768,7009148.158476954,True,0.0,97631.83973991696,0.0,1.7462298274040222e-09,97631.83973991871,0.0,65112310.276296794,97631.83973991871,24.40795993497968,0.0014994375000000604,0.9999999999999821,True,True,True,True
OVERRIDE,self_fund_win,10.0,65112310.276296794,16278.0775690742,18,64727314.75069768,6609746.917673695,True,0.0,97631.83973991696,0.0,1.7462298274040222e-09,97631.83973991871,0.0,65112310.276296794,97631.83973991871,24.40795993497968,0.0014994375000000604,0.9999999999999821,True,True,True,True
OVERRIDE,self_fund_win,10.0,65112310.276296794,16278.0775690742,19,64727314.75069768,6318130.459156542,True,0.0,97631.83973991696,0.0,1.7462298274040222e-09,97631.83973991871,0.0,65112310.276296794,97631.83973991871,24.40795993497968,0.0014994375000000604,0.9999999999999821,True,True,True,True
OVERRIDE,self_fund_win,10.0,65112310.276296794,16278.0775690742,20,64727314.75069768,6986386.508600084,True,0.0,97631.83973991696,0.0,1.7462298274040222e-09,97631.83973991871,0.0,65112310.276296794,97631.83973991871,24.40795993497968,0.0014994375000000604,0.9999999999999821,True,True,True,True
OVERRIDE,self_fund_win,10.0,65112310.276296794,16278.0775690742,21,64727314.75069768,6665034.622988989,True,0.0,97631.83973991696,0.0,1.7462298274040222e-09,97631.83973991871,0.0,65112310.276296794,97631.83973991871,24.40795993497968,0.0014994375000000604,0.9999999999999821,True,True,True,True
OVERRIDE,self_fund_win,10.0,65112310.276296794,16278.0775690742,22,64727314.75069768,5915539.005426117,True,0.0,97631.83973991696,0.0,1.7462298274040222e-09,97631.83973991871,0.0,65112310.276296794,97631.83973991871,24.40795993497968,0.0014994375000000604,0.9999999999999821,True,True,True,True
OVERRIDE,self_fund_win,10.0,65112310.276296794,16278.0775690742,23,64727314.75069768,6301503.0627683895,True,0.0,97631.83973991696,0.0,1.7462298274040222e-09,97631.83973991871,0.0,65112310.276296794,97631.83973991871,24.40795993497968,0.0014994375000000604,0.9999999999999821,True,True,True,True
OVERRIDE,self_fund_win,10.0,65112310.276296794,16278.0775690742,24,64727314.75069768,6804165.022978059,True,0.0,97631.83973991696,0.0,1.7462298274040222e-09,97631.83973991871,0.0,65112310.276296794,97631.83973991871,24.40795993497968,0.0014994375000000604,0.9999999999999821,True,True,True,True
OVERRIDE,self_fund_win,10.0,65112310.276296794,16278.0775690742,25,64727314.75069768,6700027.619561754,True,0.0,97631.83973991696,0.0,1.7462298274040222e-09,97631.83973991871,0.0,65112310.276296794,97631.83973991871,24.40795993497968,0.0014994375000000604,0.9999999999999821,True,True,True,True
OVERRIDE,self_fund_win,10.0,65112310.276296794,16278.0775690742,26,64727314.75069768,7463476.61953341,True,0.0,97631.83973991696,0.0,1.7462298274040222e-09,97631.83973991871,0.0,65112310.276296794,97631.83973991871,24.40795993497968,0.0014994375000000604,0.9999999999999821,True,True,True,True
OVERRIDE,self_fund_win,10.0,65112310.276296794,16278.0775690742,27,64727314.75069768,6610187.03456495,True,0.0,97631.83973991696,0.0,1.7462298274040222e-09,97631.83973991871,0.0,65112310.276296794,97631.83973991871,24.40795993497968,0.0014994375000000604,0.9999999999999821,True,True,True,True
OVERRIDE,self_fund_win,10.0,65112310.276296794,16278.0775690742,28,64727314.75069768,6570873.172369388,True,0.0,97631.83973991696,0.0,1.7462298274040222e-09,97631.83973991871,0.0,65112310.276296794,97631.83973991871,24.40795993497968,0.0014994375000000604,0.9999999999999821,True,True,True,True
OVERRIDE,self_fund_win,10.0,65112310.276296794,16278.0775690742,29,64727314.75069768,5396144.295159405,True,0.0,97631.83973991696,0.0,1.7462298274040222e-09,97631.83973991871,0.0,65112310.276296794,97631.83973991871,24.40795993497968,0.0014994375000000604,0.9999999999999821,True,True,True,True
OVERRIDE,self_fund_win,10.0,65112310.276296794,16278.0775690742,30,64727314.75069768,7324339.741891447,True,0.0,97631.83973991696,0.0,1.7462298274040222e-09,97631.83973991871,0.0,65112310.276296794,97631.83973991871,24.40795993497968,0.0014994375000000604,0.9999999999999821,True,True,True,True
OVERRIDE,self_fund_win,10.0,65112310.276296794,16278.0775690742,31,64727314.75069768,6543590.995113973,True,0.0,97631.83973991696,0.0,1.7462298274040222e-09,97631.83973991871,0.0,65112310.276296794,97631.83973991871,24.40795993497968,0.0014994375000000604,0.9999999999999821,True,True,True,True
OVERRIDE,self_fund_win,10.0,65112310.276296794,16278.0775690742,32,64727314.75069768,7638468.946925118,True,0.0,97631.83973991696,0.0,1.7462298274040222e-09,97631.83973991871,0.0,65112310.276296794,97631.83973991871,24.40795993497968,0.0014994375000000604,0.9999999999999821,True,True,True,True
OVERRIDE,self_fund_win,10.0,65112310.276296794,16278.0775690742,33,64727314.75069768,6718522.5177906025,True,0.0,97631.83973991696,0.0,1.7462298274040222e-09,97631.83973991871,0.0,65112310.276296794,97631.83973991871,24.40795993497968,0.0014994375000000604,0.9999999999999821,True,True,True,True
OVERRIDE,self_fund_win,10.0,65112310.276296794,16278.0775690742,34,64727314.75069768,6173151.653842021,True,0.0,97631.83973991696,0.0,1.7462298274040222e-09,97631.83973991871,0.0,65112310.276296794,97631.83973991871,24.40795993497968,0.0014994375000000604,0.9999999999999821,True,True,True,True
OVERRIDE,self_fund_win,10.0,65112310.276296794,16278.0775690742,35,64727314.75069768,5628732.527472966,True,0.0,97631.83973991696,0.0,1.7462298274040222e-09,97631.83973991871,0.0,65112310.276296794,97631.83973991871,24.40795993497968,0.0014994375000000604,0.9999999999999821,True,True,True,True
OVERRIDE,self_fund_win,10.0,65112310.276296794,16278.0775690742,36,64727314.75069768,7318332.3131773155,True,0.0,97631.83973991696,0.0,1.7462298274040222e-09,97631.83973991871,0.0,65112310.276296794,97631.83973991871,24.40795993497968,0.0014994375000000604,0.9999999999999821,True,True,True,True
OVERRIDE,self_fund_win,10.0,65112310.276296794,16278.0775690742,37,64727314.75069768,7670703.748449216,True,0.0,97631.83973991696,0.0,1.7462298274040222e-09,97631.83973991871,0.0,65112310.276296794,97631.83973991871,24.40795993497968,0.0014994375000000604,0.9999999999999821,True,True,True,True
OVERRIDE,self_fund_win,10.0,65112310.276296794,16278.0775690742,38,64727314.75069768,6810965.020000737,True,0.0,97631.83973991696,0.0,1.7462298274040222e-09,97631.83973991871,0.0,65112310.276296794,97631.83973991871,24.40795993497968,0.0014994375000000604,0.9999999999999821,True,True,True,True
OVERRIDE,self_fund_win,10.0,65112310.276296794,16278.0775690742,39,64727314.75069768,7197922.8601636905,True,0.0,97631.83973991696,0.0,1.7462298274040222e-09,97631.83973991871,0.0,65112310.276296794,97631.83973991871,24.40795993497968,0.0014994375000000604,0.9999999999999821,True,True,True,True
