curve,strategy,capital_multiple,capital_parent,capital_usd,trial,attacker_avg,best_honest_avg,is_top,snipe_fees,hop_fees,protocol_fees,price_impact_loss,round_trip_loss,mark_to_market,capital_deployed,cost_parent,cost_usd,cost_pct_of_capital,fee_share_of_cost,win_h0.0025,win_h0.005,win_h0.01
SINGLE_LIKE,self_fund_win,0.5,3209825.0303440075,802.4562575860019,0,3190846.003653131,6427815.552838745,False,0.0,4812.932018936608,0.0,-4.6202330850064754e-10,4812.932018936146,0.0,3209825.0303440075,4812.932018936146,1.2032330047340365,0.0014994374999999075,1.000000000000096,False,False,False
SINGLE_LIKE,self_fund_win,0.5,3209825.0303440075,802.4562575860019,1,3190846.003653131,5405020.98307592,False,0.0,4812.932018936608,0.0,-4.6202330850064754e-10,4812.932018936146,0.0,3209825.0303440075,4812.932018936146,1.2032330047340365,0.0014994374999999075,1.000000000000096,False,False,False
SINGLE_LIKE,self_fund_win,0.5,3209825.0303440075,802.4562575860019,2,3190846.003653131,6766140.075912256,False,0.0,4812.932018936608,0.0,-4.6202330850064754e-10,4812.932018936146,0.0,3209825.0303440075,4812.932018936146,1.2032330047340365,0.0014994374999999075,1.000000000000096,False,False,False
SINGLE_LIKE,self_fund_win,0.5,3209825.0303440075,802.4562575860019,3,3190846.003653131,7469842.180128145,False,0.0,4812.932018936608,0.0,-4.6202330850064754e-10,4812.932018936146,0.0,3209825.0303440075,4812.932018936146,1.2032330047340365,0.0014994374999999075,1.000000000000096,False,False,False
SINGLE_LIKE,self_fund_win,0.5,3209825.0303440075,802.4562575860019,4,3190846.003653131,7924078.734103477,False,0.0,4812.932018936608,0.0,-4.6202330850064754e-10,4812.932018936146,0.0,3209825.0303440075,4812.932018936146,1.2032330047340365,0.0014994374999999075,1.000000000000096,False,False,False
SINGLE_LIKE,self_fund_win,0.5,3209825.0303440075,802.4562575860019,5,3190846.003653131,7351591.3378389785,False,0.0,4812.932018936608,0.0,-4.6202330850064754e-10,4812.932018936146,0.0,3209825.0303440075,4812.932018936146,1.2032330047340365,0.0014994374999999075,1.000000000000096,False,False,False
SINGLE_LIKE,self_fund_win,0.5,3209825.0303440075,802.4562575860019,6,3190846.003653131,5891263.080795052,False,0.0,4812.932018936608,0.0,-4.6202330850064754e-10,4812.932018936146,0.0,3209825.0303440075,4812.932018936146,1.2032330047340365,0.0014994374999999075,1.000000000000096,False,False,False
SINGLE_LIKE,self_fund_win,0.5,3209825.0303440075,802.4562575860019,7,3190846.003653131,6369697.730488836,False,0.0,4812.932018936608,0.0,-4.6202330850064754e-10,4812.932018936146,0.0,3209825.0303440075,4812.932018936146,1.2032330047340365,0.0014994374999999075,1.000000000000096,False,False,False
SINGLE_LIKE,self_fund_win,0.5,3209825.0303440075,802.4562575860019,8,3190846.003653131,6015645.334200057,False,0.0,4812.932018936608,0.0,-4.6202330850064754e-10,4812.932018936146,0.0,3209825.0303440075,4812.932018936146,1.2032330047340365,0.0014994374999999075,1.000000000000096,False,False,False
SINGLE_LIKE,self_fund_win,0.5,3209825.0303440075,802.4562575860019,9,3190846.003653131,6852590.926557584,False,0.0,4812.932018936608,0.0,-4.6202330850064754e-10,4812.932018936146,0.0,3209825.0303440075,4812.932018936146,1.2032330047340365,0.0014994374999999075,1.000000000000096,False,False,False
SINGLE_LIKE,self_fund_win,0.5,3209825.0303440075,802.4562575860019,10,3190846.003653131,6731723.200930462,False,0.0,4812.932018936608,0.0,-4.6202330850064754e-10,4812.932018936146,0.0,3209825.0303440075,4812.932018936146,1.2032330047340365,0.0014994374999999075,1.000000000000096,False,False,False
SINGLE_LIKE,self_fund_win,0.5,3209825.0303440075,802.4562575860019,11,3190846.003653131,6278191.711830405,False,0.0,4812.932018936608,0.0,-4.6202330850064754e-10,4812.932018936146,0.0,3209825.0303440075,4812.932018936146,1.2032330047340365,0.0014994374999999075,1.000000000000096,False,False,False
SINGLE_LIKE,self_fund_win,0.5,3209825.0303440075,802.4562575860019,12,3190846.003653131,7037232.084766559,False,0.0,4812.932018936608,0.0,-4.6202330850064754e-10,4812.932018936146,0.0,3209825.0303440075,4812.932018936146,1.2032330047340365,0.0014994374999999075,1.000000000000096,False,False,False
SINGLE_LIKE,self_fund_win,0.5,3209825.0303440075,802.4562575860019,13,3190846.003653131,6684127.864299978,False,0.0,4812.932018936608,0.0,-4.6202330850064754e-10,4812.932018936146,0.0,3209825.0303440075,4812.932018936146,1.2032330047340365,0.0014994374999999075,1.000000000000096,False,False,False
SINGLE_LIKE,self_fund_win,0.5,3209825.0303440075,802.4562575860019,14,3190846.003653131,6153774.119352473,False,0.0,4812.932018936608,0.0,-4.6202330850064754e-10,4812.932018936146,0.0,3209825.0303440075,4812.932018936146,1.2032330047340365,0.0014994374999999075,1.000000000000096,False,False,False
SINGLE_LIKE,self_fund_win,0.5,3209825.0303440075,802.4562575860019,15,3190846.003653131,6516869.679972631,False,0.0,4812.932018936608,0.0,-4.6202330850064754e-10,4812.932018936146,0.0,3209825.0303440075,4812.932018936146,1.2032330047340365,0.0014994374999999075,1.000000000000096,False,False,False
SINGLE_LIKE,self_fund_win,0.5,3209825.0303440075,802.4562575860019,16,3190846.003653131,5860796.897113095,False,0.0,4812.932018936608,0.0,-4.6202330850064754e-10,4812.932018936146,0.0,3209825.0303440075,4812.932018936146,1.2032330047340365,0.0014994374999999075,1.000000000000096,False,False,False
SINGLE_LIKE,self_fund_win,0.5,3209825.0303440075,802.4562575860019,17,3190846.003653131,5873638.225158392,False,0.0,4812.932018936608,0.0,-4.6202330850064754e-10,4812.932018936146,0.0,3209825.0303440075,4812.932018936146,1.2032330047340365,0.0014994374999999075,1.000000000000096,False,False,False
SINGLE_LIKE,self_fund_win,0.5,3209825.0303440075,802.4562575860019,18,3190846.003653131,6036975.459852888,False,0.0,4812.932018936608,0.0,-4.6202330850064754e-10,4812.932018936146,0.0,3209825.0303440075,4812.932018936146,1.2032330047340365,0.0014994374999999075,1.000000000000096,False,False,False
SINGLE_LIKE,self_fund_win,0.5,3209825.0303440075,802.4562575860019,19,3190846.003653131,6677115.132740532,False,0.0,4812.932018936608,0.0,-4.6202330850064754e-10,4812.932018936146,0.0,3209825.0303440075,4812.932018936146,1.2032330047340365,0.0014994374999999075,1.000000000000096,False,False,False
SINGLE_LIKE,self_fund_win,0.5,3209825.0303440075,802.4562575860019,20,3190846.003653131,6637894.198706663,False,0.0,4812.932018936608,0.0,-4.6202330850064754e-10,4812.932018936146,0.0,3209825.0303440075,4812.932018936146,1.2032330047340365,0.0014994374999999075,1.000000000000096,False,False,False
SINGLE_LIKE,self_fund_win,0.5,3209825.0303440075,802.4562575860019,21,3190846.003653131,5093116.429257048,False,0.0,4812.932018936608,0.0,-4.6202330850064754e-10,4812.932018936146,0.0,3209825.0303440075,4812.932018936146,1.2032330047340365,0.0014994374999999075,1.000000000000096,False,False,False
SINGLE_LIKE,self_fund_win,0.5,3209825.0303440075,802.4562575860019,22,3190846.003653131,7639345.90694145,False,0.0,4812.932018936608,0.0,-4.6202330850064754e-10,4812.932018936146,0.0,3209825.0303440075,4812.932018936146,1.2032330047340365,0.0014994374999999075,1.000000000000096,False,False,False
SINGLE_LIKE,self_fund_win,0.5,3209825.0303440075,802.4562575860019,23,3190846.003653131,6010947.913395474,False,0.0,4812.932018936608,0.0,-4.6202330850064754e-10,4812.932018936146,0.0,3209825.0303440075,4812.932018936146,1.2032330047340365,0.0014994374999999075,1.000000000000096,False,False,False
SINGLE_LIKE,self_fund_win,0.5,3209825.0303440075,802.4562575860019,24,3190846.003653131,7303593.538046163,False,0.0,4812.932018936608,0.0,-4.6202330850064754e-10,4812.932018936146,0.0,3209825.0303440075,4812.932018936146,1.2032330047340365,0.0014994374999999075,1.000000000000096,False,False,False
SINGLE_LIKE,self_fund_win,0.5,3209825.0303440075,802.4562575860019,25,3190846.003653131,5620484.847439504,False,0.0,4812.932018936608,0.0,-4.6202330850064754e-10,4812.932018936146,0.0,3209825.0303440075,4812.932018936146,1.2032330047340365,0.0014994374999999075,1.000000000000096,False,False,False
SINGLE_LIKE,self_fund_win,0.5,3209825.0303440075,802.4562575860019,26,3190846.003653131,6336953.220677019,False,0.0,4812.932018936608,0.0,-4.6202330850064754e-10,4812.932018936146,0.0,3209825.0303440075,4812.932018936146,1.2032330047340365,0.0014994374999999075,1.000000000000096,False,False,False
SINGLE_LIKE,self_fund_win,0.5,3209825.0303440075,802.4562575860019,27,3190846.003653131,6098701.644926184,False,0.0,4812.932018936608,0.0,-4.6202330850064754e-10,4812.932018936146,0.0,3209825.0303440075,4812.932018936146,1.2032330047340365,0.0014994374999999075,1.000000000000096,False,False,False
SINGLE_LIKE,self_fund_win,0.5,3209825.0303440075,802.4562575860019,28,3190846.003653131,5939214.240490282,False,0.0,4812.932018936608,0.0,-4.6202330850064754e-10,4812.932018936146,0.0,3209825.0303440075,4812.932018936146,1.2032330047340365,0.0014994374999999075,1.000000000000096,False,False,False
SINGLE_LIKE,self_fund_win,0.5,3209825.0303440075,802.4562575860019,29,3190846.003653131,6776174.299345091,False,0.0,4812.932018936608,0.0,-4.6202330850064754e-10,4812.932018936146,0.0,3209825.0303440075,4812.932018936146,1.2032330047340365,0.0014994374999999075,1.000000000000096,False,False,False
SINGLE_LIKE,self_fund_win,0.5,3209825.0303440075,802.4562575860019,30,3190846.003653131,6619178.628294823,False,0.0,4812.932018936608,0.0,-4.6202330850064754e-10,4812.932018936146,0.0,3209825.0303440075,4812.932018936146,1.2032330047340365,0.0014994374999999075,1.000000000000096,False,False,False
SINGLE_LIKE,self_fund_win,0.5,3209825.0303440075,802.4562575860019,31,3190846.003653131,6124631.824095147,False,0.0,4812.932018936608,0.0,-4.6202330850064754e-10,4812.932018936146,0.0,3209825.0303440075,4812.932018936146,1.2032330047340365,0.0014994374999999075,1.000000000000096,False,False,False
SINGLE_LIKE,self_fund_win,0.5,3209825.0303440075,802.4562575860019,32,3190846.003653131,6347525.652579841,False,0.0,4812.932018936608,0.0,-4.6202330850064754e-10,4812.932018936146,0.0,3209825.0303440075,4812.932018936146,1.2032330047340365,0.0014994374999999075,1.000000000000096,False,False,False
SINGLE_LIKE,self_fund_win,0.5,3209825.0303440075,802.4562575860019,33,3190846.003653131,6676412.222629171,False,0.0,4812.932018936608,0.0,-4.6202330850064754e-10,4812.932018936146,0.0,3209825.0303440075,4812.932018936146,1.2032330047340365,0.0014994374999999075,1.000000000000096,False,False,False
SINGLE_LIKE,self_fund_win,0.5,3209825.0303440075,802.4562575860019,34,3190846.003653131,5411124.667123363,False,0.0,4812.932018936608,0.0,-4.6202330850064754e-10,4812.932018936146,0.0,3209825.0303440075,4812.932018936146,1.2032330047340365,0.0014994374999999075,1.000000000000096,False,False,False
SINGLE_LIKE,self_fund_win,0.5,3209825.0303440075,802.4562575860019,35,3190846.003653131,7777189.145807397,False,0.0,4812.932018936608,0.0,-4.6202330850064754e-10,4812.932018936146,0.0,3209825.0303440075,4812.932018936146,1.2032330047340365,0.0014994374999999075,1.000000000000096,False,False,False
SINGLE_LIKE,self_fund_win,0.5,3209825.0303440075,802.4562575860019,36,3190846.003653131,7317654.301976935,False,0.0,4812.932018936608,0.0,-4.6202330850064754e-10,4812.932018936146,0.0,3209825.0303440075,4812.932018936146,1.2032330047340365,0.0014994374999999075,1.000000000000096,False,False,False
SINGLE_LIKE,self_fund_win,0.5,3209825.0303440075,802.4562575860019,37,3190846.003653131,7185612.9564037565,False,0.0,4812.932018936608,0.0,-4.6202330850064754e-10,4812.932018936146,0.0,3209825.0303440075,4812.932018936146,1.2032330047340365,0.0014994374999999075,1.000000000000096,False,False,False
SINGLE_LIKE,self_fund_win,0.5,3209825.0303440075,802.4562575860019,38,3190846.003653131,7728391.597422948,False,0.0,4812.932018936608,0.0,-4.6202330850064754e-10,4812.932018936146,0.0,3209825.0303440075,4812.932018936146,1.2032330047340365,0.0014994374999999075,1.000000000000096,False,False,False
SINGLE_LIKE,self_fund_win,0.5,3209825.0303440075,802.4562575860019,39,3190846.003653131,6591387.6720760055,False,0.0,4812.932018936608,0.0,-4.6202330850064754e-10,4812.932018936146,0.0,3209825.0303440075,4812.932018936146,1.2032330047340365,0.0014994374999999075,1.000000000000096,False,False,False
SINGLE_LIKE,self_fund_win,1.0,6419650.060688015,1604.9125151720039,0,6381692.007306262,6883883.300154766,False,0.0,9625.864037873216,0.0,7.275957614183426e-12,9625.864037873223,0.0,6419650.060688015,9625.864037873223,2.4064660094683057,0.0014994375000000526,0.9999999999999992,False,False,False
SINGLE_LIKE,self_fund_win,1.0,6419650.060688015,1604.9125151720039,1,6381692.007306262,6241653.324888194,True,0.0,9625.864037873216,0.0,7.275957614183426e-12,9625.864037873223,0.0,6419650.060688015,9625.864037873223,2.4064660094683057,0.0014994375000000526,0.9999999999999992,True,True,False
SINGLE_LIKE,self_fund_win,1.0,6419650.060688015,1604.9125151720039,2,6381692.007306262,4352687.364523656,True,0.0,9625.864037873216,0.0,7.275957614183426e-12,9625.864037873223,0.0,6419650.060688015,9625.864037873223,2.4064660094683057,0.0014994375000000526,0.9999999999999992,True,True,False
SINGLE_LIKE,self_fund_win,1.0,6419650.060688015,1604.9125151720039,3,6381692.007306262,5985832.948199953,True,0.0,9625.864037873216,0.0,7.275957614183426e-12,9625.864037873223,0.0,6419650.060688015,9625.864037873223,2.4064660094683057,0.0014994375000000526,0.9999999999999992,True,True,False
SINGLE_LIKE,self_fund_win,1.0,6419650.060688015,1604.9125151720039,4,6381692.007306262,5482692.393022979,True,0.0,9625.864037873216,0.0,7.275957614183426e-12,9625.864037873223,0.0,6419650.060688015,9625.864037873223,2.4064660094683057,0.0014994375000000526,0.9999999999999992,True,True,False
SINGLE_LIKE,self_fund_win,1.0,6419650.060688015,1604.9125151720039,5,6381692.007306262,7355121.185139654,False,0.0,9625.864037873216,0.0,7.275957614183426e-12,9625.864037873223,0.0,6419650.060688015,9625.864037873223,2.4064660094683057,0.0014994375000000526,0.9999999999999992,False,False,False
SINGLE_LIKE,self_fund_win,1.0,6419650.060688015,1604.9125151720039,6,6381692.007306262,7914103.490321596,False,0.0,9625.864037873216,0.0,7.275957614183426e-12,9625.864037873223,0.0,6419650.060688015,9625.864037873223,2.4064660094683057,0.0014994375000000526,0.9999999999999992,False,False,False
SINGLE_LIKE,self_fund_win,1.0,6419650.060688015,1604.9125151720039,7,6381692.007306262,6120820.290346488,True,0.0,9625.864037873216,0.0,7.275957614183426e-12,9625.864037873223,0.0,6419650.060688015,9625.864037873223,2.4064660094683057,0.0014994375000000526,0.9999999999999992,True,True,False
SINGLE_LIKE,self_fund_win,1.0,6419650.060688015,1604.9125151720039,8,6381692.007306262,6526073.56649533,False,0.0,9625.864037873216,0.0,7.275957614183426e-12,9625.864037873223,0.0,6419650.060688015,9625.864037873223,2.4064660094683057,0.0014994375000000526,0.9999999999999992,False,False,False
SINGLE_LIKE,self_fund_win,1.0,6419650.060688015,1604.9125151720039,9,6381692.007306262,7094889.981931569,False,0.0,9625.864037873216,0.0,7.275957614183426e-12,9625.864037873223,0.0,6419650.060688015,9625.864037873223,2.4064660094683057,0.0014994375000000526,0.9999999999999992,False,False,False
SINGLE_LIKE,self_fund_win,1.0,6419650.060688015,1604.9125151720039,10,6381692.007306262,5769869.331505366,True,0.0,9625.864037873216,0.0,7.275957614183426e-12,9625.864037873223,0.0,6419650.060688015,9625.864037873223,2.4064660094683057,0.0014994375000000526,0.9999999999999992,True,True,False
SINGLE_LIKE,self_fund_win,1.0,6419650.060688015,1604.9125151720039,11,6381692.007306262,5392963.808129808,True,0.0,9625.864037873216,0.0,7.275957614183426e-12,9625.864037873223,0.0,6419650.060688015,9625.864037873223,2.4064660094683057,0.0014994375000000526,0.9999999999999992,True,True,False
SINGLE_LIKE,self_fund_win,1.0,6419650.060688015,1604.9125151720039,12,6381692.007306262,6632367.965217435,False,0.0,9625.864037873216,0.0,7.275957614183426e-12,9625.864037873223,0.0,6419650.060688015,9625.864037873223,2.4064660094683057,0.0014994375000000526,0.9999999999999992,False,False,False
SINGLE_LIKE,self_fund_win,1.0,6419650.060688015,1604.9125151720039,13,6381692.007306262,7098106.796532028,False,0.0,9625.864037873216,0.0,7.275957614183426e-12,9625.864037873223,0.0,6419650.060688015,9625.864037873223,2.4064660094683057,0.0014994375000000526,0.9999999999999992,False,False,False
SINGLE_LIKE,self_fund_win,1.0,6419650.060688015,1604.9125151720039,14,6381692.007306262,6282668.864865205,True,0.0,9625.864037873216,0.0,7.275957614183426e-12,9625.864037873223,0.0,6419650.060688015,9625.864037873223,2.4064660094683057,0.0014994375000000526,0.9999999999999992,True,True,False
SINGLE_LIKE,self_fund_win,1.0,6419650.060688015,1604.9125151720039,15,6381692.007306262,6208883.081318886,True,0.0,9625.864037873216,0.0,7.275957614183426e-12,9625.864037873223,0.0,6419650.060688015,9625.864037873223,2.4064660094683057,0.0014994375000000526,0.9999999999999992,True,True,False
SINGLE_LIKE,self_fund_win,1.0,6419650.060688015,1604.9125151720039,16,6381692.007306262,7279442.477591236,False,0.0,9625.864037873216,0.0,7.275957614183426e-12,9625.864037873223,0.0,6419650.060688015,9625.864037873223,2.4064660094683057,0.0014994375000000526,0.9999999999999992,False,False,False
SINGLE_LIKE,self_fund_win,1.0,6419650.060688015,1604.9125151720039,17,6381692.007306262,7637443.558995307,False,0.0,9625.864037873216,0.0,7.275957614183426e-12,9625.864037873223,0.0,6419650.060688015,9625.864037873223,2.4064660094683057,0.0014994375000000526,0.9999999999999992,False,False,False
SINGLE_LIKE,self_fund_win,1.0,6419650.060688015,1604.9125151720039,18,6381692.007306262,6684177.8528229445,False,0.0,9625.864037873216,0.0,7.275957614183426e-12,9625.864037873223,0.0,6419650.060688015,9625.864037873223,2.4064660094683057,0.0014994375000000526,0.9999999999999992,False,False,False
SINGLE_LIKE,self_fund_win,1.0,6419650.060688015,1604.9125151720039,19,6381692.007306262,7478828.031382462,False,0.0,9625.864037873216,0.0,7.275957614183426e-12,9625.864037873223,0.0,6419650.060688015,9625.864037873223,2.4064660094683057,0.0014994375000000526,0.9999999999999992,False,False,False
SINGLE_LIKE,self_fund_win,1.0,6419650.060688015,1604.9125151720039,20,6381692.007306262,6828762.1613657875,False,0.0,9625.864037873216,0.0,7.275957614183426e-12,9625.864037873223,0.0,6419650.060688015,9625.864037873223,2.4064660094683057,0.0014994375000000526,0.9999999999999992,False,False,False
SINGLE_LIKE,self_fund_win,1.0,6419650.060688015,1604.9125151720039,21,6381692.007306262,6077885.411017092,True,0.0,9625.864037873216,0.0,7.275957614183426e-12,9625.864037873223,0.0,6419650.060688015,9625.864037873223,2.4064660094683057,0.0014994375000000526,0.9999999999999992,True,True,False
SINGLE_LIKE,self_fund_win,1.0,6419650.060688015,1604.9125151720039,22,6381692.007306262,6555431.397117183,False,0.0,9625.864037873216,0.0,7.275957614183426e-12,9625.864037873223,0.0,6419650.060688015,9625.864037873223,2.4064660094683057,0.0014994375000000526,0.9999999999999992,False,False,False
SINGLE_LIKE,self_fund_win,1.0,6419650.060688015,1604.9125151720039,23,6381692.007306262,5797512.4058053205,True,0.0,9625.864037873216,0.0,7.275957614183426e-12,9625.864037873223,0.0,6419650.060688015,9625.864037873223,2.4064660094683057,0.0014994375000000526,0.9999999999999992,True,True,False
SINGLE_LIKE,self_fund_win,1.0,6419650.060688015,1604.9125151720039,24,6381692.007306262,6326073.361748771,True,0.0,9625.864037873216,0.0,7.275957614183426e-12,9625.864037873223,0.0,6419650.060688015,9625.864037873223,2.4064660094683057,0.0014994375000000526,0.9999999999999992,True,True,False
SINGLE_LIKE,self_fund_win,1.0,6419650.060688015,1604.9125151720039,25,6381692.007306262,7149041.39576501,False,0.0,9625.864037873216,0.0,7.275957614183426e-12,9625.864037873223,0.0,6419650.060688015,9625.864037873223,2.4064660094683057,0.0014994375000000526,0.9999999999999992,False,False,False
SINGLE_LIKE,self_fund_win,1.0,6419650.060688015,1604.9125151720039,26,6381692.007306262,6295610.535375484,True,0.0,9625.864037873216,0.0,7.275957614183426e-12,9625.864037873223,0.0,6419650.060688015,9625.864037873223,2.4064660094683057,0.0014994375000000526,0.9999999999999992,True,True,False
SINGLE_LIKE,self_fund_win,1.0,6419650.060688015,1604.9125151720039,27,6381692.007306262,7420475.970738501,False,0.0,9625.864037873216,0.0,7.275957614183426e-12,9625.864037873223,0.0,6419650.060688015,9625.864037873223,2.4064660094683057,0.0014994375000000526,0.9999999999999992,False,False,False
SINGLE_LIKE,self_fund_win,1.0,6419650.060688015,1604.9125151720039,28,6381692.007306262,7112898.177162818,False,0.0,9625.864037873216,0.0,7.275957614183426e-12,9625.864037873223,0.0,6419650.060688015,9625.864037873223,2.4064660094683057,0.0014994375000000526,0.9999999999999992,False,False,False
SINGLE_LIKE,self_fund_win,1.0,6419650.060688015,1604.9125151720039,29,6381692.007306262,6447904.709697311,False,0.0,9625.864037873216,0.0,7.275957614183426e-12,9625.864037873223,0.0,6419650.060688015,9625.864037873223,2.4064660094683057,0.0014994375000000526,0.9999999999999992,False,False,False
SINGLE_LIKE,self_fund_win,1.0,6419650.060688015,1604.9125151720039,30,6381692.007306262,5321931.326821453,True,0.0,9625.864037873216,0.0,7.275957614183426e-12,9625.864037873223,0.0,6419650.060688015,9625.864037873223,2.4064660094683057,0.0014994375000000526,0.9999999999999992,True,True,False
SINGLE_LIKE,self_fund_win,1.0,6419650.060688015,1604.9125151720039,31,6381692.007306262,7279758.138026543,False,0.0,9625.864037873216,0.0,7.275957614183426e-12,9625.864037873223,0.0,6419650.060688015,9625.864037873223,2.4064660094683057,0.0014994375000000526,0.9999999999999992,False,False,False
SINGLE_LIKE,self_fund_win,1.0,6419650.060688015,1604.9125151720039,32,6381692.007306262,5482159.921468813,True,0.0,9625.864037873216,0.0,7.275957614183426e-12,9625.864037873223,0.0,6419650.060688015,9625.864037873223,2.4064660094683057,0.0014994375000000526,0.9999999999999992,True,True,False
SINGLE_LIKE,self_fund_win,1.0,6419650.060688015,1604.9125151720039,33,6381692.007306262,5986235.418484789,True,0.0,9625.864037873216,0.0,7.275957614183426e-12,9625.864037873223,0.0,6419650.060688015,9625.864037873223,2.4064660094683057,0.0014994375000000526,0.9999999999999992,True,True,False
SINGLE_LIKE,self_fund_win,1.0,6419650.060688015,1604.9125151720039,34,6381692.007306262,6989397.98877515,False,0.0,9625.864037873216,0.0,7.275957614183426e-12,9625.864037873223,0.0,6419650.060688015,9625.864037873223,2.4064660094683057,0.0014994375000000526,0.9999999999999992,False,False,False
SINGLE_LIKE,self_fund_win,1.0,6419650.060688015,1604.9125151720039,35,6381692.007306262,6521504.86334565,False,0.0,9625.864037873216,0.0,7.275957614183426e-12,9625.864037873223,0.0,6419650.060688015,9625.864037873223,2.4064660094683057,0.0014994375000000526,0.9999999999999992,False,False,False
SINGLE_LIKE,self_fund_win,1.0,6419650.060688015,1604.9125151720039,36,6381692.007306262,7070657.621446421,False,0.0,9625.864037873216,0.0,7.275957614183426e-12,9625.864037873223,0.0,6419650.060688015,9625.864037873223,2.4064660094683057,0.0014994375000000526,0.9999999999999992,False,False,False
SINGLE_LIKE,self_fund_win,1.0,6419650.060688015,1604.9125151720039,37,6381692.007306262,5589811.070405284,True,0.0,9625.864037873216,0.0,7.275957614183426e-12,9625.864037873223,0.0,6419650.060688015,9625.864037873223,2.4064660094683057,0.0014994375000000526,0.9999999999999992,True,True,False
SINGLE_LIKE,self_fund_win,1.0,6419650.060688015,1604.9125151720039,38,6381692.007306262,5979782.064153073,True,0.0,9625.864037873216,0.0,7.275957614183426e-12,9625.864037873223,0.0,6419650.060688015,9625.864037873223,2.4064660094683057,0.0014994375000000526,0.9999999999999992,True,True,False
SINGLE_LIKE,self_fund_win,1.0,6419650.060688015,1604.9125151720039,39,6381692.007306262,7458664.03808127,False,0.0,9625.864037873216,0.0,7.275957614183426e-12,9625.864037873223,0.0,6419650.060688015,9625.864037873223,2.4064660094683057,0.0014994375000000526,0.9999999999999992,False,False,False
SINGLE_LIKE,self_fund_win,2.0,12839300.12137603,3209.8250303440077,0,12763384.014612524,5128790.5804554885,True,0.0,19251.728075746432,0.0,1.877197064459324e-09,19251.72807574831,0.0,12839300.12137603,19251.72807574831,4.812932018937078,0.0014994375000001977,0.9999999999999025,True,True,True
SINGLE_LIKE,self_fund_win,2.0,12839300.12137603,3209.8250303440077,1,12763384.014612524,7096369.445206599,True,0.0,19251.728075746432,0.0,1.877197064459324e-09,19251.72807574831,0.0,12839300.12137603,19251.72807574831,4.812932018937078,0.0014994375000001977,0.9999999999999025,True,True,True
SINGLE_LIKE,self_fund_win,2.0,12839300.12137603,3209.8250303440077,2,12763384.014612524,5943933.106397757,True,0.0,19251.728075746432,0.0,1.877197064459324e-09,19251.72807574831,0.0,12839300.12137603,19251.72807574831,4.812932018937078,0.0014994375000001977,0.9999999999999025,True,True,True
SINGLE_LIKE,self_fund_win,2.0,12839300.12137603,3209.8250303440077,3,12763384.014612524,6312400.543061722,True,0.0,19251.728075746432,0.0,1.877197064459324e-09,19251.72807574831,0.0,12839300.12137603,19251.72807574831,4.812932018937078,0.0014994375000001977,0.9999999999999025,True,True,True
SINGLE_LIKE,self_fund_win,2.0,12839300.12137603,3209.8250303440077,4,12763384.014612524,8075666.598040778,True,0.0,19251.728075746432,0.0,1.877197064459324e-09,19251.72807574831,0.0,12839300.12137603,19251.72807574831,4.812932018937078,0.0014994375000001977,0.9999999999999025,True,True,True
SINGLE_LIKE,self_fund_win,2.0,12839300.12137603,3209.8250303440077,5,12763384.014612524,6931430.397686535,True,0.0,19251.728075746432,0.0,1.877197064459324e-09,19251.72807574831,0.0,12839300.12137603,19251.72807574831,4.812932018937078,0.0014994375000001977,0.9999999999999025,True,True,True
SINGLE_LIKE,self_fund_win,2.0,12839300.12137603,3209.8250303440077,6,12763384.014612524,7290023.791696315,True,0.0,19251.728075746432,0.0,1.877197064459324e-09,19251.72807574831,0.0,12839300.12137603,19251.72807574831,4.812932018937078,0.0014994375000001977,0.9999999999999025,True,True,True
SINGLE_LIKE,self_fund_win,2.0,12839300.12137603,3209.8250303440077,7,12763384.014612524,7130691.945069313,True,0.0,19251.728075746432,0.0,1.877197064459324e-09,19251.72807574831,0.0,12839300.12137603,19251.72807574831,4.812932018937078,0.0014994375000001977,0.9999999999999025,True,True,True
SINGLE_LIKE,self_fund_win,2.0,12839300.12137603,3209.8250303440077,8,12763384.014612524,7207700.252597289,True,0.0,19251.728075746432,0.0,1.877197064459324e-09,19251.72807574831,0.0,12839300.12137603,19251.72807574831,4.812932018937078,0.0014994375000001977,0.9999999999999025,True,True,True
SINGLE_LIKE,self_fund_win,2.0,12839300.12137603,3209.8250303440077,9,12763384.014612524,5607548.282982205,True,0.0,19251.728075746432,0.0,1.877197064459324e-09,19251.72807574831,0.0,12839300.12137603,19251.72807574831,4.812932018937078,0.0014994375000001977,0.9999999999999025,True,True,True
SINGLE_LIKE,self_fund_win,2.0,12839300.12137603,3209.8250303440077,10,12763384.014612524,7112385.742360012,True,0.0,19251.728075746432,0.0,1.877197064459324e-09,19251.72807574831,0.0,12839300.12137603,19251.72807574831,4.812932018937078,0.0014994375000001977,0.9999999999999025,True,True,True
SINGLE_LIKE,self_fund_win,2.0,12839300.12137603,3209.8250303440077,11,12763384.014612524,6904387.372823808,True,0.0,19251.728075746432,0.0,1.877197064459324e-09,19251.72807574831,0.0,12839300.12137603,19251.72807574831,4.812932018937078,0.0014994375000001977,0.9999999999999025,True,True,True
SINGLE_LIKE,self_fund_win,2.0,12839300.12137603,3209.8250303440077,12,12763384.014612524,6685515.802771324,True,0.0,19251.728075746432,0.0,1.877197064459324e-09,19251.72807574831,0.0,12839300.12137603,19251.72807574831,4.812932018937078,0.0014994375000001977,0.9999999999999025,True,True,True
SINGLE_LIKE,self_fund_win,2.0,12839300.12137603,3209.8250303440077,13,12763384.014612524,5485158.9463455845,True,0.0,19251.728075746432,0.0,1.877197064459324e-09,19251.72807574831,0.0,12839300.12137603,19251.72807574831,4.812932018937078,0.0014994375000001977,0.9999999999999025,True,True,True
SINGLE_LIKE,self_fund_win,2.0,12839300.12137603,3209.8250303440077,14,12763384.014612524,4775970.525335407,True,0.0,19251.728075746432,0.0,1.877197064459324e-09,19251.72807574831,0.0,12839300.12137603,19251.72807574831,4.812932018937078,0.0014994375000001977,0.9999999999999025,True,True,True
SINGLE_LIKE,self_fund_win,2.0,12839300.12137603,3209.8250303440077,15,12763384.014612524,5683149.386771355,True,0.0,19251.728075746432,0.0,1.877197064459324e-09,19251.72807574831,0.0,12839300.12137603,19251.72807574831,4.812932018937078,0.0014994375000001977,0.9999999999999025,True,True,True
SINGLE_LIKE,self_fund_win,2.0,12839300.12137603,3209.8250303440077,16,12763384.014612524,7325874.092276511,True,0.0,19251.728075746432,0.0,1.877197064459324e-09,19251.72807574831,0.0,12839300.12137603,19251.72807574831,4.812932018937078,0.0014994375000001977,0.9999999999999025,True,True,True
SINGLE_LIKE,self_fund_win,2.0,12839300.12137603,3209.8250303440077,17,12763384.014612524,5998737.268032535,True,0.0,19251.728075746432,0.0,1.877197064459324e-09,19251.72807574831,0.0,12839300.12137603,19251.72807574831,4.812932018937078,0.0014994375000001977,0.9999999999999025,True,True,True
SINGLE_LIKE,self_fund_win,2.0,12839300.12137603,3209.8250303440077,18,12763384.014612524,6181423.3639287315,True,0.0,19251.728075746432,0.0,1.877197064459324e-09,19251.72807574831,0.0,12839300.12137603,19251.72807574831,4.812932018937078,0.0014994375000001977,0.9999999999999025,True,True,True
SINGLE_LIKE,self_fund_win,2.0,12839300.12137603,3209.8250303440077,19,12763384.014612524,6804282.679404781,True,0.0,19251.728075746432,0.0,1.877197064459324e-09,19251.72807574831,0.0,12839300.12137603,19251.72807574831,4.812932018937078,0.0014994375000001977,0.9999999999999025,True,True,True
SINGLE_LIKE,self_fund_win,2.0,12839300.12137603,3209.8250303440077,20,12763384.014612524,5942455.994570882,True,0.0,19251.728075746432,0.0,1.877197064459324e-09,19251.72807574831,0.0,12839300.12137603,19251.72807574831,4.812932018937078,0.0014994375000001977,0.9999999999999025,True,True,True
SINGLE_LIKE,self_fund_win,2.0,12839300.12137603,3209.8250303440077,21,12763384.014612524,5867843.087054409,True,0.0,19251.728075746432,0.0,1.877197064459324e-09,19251.72807574831,0.0,12839300.12137603,19251.72807574831,4.812932018937078,0.0014994375000001977,0.9999999999999025,True,True,True
SINGLE_LIKE,self_fund_win,2.0,12839300.12137603,3209.8250303440077,22,12763384.014612524,7108685.691904244,True,0.0,19251.728075746432,0.0,1.877197064459324e-09,19251.72807574831,0.0,12839300.12137603,19251.72807574831,4.812932018937078,0.0014994375000001977,0.9999999999999025,True,True,True
SINGLE_LIKE,self_fund_win,2.0,12839300.12137603,3209.8250303440077,23,12763384.014612524,6351924.395858703,True,0.0,19251.728075746432,0.0,1.877197064459324e-09,19251.72807574831,0.0,12839300.12137603,19251.72807574831,4.812932018937078,0.0014994375000001977,0.9999999999999025,True,True,True
SINGLE_LIKE,self_fund_win,2.0,12839300.12137603,3209.8250303440077,24,12763384.014612524,7094837.892377173,True,0.0,19251.728075746432,0.0,1.877197064459324e-09,19251.72807574831,0.0,12839300.12137603,19251.72807574831,4.812932018937078,0.0014994375000001977,0.9999999999999025,True,True,True
SINGLE_LIKE,self_fund_win,2.0,12839300.12137603,3209.8250303440077,25,12763384.014612524,6306263.604442799,True,0.0,19251.728075746432,0.0,1.877197064459324e-09,19251.72807574831,0.0,12839300.12137603,19251.72807574831,4.812932018937078,0.0014994375000001977,0.9999999999999025,True,True,True
SINGLE_LIKE,self_fund_win,2.0,12839300.12137603,3209.8250303440077,26,12763384.014612524,6274621.808088893,True,0.0,19251.728075746432,0.0,1.877197064459324e-09,19251.72807574831,0.0,12839300.12137603,19251.72807574831,4.812932018937078,0.0014994375000001977,0.9999999999999025,True,True,True
SINGLE_LIKE,self_fund_win,2.0,12839300.12137603,3209.8250303440077,27,12763384.014612524,7589672.518799935,True,0.0,19251.728075746432,0.0,1.877197064459324e-09,19251.72807574831,0.0,12839300.12137603,19251.72807574831,4.812932018937078,0.0014994375000001977,0.9999999999999025,True,True,True
SINGLE_LIKE,self_fund_win,2.0,12839300.12137603,3209.8250303440077,28,12763384.014612524,6741696.164287596,True,0.0,19251.728075746432,0.0,1.877197064459324e-09,19251.72807574831,0.0,12839300.12137603,19251.72807574831,4.812932018937078,0.0014994375000001977,0.9999999999999025,True,True,True
SINGLE_LIKE,self_fund_win,2.0,12839300.12137603,3209.8250303440077,29,12763384.014612524,5378535.510386011,True,0.0,19251.728075746432,0.0,1.877197064459324e-09,19251.72807574831,0.0,12839300.12137603,19251.72807574831,4.812932018937078,0.0014994375000001977,0.9999999999999025,True,True,True
SINGLE_LIKE,self_fund_win,2.0,12839300.12137603,3209.8250303440077,30,12763384.014612524,6800936.13630705,True,0.0,19251.728075746432,0.0,1.877197064459324e-09,19251.72807574831,0.0,12839300.12137603,19251.72807574831,4.812932018937078,0.0014994375000001977,0.9999999999999025,True,True,True
SINGLE_LIKE,self_fund_win,2.0,12839300.12137603,3209.8250303440077,31,12763384.014612524,7191969.84248819,True,0.0,19251.728075746432,0.0,1.877197064459324e-09,19251.72807574831,0.0,12839300.12137603,19251.72807574831,4.812932018937078,0.0014994375000001977,0.9999999999999025,True,True,True
SINGLE_LIKE,self_fund_win,2.0,12839300.12137603,3209.8250303440077,32,12763384.014612524,6584048.741405229,True,0.0,19251.728075746432,0.0,1.877197064459324e-09,19251.72807574831,0.0,12839300.12137603,19251.72807574831,4.812932018937078,0.0014994375000001977,0.9999999999999025,True,True,True
SINGLE_LIKE,self_fund_win,2.0,12839300.12137603,3209.8250303440077,33,12763384.014612524,6394672.076233148,True,0.0,19251.728075746432,0.0,1.877197064459324e-09,19251.72807574831,0.0,12839300.12137603,19251.72807574831,4.812932018937078,0.0014994375000001977,0.9999999999999025,True,True,True
SINGLE_LIKE,self_fund_win,2.0,12839300.12137603,3209.8250303440077,34,12763384.014612524,6895955.846901766,True,0.0,19251.728075746432,0.0,1.877197064459324e-09,19251.72807574831,0.0,12839300.12137603,19251.72807574831,4.812932018937078,0.0014994375000001977,0.9999999999999025,True,True,True
SINGLE_LIKE,self_fund_win,2.0,12839300.12137603,3209.8250303440077,35,12763384.014612524,6918088.073900853,True,0.0,19251.728075746432,0.0,1.877197064459324e-09,19251.72807574831,0.0,12839300.12137603,19251.72807574831,4.812932018937078,0.0014994375000001977,0.9999999999999025,True,True,True
SINGLE_LIKE,self_fund_win,2.0,12839300.12137603,3209.8250303440077,36,12763384.014612524,5599472.170952201,True,0.0,19251.728075746432,0.0,1.877197064459324e-09,19251.72807574831,0.0,12839300.12137603,19251.72807574831,4.812932018937078,0.0014994375000001977,0.9999999999999025,True,True,True
SINGLE_LIKE,self_fund_win,2.0,12839300.12137603,3209.8250303440077,37,12763384.014612524,7124351.952299245,True,0.0,19251.728075746432,0.0,1.877197064459324e-09,19251.72807574831,0.0,12839300.12137603,19251.72807574831,4.812932018937078,0.0014994375000001977,0.9999999999999025,True,True,True
SINGLE_LIKE,self_fund_win,2.0,12839300.12137603,3209.8250303440077,38,12763384.014612524,7195664.994070939,True,0.0,19251.728075746432,0.0,1.877197064459324e-09,19251.72807574831,0.0,12839300.12137603,19251.72807574831,4.812932018937078,0.0014994375000001977,0.9999999999999025,True,True,True
SINGLE_LIKE,self_fund_win,2.0,12839300.12137603,3209.8250303440077,39,12763384.014612524,6220657.853776241,True,0.0,19251.728075746432,0.0,1.877197064459324e-09,19251.72807574831,0.0,12839300.12137603,19251.72807574831,4.812932018937078,0.0014994375000001977,0.9999999999999025,True,True,True
SINGLE_LIKE,self_fund_win,5.0,32098250.303440075,8024.562575860019,0,31492450.72018144,6533051.892044325,True,0.0,47501.83000132732,0.0,8.221832104027271e-10,47501.83000132814,0.0,31679766.58001772,47501.83000132814,11.875457500332036,0.001499437500000089,0.9999999999999827,True,True,True
SINGLE_LIKE,self_fund_win,5.0,32098250.303440075,8024.562575860019,1,31492450.72018144,6544667.807491048,True,0.0,47501.83000132732,0.0,8.221832104027271e-10,47501.83000132814,0.0,31679766.58001772,47501.83000132814,11.875457500332036,0.001499437500000089,0.9999999999999827,True,True,True
SINGLE_LIKE,self_fund_win,5.0,32098250.303440075,8024.562575860019,2,31492450.72018144,6142610.351694343,True,0.0,47501.83000132732,0.0,8.221832104027271e-10,47501.83000132814,0.0,31679766.58001772,47501.83000132814,11.875457500332036,0.001499437500000089,0.9999999999999827,True,True,True
SINGLE_LIKE,self_fund_win,5.0,32098250.303440075,8024.562575860019,3,31492450.72018144,6507613.667232312,True,0.0,47501.83000132732,0.0,8.221832104027271e-10,47501.83000132814,0.0,31679766.58001772,47501.83000132814,11.875457500332036,0.001499437500000089,0.9999999999999827,True,True,True
SINGLE_LIKE,self_fund_win,5.0,32098250.303440075,8024.562575860019,4,31492450.72018144,6589358.573263882,True,0.0,47501.83000132732,0.0,8.221832104027271e-10,47501.83000132814,0.0,31679766.58001772,47501.83000132814,11.875457500332036,0.001499437500000089,0.9999999999999827,True,True,True
SINGLE_LIKE,self_fund_win,5.0,32098250.303440075,8024.562575860019,5,31492450.72018144,6199718.467343069,True,0.0,47501.83000132732,0.0,8.221832104027271e-10,47501.83000132814,0.0,31679766.58001772,47501.83000132814,11.875457500332036,0.001499437500000089,0.9999999999999827,True,True,True
SINGLE_LIKE,self_fund_win,5.0,32098250.303440075,8024.562575860019,6,31492450.72018144,6406504.973954545,True,0.0,47501.83000132732,0.0,8.221832104027271e-10,47501.83000132814,0.0,31679766.58001772,47501.83000132814,11.875457500332036,0.001499437500000089,0.9999999999999827,True,True,True
SINGLE_LIKE,self_fund_win,5.0,32098250.303440075,8024.562575860019,7,31492450.72018144,5920705.860990393,True,0.0,47501.83000132732,0.0,8.221832104027271e-10,47501.83000132814,0.0,31679766.58001772,47501.83000132814,11.875457500332036,0.001499437500000089,0.9999999999999827,True,True,True
SINGLE_LIKE,self_fund_win,5.0,32098250.303440075,8024.562575860019,8,31492450.72018144,5450930.422657836,True,0.0,47501.83000132732,0.0,8.221832104027271e-10,47501.83000132814,0.0,31679766.58001772,47501.83000132814,11.875457500332036,0.001499437500000089,0.9999999999999827,True,True,True
SINGLE_LIKE,self_fund_win,5.0,32098250.303440075,8024.562575860019,9,31492450.72018144,6128874.004211772,True,0.0,47501.83000132732,0.0,8.221832104027271e-10,47501.83000132814,0.0,31679766.58001772,47501.83000132814,11.875457500332036,0.001499437500000089,0.9999999999999827,True,True,True
SINGLE_LIKE,self_fund_win,5.0,32098250.303440075,8024.562575860019,10,31492450.72018144,4592178.55929765,True,0.0,47501.83000132732,0.0,8.221832104027271e-10,47501.83000132814,0.0,31679766.58001772,47501.83000132814,11.875457500332036,0.001499437500000089,0.9999999999999827,True,True,True
SINGLE_LIKE,self_fund_win,5.0,32098250.303440075,8024.562575860019,11,31492450.72018144,7559631.203383965,True,0.0,47501.83000132732,0.0,8.221832104027271e-10,47501.83000132814,0.0,31679766.58001772,47501.83000132814,11.875457500332036,0.001499437500000089,0.9999999999999827,True,True,True
SINGLE_LIKE,self_fund_win,5.0,32098250.303440075,8024.562575860019,12,31492450.72018144,5918501.27523177,True,0.0,47501.83000132732,0.0,8.221832104027271e-10,47501.83000132814,0.0,31679766.58001772,47501.83000132814,11.875457500332036,0.001499437500000089,0.9999999999999827,True,True,True
SINGLE_LIKE,self_fund_win,5.0,32098250.303440075,8024.562575860019,13,31492450.72018144,6081779.285361087,True,0.0,47501.83000132732,0.0,8.221832104027271e-10,47501.83000132814,0.0,31679766.58001772,47501.83000132814,11.875457500332036,0.001499437500000089,0.9999999999999827,True,True,True
SINGLE_LIKE,self_fund_win,5.0,32098250.303440075,8024.562575860019,14,31492450.72018144,6410729.915909552,True,0.0,47501.83000132732,0.0,8.221832104027271e-10,47501.83000132814,0.0,31679766.58001772,47501.83000132814,11.875457500332036,0.001499437500000089,0.9999999999999827,True,True,True
SINGLE_LIKE,self_fund_win,5.0,32098250.303440075,8024.562575860019,15,31492450.72018144,6699531.9297126895,True,0.0,47501.83000132732,0.0,8.221832104027271e-10,47501.83000132814,0.0,31679766.58001772,47501.83000132814,11.875457500332036,0.001499437500000089,0.9999999999999827,True,True,True
SINGLE_LIKE,self_fund_win,5.0,32098250.303440075,8024.562575860019,16,31492450.72018144,7708750.604123319,True,0.0,47501.83000132732,0.0,8.221832104027271e-10,47501.83000132814,0.0,31679766.58001772,47501.83000132814,11.875457500332036,0.001499437500000089,0.9999999999999827,True,True,True
SINGLE_LIKE,self_fund_win,5.0,32098250.303440075,8024.562575860019,17,31492450.72018144,7169738.698309652,True,0.0,47501.83000132732,0.0,8.221832104027271e-10,47501.83000132814,0.0,31679766.58001772,47501.83000132814,11.875457500332036,0.001499437500000089,0.9999999999999827,True,True,True
SINGLE_LIKE,self_fund_win,5.0,32098250.303440075,8024.562575860019,18,31492450.72018144,5609526.5742871,True,0.0,47501.83000132732,0.0,8.221832104027271e-10,47501.83000132814,0.0,31679766.58001772,47501.83000132814,11.875457500332036,0.001499437500000089,0.9999999999999827,True,True,True
SINGLE_LIKE,self_fund_win,5.0,32098250.303440075,8024.562575860019,19,31492450.72018144,7189612.346049597,True,0.0,47501.83000132732,0.0,8.221832104027271e-10,47501.83000132814,0.0,31679766.58001772,47501.83000132814,11.875457500332036,0.001499437500000089,0.9999999999999827,True,True,True
SINGLE_LIKE,self_fund_win,5.0,32098250.303440075,8024.562575860019,20,31492450.72018144,6802156.526988179,True,0.0,47501.83000132732,0.0,8.221832104027271e-10,47501.83000132814,0.0,31679766.58001772,47501.83000132814,11.875457500332036,0.001499437500000089,0.9999999999999827,True,True,True
SINGLE_LIKE,self_fund_win,5.0,32098250.303440075,8024.562575860019,21,31492450.72018144,6008854.073111408,True,0.0,47501.83000132732,0.0,8.221832104027271e-10,47501.83000132814,0.0,31679766.58001772,47501.83000132814,11.875457500332036,0.001499437500000089,0.9999999999999827,True,True,True
SINGLE_LIKE,self_fund_win,5.0,32098250.303440075,8024.562575860019,22,31492450.72018144,6221595.5149570955,True,0.0,47501.83000132732,0.0,8.221832104027271e-10,47501.83000132814,0.0,31679766.58001772,47501.83000132814,11.875457500332036,0.001499437500000089,0.9999999999999827,True,True,True
SINGLE_LIKE,self_fund_win,5.0,32098250.303440075,8024.562575860019,23,31492450.72018144,7094784.829925285,True,0.0,47501.83000132732,0.0,8.221832104027271e-10,47501.83000132814,0.0,31679766.58001772,47501.83000132814,11.875457500332036,0.001499437500000089,0.9999999999999827,True,True,True
SINGLE_LIKE,self_fund_win,5.0,32098250.303440075,8024.562575860019,24,31492450.72018144,6328545.6624822,True,0.0,47501.83000132732,0.0,8.221832104027271e-10,47501.83000132814,0.0,31679766.58001772,47501.83000132814,11.875457500332036,0.001499437500000089,0.9999999999999827,True,True,True
SINGLE_LIKE,self_fund_win,5.0,32098250.303440075,8024.562575860019,25,31492450.72018144,6500887.893401518,True,0.0,47501.83000132732,0.0,8.221832104027271e-10,47501.83000132814,0.0,31679766.58001772,47501.83000132814,11.875457500332036,0.001499437500000089,0.9999999999999827,True,True,True
SINGLE_LIKE,self_fund_win,5.0,32098250.303440075,8024.562575860019,26,31492450.72018144,6488188.301914701,True,0.0,47501.83000132732,0.0,8.221832104027271e-10,47501.83000132814,0.0,31679766.58001772,47501.83000132814,11.875457500332036,0.001499437500000089,0.9999999999999827,True,True,True
SINGLE_LIKE,self_fund_win,5.0,32098250.303440075,8024.562575860019,27,31492450.72018144,5962673.573748192,True,0.0,47501.83000132732,0.0,8.221832104027271e-10,47501.83000132814,0.0,31679766.58001772,47501.83000132814,11.875457500332036,0.001499437500000089,0.9999999999999827,True,True,True
SINGLE_LIKE,self_fund_win,5.0,32098250.303440075,8024.562575860019,28,31492450.72018144,6936811.720844458,True,0.0,47501.83000132732,0.0,8.221832104027271e-10,47501.83000132814,0.0,31679766.58001772,47501.83000132814,11.875457500332036,0.001499437500000089,0.9999999999999827,True,True,True
SINGLE_LIKE,self_fund_win,5.0,32098250.303440075,8024.562575860019,29,31492450.72018144,6056564.383695713,True,0.0,47501.83000132732,0.0,8.221832104027271e-10,47501.83000132814,0.0,31679766.58001772,47501.83000132814,11.875457500332036,0.001499437500000089,0.9999999999999827,True,True,True
SINGLE_LIKE,self_fund_win,5.0,32098250.303440075,8024.562575860019,30,31492450.72018144,6752260.606539651,True,0.0,47501.83000132732,0.0,8.221832104027271e-10,47501.83000132814,0.0,31679766.58001772,47501.83000132814,11.875457500332036,0.001499437500000089,0.9999999999999827,True,True,True
SINGLE_LIKE,self_fund_win,5.0,32098250.303440075,8024.562575860019,31,31492450.72018144,5163154.709276906,True,0.0,47501.83000132732,0.0,8.221832104027271e-10,47501.83000132814,0.0,31679766.58001772,47501.83000132814,11.875457500332036,0.001499437500000089,0.9999999999999827,True,True,True
SINGLE_LIKE,self_fund_win,5.0,32098250.303440075,8024.562575860019,32,31492450.72018144,5405514.19288603,True,0.0,47501.83000132732,0.0,8.221832104027271e-10,47501.83000132814,0.0,31679766.58001772,47501.83000132814,11.875457500332036,0.001499437500000089,0.9999999999999827,True,True,True
SINGLE_LIKE,self_fund_win,5.0,32098250.303440075,8024.562575860019,33,31492450.72018144,8204041.678913043,True,0.0,47501.83000132732,0.0,8.221832104027271e-10,47501.83000132814,0.0,31679766.58001772,47501.83000132814,11.875457500332036,0.001499437500000089,0.9999999999999827,True,True,True
SINGLE_LIKE,self_fund_win,5.0,32098250.303440075,8024.562575860019,34,31492450.72018144,5909056.781512251,True,0.0,47501.83000132732,0.0,8.221832104027271e-10,47501.83000132814,0.0,31679766.58001772,47501.83000132814,11.875457500332036,0.001499437500000089,0.9999999999999827,True,True,True
SINGLE_LIKE,self_fund_win,5.0,32098250.303440075,8024.562575860019,35,31492450.72018144,6177705.4781495165,True,0.0,47501.83000132732,0.0,8.221832104027271e-10,47501.83000132814,0.0,31679766.58001772,47501.83000132814,11.875457500332036,0.001499437500000089,0.9999999999999827,True,True,True
SINGLE_LIKE,self_fund_win,5.0,32098250.303440075,8024.562575860019,36,31492450.72018144,6313398.071216342,True,0.0,47501.83000132732,0.0,8.221832104027271e-10,47501.83000132814,0.0,31679766.58001772,47501.83000132814,11.875457500332036,0.001499437500000089,0.9999999999999827,True,True,True
SINGLE_LIKE,self_fund_win,5.0,32098250.303440075,8024.562575860019,37,31492450.72018144,6592836.91697065,True,0.0,47501.83000132732,0.0,8.221832104027271e-10,47501.83000132814,0.0,31679766.58001772,47501.83000132814,11.875457500332036,0.001499437500000089,0.9999999999999827,True,True,True
SINGLE_LIKE,self_fund_win,5.0,32098250.303440075,8024.562575860019,38,31492450.72018144,6789933.293187783,True,0.0,47501.83000132732,0.0,8.221832104027271e-10,47501.83000132814,0.0,31679766.58001772,47501.83000132814,11.875457500332036,0.001499437500000089,0.9999999999999827,True,True,True
SINGLE_LIKE,self_fund_win,5.0,32098250.303440075,8024.562575860019,39,31492450.72018144,6371904.521692605,True,0.0,47501.83000132732,0.0,8.221832104027271e-10,47501.83000132814,0.0,31679766.58001772,47501.83000132814,11.875457500332036,0.001499437500000089,0.9999999999999827,True,True,True
SINGLE_LIKE,self_fund_win,10.0,64196500.60688015,16049.125151720038,0,31492450.72018144,6614750.356956412,True,0.0,47501.83000132732,0.0,8.221832104027271e-10,47501.83000132814,0.0,31679766.58001772,47501.83000132814,11.875457500332036,0.001499437500000089,0.9999999999999827,True,True,True
SINGLE_LIKE,self_fund_win,10.0,64196500.60688015,16049.125151720038,1,31492450.72018144,6408268.985940222,True,0.0,47501.83000132732,0.0,8.221832104027271e-10,47501.83000132814,0.0,31679766.58001772,47501.83000132814,11.875457500332036,0.001499437500000089,0.9999999999999827,True,True,True
SINGLE_LIKE,self_fund_win,10.0,64196500.60688015,16049.125151720038,2,31492450.72018144,7496345.888853343,True,0.0,47501.83000132732,0.0,8.221832104027271e-10,47501.83000132814,0.0,31679766.58001772,47501.83000132814,11.875457500332036,0.001499437500000089,0.9999999999999827,True,True,True
SINGLE_LIKE,self_fund_win,10.0,64196500.60688015,16049.125151720038,3,31492450.72018144,6834287.792540417,True,0.0,47501.83000132732,0.0,8.221832104027271e-10,47501.83000132814,0.0,31679766.58001772,47501.83000132814,11.875457500332036,0.001499437500000089,0.9999999999999827,True,True,True
SINGLE_LIKE,self_fund_win,10.0,64196500.60688015,16049.125151720038,4,31492450.72018144,6539775.548183409,True,0.0,47501.83000132732,0.0,8.221832104027271e-10,47501.83000132814,0.0,31679766.58001772,47501.83000132814,11.875457500332036,0.001499437500000089,0.9999999999999827,True,True,True
SINGLE_LIKE,self_fund_win,10.0,64196500.60688015,16049.125151720038,5,31492450.72018144,7007111.900652639,True,0.0,47501.83000132732,0.0,8.221832104027271e-10,47501.83000132814,0.0,31679766.58001772,47501.83000132814,11.875457500332036,0.001499437500000089,0.9999999999999827,True,True,True
SINGLE_LIKE,self_fund_win,10.0,64196500.60688015,16049.125151720038,6,31492450.72018144,7210909.110634559,True,0.0,47501.83000132732,0.0,8.221832104027271e-10,47501.83000132814,0.0,31679766.58001772,47501.83000132814,11.875457500332036,0.001499437500000089,0.9999999999999827,True,True,True
SINGLE_LIKE,self_fund_win,10.0,64196500.60688015,16049.125151720038,7,31492450.72018144,6186556.668044848,True,0.0,47501.83000132732,0.0,8.221832104027271e-10,47501.83000132814,0.0,31679766.58001772,47501.83000132814,11.875457500332036,0.001499437500000089,0.9999999999999827,True,True,True
SINGLE_LIKE,self_fund_win,10.0,64196500.60688015,16049.125151720038,8,31492450.72018144,7351854.4417720195,True,0.0,47501.83000132732,0.0,8.221832104027271e-10,47501.83000132814,0.0,31679766.58001772,47501.83000132814,11.875457500332036,0.001499437500000089,0.9999999999999827,True,True,True
SINGLE_LIKE,self_fund_win,10.0,64196500.60688015,16049.125151720038,9,31492450.72018144,5977902.599915782,True,0.0,47501.83000132732,0.0,8.221832104027271e-10,47501.83000132814,0.0,31679766.58001772,47501.83000132814,11.875457500332036,0.001499437500000089,0.9999999999999827,True,True,True
SINGLE_LIKE,self_fund_win,10.0,64196500.60688015,16049.125151720038,10,31492450.72018144,6676574.615036139,True,0.0,47501.83000132732,0.0,8.221832104027271e-10,47501.83000132814,0.0,31679766.58001772,47501.83000132814,11.875457500332036,0.001499437500000089,0.9999999999999827,True,True,True
SINGLE_LIKE,self_fund_win,10.0,64196500.60688015,16049.125151720038,11,31492450.72018144,5205826.822398511,True,0.0,47501.83000132732,0.0,8.221832104027271e-10,47501.83000132814,0.0,31679766.58001772,47501.83000132814,11.875457500332036,0.001499437500000089,0.9999999999999827,True,True,True
SINGLE_LIKE,self_fund_win,10.0,64196500.60688015,16049.125151720038,12,31492450.72018144,6577082.075593617,True,0.0,47501.83000132732,0.0,8.221832104027271e-10,47501.83000132814,0.0,31679766.58001772,47501.83000132814,11.875457500332036,0.001499437500000089,0.9999999999999827,True,True,True
SINGLE_LIKE,self_fund_win,10.0,64196500.60688015,16049.125151720038,13,31492450.72018144,7049286.860946401,True,0.0,47501.83000132732,0.0,8.221832104027271e-10,47501.83000132814,0.0,31679766.58001772,47501.83000132814,11.875457500332036,0.001499437500000089,0.9999999999999827,True,True,True
SINGLE_LIKE,self_fund_win,10.0,64196500.60688015,16049.125151720038,14,31492450.72018144,7001828.2242433345,True,0.0,47501.83000132732,0.0,8.221832104027271e-10,47501.83000132814,0.0,31679766.58001772,47501.83000132814,11.875457500332036,0.001499437500000089,0.9999999999999827,True,True,True
SINGLE_LIKE,self_fund_win,10.0,64196500.60688015,16049.125151720038,15,31492450.72018144,6392815.202074092,True,0.0,47501.83000132732,0.0,8.221832104027271e-10,47501.83000132814,0.0,31679766.58001772,47501.83000132814,11.875457500332036,0.001499437500000089,0.9999999999999827,True,True,True
SINGLE_LIKE,self_fund_win,10.0,64196500.60688015,16049.125151720038,16,31492450.72018144,6460439.490305816,True,0.0,47501.83000132732,0.0,8.221832104027271e-10,47501.83000132814,0.0,31679766.58001772,47501.83000132814,11.875457500332036,0.001499437500000089,0.9999999999999827,True,True,True
SINGLE_LIKE,self_fund_win,10.0,64196500.60688015,16049.125151720038,17,31492450.72018144,5517244.944932382,True,0.0,47501.83000132732,0.0,8.221832104027271e-10,47501.83000132814,0.0,31679766.58001772,47501.83000132814,11.875457500332036,0.001499437500000089,0.9999999999999827,True,True,True
SINGLE_LIKE,self_fund_win,10.0,64196500.60688015,16049.125151720038,18,31492450.72018144,5230758.71765357,True,0.0,47501.83000132732,0.0,8.221832104027271e-10,47501.83000132814,0.0,31679766.58001772,47501.83000132814,11.875457500332036,0.001499437500000089,0.9999999999999827,True,True,True
SINGLE_LIKE,self_fund_win,10.0,64196500.60688015,16049.125151720038,19,31492450.72018144,6253285.717607235,True,0.0,47501.83000132732,0.0,8.221832104027271e-10,47501.83000132814,0.0,31679766.58001772,47501.83000132814,11.875457500332036,0.001499437500000089,0.9999999999999827,True,True,True
SINGLE_LIKE,self_fund_win,10.0,64196500.60688015,16049.125151720038,20,31492450.72018144,9197603.816862613,True,0.0,47501.83000132732,0.0,8.221832104027271e-10,47501.83000132814,0.0,31679766.58001772,47501.83000132814,11.875457500332036,0.001499437500000089,0.9999999999999827,True,True,True
SINGLE_LIKE,self_fund_win,10.0,64196500.60688015,16049.125151720038,21,31492450.72018144,5998685.538144076,True,0.0,47501.83000132732,0.0,8.221832104027271e-10,47501.83000132814,0.0,31679766.58001772,47501.83000132814,11.875457500332036,0.001499437500000089,0.9999999999999827,True,True,True
SINGLE_LIKE,self_fund_win,10.0,64196500.60688015,16049.125151720038,22,31492450.72018144,5534268.741702442,True,0.0,47501.83000132732,0.0,8.221832104027271e-10,47501.83000132814,0.0,31679766.58001772,47501.83000132814,11.875457500332036,0.001499437500000089,0.9999999999999827,True,True,True
SINGLE_LIKE,self_fund_win,10.0,64196500.60688015,16049.125151720038,23,31492450.72018144,8837405.340146389,True,0.0,47501.83000132732,0.0,8.221832104027271e-10,47501.83000132814,0.0,31679766.58001772,47501.83000132814,11.875457500332036,0.001499437500000089,0.9999999999999827,True,True,True
SINGLE_LIKE,self_fund_win,10.0,64196500.60688015,16049.125151720038,24,31492450.72018144,6220997.170717887,True,0.0,47501.83000132732,0.0,8.221832104027271e-10,47501.83000132814,0.0,31679766.58001772,47501.83000132814,11.875457500332036,0.001499437500000089,0.9999999999999827,True,True,True
SINGLE_LIKE,self_fund_win,10.0,64196500.60688015,16049.125151720038,25,31492450.72018144,6457580.676432407,True,0.0,47501.83000132732,0.0,8.221832104027271e-10,47501.83000132814,0.0,31679766.58001772,47501.83000132814,11.875457500332036,0.001499437500000089,0.9999999999999827,True,True,True
SINGLE_LIKE,self_fund_win,10.0,64196500.60688015,16049.125151720038,26,31492450.72018144,5844305.053219969,True,0.0,47501.83000132732,0.0,8.221832104027271e-10,47501.83000132814,0.0,31679766.58001772,47501.83000132814,11.875457500332036,0.001499437500000089,0.9999999999999827,True,True,True
SINGLE_LIKE,self_fund_win,10.0,64196500.60688015,16049.125151720038,27,31492450.72018144,7120186.468448634,True,0.0,47501.83000132732,0.0,8.221832104027271e-10,47501.83000132814,0.0,31679766.58001772,47501.83000132814,11.875457500332036,0.001499437500000089,0.9999999999999827,True,True,True
SINGLE_LIKE,self_fund_win,10.0,64196500.60688015,16049.125151720038,28,31492450.72018144,6661097.354745662,True,0.0,47501.83000132732,0.0,8.221832104027271e-10,47501.83000132814,0.0,31679766.58001772,47501.83000132814,11.875457500332036,0.001499437500000089,0.9999999999999827,True,True,True
SINGLE_LIKE,self_fund_win,10.0,64196500.60688015,16049.125151720038,29,31492450.72018144,7900929.539906211,True,0.0,47501.83000132732,0.0,8.221832104027271e-10,47501.83000132814,0.0,31679766.58001772,47501.83000132814,11.875457500332036,0.001499437500000089,0.9999999999999827,True,True,True
SINGLE_LIKE,self_fund_win,10.0,64196500.60688015,16049.125151720038,30,31492450.72018144,7250142.08909907,True,0.0,47501.83000132732,0.0,8.221832104027271e-10,47501.83000132814,0.0,31679766.58001772,47501.83000132814,11.875457500332036,0.001499437500000089,0.9999999999999827,True,True,True
SINGLE_LIKE,self_fund_win,10.0,64196500.60688015,16049.125151720038,31,31492450.72018144,5805636.720738192,True,0.0,47501.83000132732,0.0,8.221832104027271e-10,47501.83000132814,0.0,31679766.58001772,47501.83000132814,11.875457500332036,0.001499437500000089,0.9999999999999827,True,True,True
SINGLE_LIKE,self_fund_win,10.0,64196500.60688015,16049.125151720038,32,31492450.72018144,4443678.271090187,True,0.0,47501.83000132732,0.0,8.221832104027271e-10,47501.83000132814,0.0,31679766.58001772,47501.83000132814,11.875457500332036,0.001499437500000089,0.9999999999999827,True,True,True
SINGLE_LIKE,self_fund_win,10.0,64196500.60688015,16049.125151720038,33,31492450.72018144,6923035.349133279,True,0.0,47501.83000132732,0.0,8.221832104027271e-10,47501.83000132814,0.0,31679766.58001772,47501.83000132814,11.875457500332036,0.001499437500000089,0.9999999999999827,True,True,True
SINGLE_LIKE,self_fund_win,10.0,64196500.60688015,16049.125151720038,34,31492450.72018144,4853448.742921656,True,0.0,47501.83000132732,0.0,8.221832104027271e-10,47501.83000132814,0.0,31679766.58001772,47501.83000132814,11.875457500332036,0.001499437500000089,0.9999999999999827,True,True,True
SINGLE_LIKE,self_fund_win,10.0,64196500.60688015,16049.125151720038,35,31492450.72018144,6628729.820659841,True,0.0,47501.83000132732,0.0,8.221832104027271e-10,47501.83000132814,0.0,31679766.58001772,47501.83000132814,11.875457500332036,0.001499437500000089,0.9999999999999827,True,True,True
SINGLE_LIKE,self_fund_win,10.0,64196500.60688015,16049.125151720038,36,31492450.72018144,5660752.019307313,True,0.0,47501.83000132732,0.0,8.221832104027271e-10,47501.83000132814,0.0,31679766.58001772,47501.83000132814,11.875457500332036,0.001499437500000089,0.9999999999999827,True,True,True
SINGLE_LIKE,self_fund_win,10.0,64196500.60688015,16049.125151720038,37,31492450.72018144,7850831.554184666,True,0.0,47501.83000132732,0.0,8.221832104027271e-10,47501.83000132814,0.0,31679766.58001772,47501.83000132814,11.875457500332036,0.001499437500000089,0.9999999999999827,True,True,True
SINGLE_LIKE,self_fund_win,10.0,64196500.60688015,16049.125151720038,38,31492450.72018144,6833234.464187151,True,0.0,47501.83000132732,0.0,8.221832104027271e-10,47501.83000132814,0.0,31679766.58001772,47501.83000132814,11.875457500332036,0.001499437500000089,0.9999999999999827,True,True,True
SINGLE_LIKE,self_fund_win,10.0,64196500.60688015,16049.125151720038,39,31492450.72018144,6481939.323833149,True,0.0,47501.83000132732,0.0,8.221832104027271e-10,47501.83000132814,0.0,31679766.58001772,47501.83000132814,11.875457500332036,0.001499437500000089,0.9999999999999827,True,True,True
WALL_LIKE,self_fund_win,0.5,3177434.7313179625,794.3586828294906,0,3158647.2217172477,6369225.336038279,False,0.0,4764.364789940836,0.0,-2.747583494056016e-09,4764.3647899380885,0.0,3177434.7313179625,4764.3647899380885,1.1910911974845222,0.0014994374999992167,1.0000000000005766,False,False,False
WALL_LIKE,self_fund_win,0.5,3177434.7313179625,794.3586828294906,1,3158647.2217172477,5497182.455631276,False,0.0,4764.364789940836,0.0,-2.747583494056016e-09,4764.3647899380885,0.0,3177434.7313179625,4764.3647899380885,1.1910911974845222,0.0014994374999992167,1.0000000000005766,False,False,False
WALL_LIKE,self_fund_win,0.5,3177434.7313179625,794.3586828294906,2,3158647.2217172477,7420493.433661496,False,0.0,4764.364789940836,0.0,-2.747583494056016e-09,4764.3647899380885,0.0,3177434.7313179625,4764.3647899380885,1.1910911974845222,0.0014994374999992167,1.0000000000005766,False,False,False
WALL_LIKE,self_fund_win,0.5,3177434.7313179625,794.3586828294906,3,3158647.2217172477,7131092.572750915,False,0.0,4764.364789940836,0.0,-2.747583494056016e-09,4764.3647899380885,0.0,3177434.7313179625,4764.3647899380885,1.1910911974845222,0.0014994374999992167,1.0000000000005766,False,False,False
WALL_LIKE,self_fund_win,0.5,3177434.7313179625,794.3586828294906,4,3158647.2217172477,7435679.539913033,False,0.0,4764.364789940836,0.0,-2.747583494056016e-09,4764.3647899380885,0.0,3177434.7313179625,4764.3647899380885,1.1910911974845222,0.0014994374999992167,1.0000000000005766,False,False,False
WALL_LIKE,self_fund_win,0.5,3177434.7313179625,794.3586828294906,5,3158647.2217172477,6395986.549667822,False,0.0,4764.364789940836,0.0,-2.747583494056016e-09,4764.3647899380885,0.0,3177434.7313179625,4764.3647899380885,1.1910911974845222,0.0014994374999992167,1.0000000000005766,False,False,False
WALL_LIKE,self_fund_win,0.5,3177434.7313179625,794.3586828294906,6,3158647.2217172477,6557260.486645908,False,0.0,4764.364789940836,0.0,-2.747583494056016e-09,4764.3647899380885,0.0,3177434.7313179625,4764.3647899380885,1.1910911974845222,0.0014994374999992167,1.0000000000005766,False,False,False
WALL_LIKE,self_fund_win,0.5,3177434.7313179625,794.3586828294906,7,3158647.2217172477,4999453.845196697,False,0.0,4764.364789940836,0.0,-2.747583494056016e-09,4764.3647899380885,0.0,3177434.7313179625,4764.3647899380885,1.1910911974845222,0.0014994374999992167,1.0000000000005766,False,False,False
WALL_LIKE,self_fund_win,0.5,3177434.7313179625,794.3586828294906,8,3158647.2217172477,8135999.053362954,False,0.0,4764.364789940836,0.0,-2.747583494056016e-09,4764.3647899380885,0.0,3177434.7313179625,4764.3647899380885,1.1910911974845222,0.0014994374999992167,1.0000000000005766,False,False,False
WALL_LIKE,self_fund_win,0.5,3177434.7313179625,794.3586828294906,9,3158647.2217172477,6514891.780268266,False,0.0,4764.364789940836,0.0,-2.747583494056016e-09,4764.3647899380885,0.0,3177434.7313179625,4764.3647899380885,1.1910911974845222,0.0014994374999992167,1.0000000000005766,False,False,False
WALL_LIKE,self_fund_win,0.5,3177434.7313179625,794.3586828294906,10,3158647.2217172477,7408653.342863362,False,0.0,4764.364789940836,0.0,-2.747583494056016e-09,4764.3647899380885,0.0,3177434.7313179625,4764.3647899380885,1.1910911974845222,0.0014994374999992167,1.0000000000005766,False,False,False
WALL_LIKE,self_fund_win,0.5,3177434.7313179625,794.3586828294906,11,3158647.2217172477,4902678.305624272,False,0.0,4764.364789940836,0.0,-2.747583494056016e-09,4764.3647899380885,0.0,3177434.7313179625,4764.3647899380885,1.1910911974845222,0.0014994374999992167,1.0000000000005766,False,False,False
WALL_LIKE,self_fund_win,0.5,3177434.7313179625,794.3586828294906,12,3158647.2217172477,7222541.314055364,False,0.0,4764.364789940836,0.0,-2.747583494056016e-09,4764.3647899380885,0.0,3177434.7313179625,4764.3647899380885,1.1910911974845222,0.0014994374999992167,1.0000000000005766,False,False,False
WALL_LIKE,self_fund_win,0.5,3177434.7313179625,794.3586828294906,13,3158647.2217172477,6180025.612414629,False,0.0,4764.364789940836,0.0,-2.747583494056016e-09,4764.3647899380885,0.0,3177434.7313179625,4764.3647899380885,1.1910911974845222,0.0014994374999992167,1.0000000000005766,False,False,False
WALL_LIKE,self_fund_win,0.5,3177434.7313179625,794.3586828294906,14,3158647.2217172477,6905678.17689437,False,0.0,4764.364789940836,0.0,-2.747583494056016e-09,4764.3647899380885,0.0,3177434.7313179625,4764.3647899380885,1.1910911974845222,0.0014994374999992167,1.0000000000005766,False,False,False
WALL_LIKE,self_fund_win,0.5,3177434.7313179625,794.3586828294906,15,3158647.2217172477,6941902.950598941,False,0.0,4764.364789940836,0.0,-2.747583494056016e-09,4764.3647899380885,0.0,3177434.7313179625,4764.3647899380885,1.1910911974845222,0.0014994374999992167,1.0000000000005766,False,False,False
WALL_LIKE,self_fund_win,0.5,3177434.7313179625,794.3586828294906,16,3158647.2217172477,6314437.191026778,False,0.0,4764.364789940836,0.0,-2.747583494056016e-09,4764.3647899380885,0.0,3177434.7313179625,4764.3647899380885,1.1910911974845222,0.0014994374999992167,1.0000000000005766,False,False,False
WALL_LIKE,self_fund_win,0.5,3177434.7313179625,794.3586828294906,17,3158647.2217172477,6427885.838902244,False,0.0,4764.364789940836,0.0,-2.747583494056016e-09,4764.3647899380885,0.0,3177434.7313179625,4764.3647899380885,1.1910911974845222,0.0014994374999992167,1.0000000000005766,False,False,False
WALL_LIKE,self_fund_win,0.5,3177434.7313179625,794.3586828294906,18,3158647.2217172477,7102685.672821103,False,0.0,4764.364789940836,0.0,-2.747583494056016e-09,4764.3647899380885,0.0,3177434.7313179625,4764.3647899380885,1.1910911974845222,0.0014994374999992167,1.0000000000005766,False,False,False
WALL_LIKE,self_fund_win,0.5,3177434.7313179625,794.3586828294906,19,3158647.2217172477,6537885.280503765,False,0.0,4764.364789940836,0.0,-2.747583494056016e-09,4764.3647899380885,0.0,3177434.7313179625,4764.3647899380885,1.1910911974845222,0.0014994374999992167,1.0000000000005766,False,False,False
WALL_LIKE,self_fund_win,0.5,3177434.7313179625,794.3586828294906,20,3158647.2217172477,6503000.565928261,False,0.0,4764.364789940836,0.0,-2.747583494056016e-09,4764.3647899380885,0.0,3177434.7313179625,4764.3647899380885,1.1910911974845222,0.0014994374999992167,1.0000000000005766,False,False,False
WALL_LIKE,self_fund_win,0.5,3177434.7313179625,794.3586828294906,21,3158647.2217172477,6539877.434208848,False,0.0,4764.364789940836,0.0,-2.747583494056016e-09,4764.3647899380885,0.0,3177434.7313179625,4764.3647899380885,1.1910911974845222,0.0014994374999992167,1.0000000000005766,False,False,False
WALL_LIKE,self_fund_win,0.5,3177434.7313179625,794.3586828294906,22,3158647.2217172477,7033103.36062152,False,0.0,4764.364789940836,0.0,-2.747583494056016e-09,4764.3647899380885,0.0,3177434.7313179625,4764.3647899380885,1.1910911974845222,0.0014994374999992167,1.0000000000005766,False,False,False
WALL_LIKE,self_fund_win,0.5,3177434.7313179625,794.3586828294906,23,3158647.2217172477,5350104.373708262,False,0.0,4764.364789940836,0.0,-2.747583494056016e-09,4764.3647899380885,0.0,3177434.7313179625,4764.3647899380885,1.1910911974845222,0.0014994374999992167,1.0000000000005766,False,False,False
WALL_LIKE,self_fund_win,0.5,3177434.7313179625,794.3586828294906,24,3158647.2217172477,6424102.699357992,False,0.0,4764.364789940836,0.0,-2.747583494056016e-09,4764.3647899380885,0.0,3177434.7313179625,4764.3647899380885,1.1910911974845222,0.0014994374999992167,1.0000000000005766,False,False,False
WALL_LIKE,self_fund_win,0.5,3177434.7313179625,794.3586828294906,25,3158647.2217172477,6245705.154282992,False,0.0,4764.364789940836,0.0,-2.747583494056016e-09,4764.3647899380885,0.0,3177434.7313179625,4764.3647899380885,1.1910911974845222,0.0014994374999992167,1.0000000000005766,False,False,False
WALL_LIKE,self_fund_win,0.5,3177434.7313179625,794.3586828294906,26,3158647.2217172477,6164645.60072688,False,0.0,4764.364789940836,0.0,-2.747583494056016e-09,4764.3647899380885,0.0,3177434.7313179625,4764.3647899380885,1.1910911974845222,0.0014994374999992167,1.0000000000005766,False,False,False
WALL_LIKE,self_fund_win,0.5,3177434.7313179625,794.3586828294906,27,3158647.2217172477,5763561.58345418,False,0.0,4764.364789940836,0.0,-2.747583494056016e-09,4764.3647899380885,0.0,3177434.7313179625,4764.3647899380885,1.1910911974845222,0.0014994374999992167,1.0000000000005766,False,False,False
WALL_LIKE,self_fund_win,0.5,3177434.7313179625,794.3586828294906,28,3158647.2217172477,7105746.91303222,False,0.0,4764.364789940836,0.0,-2.747583494056016e-09,4764.3647899380885,0.0,3177434.7313179625,4764.3647899380885,1.1910911974845222,0.0014994374999992167,1.0000000000005766,False,False,False
WALL_LIKE,self_fund_win,0.5,3177434.7313179625,794.3586828294906,29,3158647.2217172477,4870033.551330443,False,0.0,4764.364789940836,0.0,-2.747583494056016e-09,4764.3647899380885,0.0,3177434.7313179625,4764.3647899380885,1.1910911974845222,0.0014994374999992167,1.0000000000005766,False,False,False
WALL_LIKE,self_fund_win,0.5,3177434.7313179625,794.3586828294906,30,3158647.2217172477,6136760.251141636,False,0.0,4764.364789940836,0.0,-2.747583494056016e-09,4764.3647899380885,0.0,3177434.7313179625,4764.3647899380885,1.1910911974845222,0.0014994374999992167,1.0000000000005766,False,False,False
WALL_LIKE,self_fund_win,0.5,3177434.7313179625,794.3586828294906,31,3158647.2217172477,5710053.865873534,False,0.0,4764.364789940836,0.0,-2.747583494056016e-09,4764.3647899380885,0.0,3177434.7313179625,4764.3647899380885,1.1910911974845222,0.0014994374999992167,1.0000000000005766,False,False,False
WALL_LIKE,self_fund_win,0.5,3177434.7313179625,794.3586828294906,32,3158647.2217172477,5090223.8225222705,False,0.0,4764.364789940836,0.0,-2.747583494056016e-09,4764.3647899380885,0.0,3177434.7313179625,4764.3647899380885,1.1910911974845222,0.0014994374999992167,1.0000000000005766,False,False,False
WALL_LIKE,self_fund_win,0.5,3177434.7313179625,794.3586828294906,33,3158647.2217172477,6176591.653010857,False,0.0,4764.364789940836,0.0,-2.747583494056016e-09,4764.3647899380885,0.0,3177434.7313179625,4764.3647899380885,1.1910911974845222,0.0014994374999992167,1.0000000000005766,False,False,False
WALL_LIKE,self_fund_win,0.5,3177434.7313179625,794.3586828294906,34,3158647.2217172477,6541254.747601513,False,0.0,4764.364789940836,0.0,-2.747583494056016e-09,4764.3647899380885,0.0,3177434.7313179625,4764.3647899380885,1.1910911974845222,0.0014994374999992167,1.0000000000005766,False,False,False
WALL_LIKE,self_fund_win,0.5,3177434.7313179625,794.3586828294906,35,3158647.2217172477,5865043.047814578,False,0.0,4764.364789940836,0.0,-2.747583494056016e-09,4764.3647899380885,0.0,3177434.7313179625,4764.3647899380885,1.1910911974845222,0.0014994374999992167,1.0000000000005766,False,False,False
WALL_LIKE,self_fund_win,0.5,3177434.7313179625,794.3586828294906,36,3158647.2217172477,6040034.309724411,False,0.0,4764.364789940836,0.0,-2.747583494056016e-09,4764.3647899380885,0.0,3177434.7313179625,4764.3647899380885,1.1910911974845222,0.0014994374999992167,1.0000000000005766,False,False,False
WALL_LIKE,self_fund_win,0.5,3177434.7313179625,794.3586828294906,37,3158647.2217172477,5537279.800195372,False,0.0,4764.364789940836,0.0,-2.747583494056016e-09,4764.3647899380885,0.0,3177434.7313179625,4764.3647899380885,1.1910911974845222,0.0014994374999992167,1.0000000000005766,False,False,False
WALL_LIKE,self_fund_win,0.5,3177434.7313179625,794.3586828294906,38,3158647.2217172477,5584604.748261126,False,0.0,4764.364789940836,0.0,-2.747583494056016e-09,4764.3647899380885,0.0,3177434.7313179625,4764.3647899380885,1.1910911974845222,0.0014994374999992167,1.0000000000005766,False,False,False
WALL_LIKE,self_fund_win,0.5,3177434.7313179625,794.3586828294906,39,3158647.2217172477,6472070.601344635,False,0.0,4764.364789940836,0.0,-2.747583494056016e-09,4764.3647899380885,0.0,3177434.7313179625,4764.3647899380885,1.1910911974845222,0.0014994374999992167,1.0000000000005766,False,False,False
WALL_LIKE,self_fund_win,1.0,6354869.462635925,1588.7173656589812,0,6317294.4434344955,6830829.93969151,False,0.0,9528.72957988167,0.0,-3.6307028494775295e-09,9528.72957987804,0.0,6354869.462635925,9528.72957987804,2.38218239496951,0.0014994374999995098,1.000000000000381,False,False,False
WALL_LIKE,self_fund_win,1.0,6354869.462635925,1588.7173656589812,1,6317294.4434344955,6383595.72820214,False,0.0,9528.72957988167,0.0,-3.6307028494775295e-09,9528.72957987804,0.0,6354869.462635925,9528.72957987804,2.38218239496951,0.0014994374999995098,1.000000000000381,False,False,False
WALL_LIKE,self_fund_win,1.0,6354869.462635925,1588.7173656589812,2,6317294.4434344955,7177629.579075291,False,0.0,9528.72957988167,0.0,-3.6307028494775295e-09,9528.72957987804,0.0,6354869.462635925,9528.72957987804,2.38218239496951,0.0014994374999995098,1.000000000000381,False,False,False
WALL_LIKE,self_fund_win,1.0,6354869.462635925,1588.7173656589812,3,6317294.4434344955,6094202.82609318,True,0.0,9528.72957988167,0.0,-3.6307028494775295e-09,9528.72957987804,0.0,6354869.462635925,9528.72957987804,2.38218239496951,0.0014994374999995098,1.000000000000381,True,True,False
WALL_LIKE,self_fund_win,1.0,6354869.462635925,1588.7173656589812,4,6317294.4434344955,7419527.394698736,False,0.0,9528.72957988167,0.0,-3.6307028494775295e-09,9528.72957987804,0.0,6354869.462635925,9528.72957987804,2.38218239496951,0.0014994374999995098,1.000000000000381,False,False,False
WALL_LIKE,self_fund_win,1.0,6354869.462635925,1588.7173656589812,5,6317294.4434344955,6967795.546626625,False,0.0,9528.72957988167,0.0,-3.6307028494775295e-09,9528.72957987804,0.0,6354869.462635925,9528.72957987804,2.38218239496951,0.0014994374999995098,1.000000000000381,False,False,False
WALL_LIKE,self_fund_win,1.0,6354869.462635925,1588.7173656589812,6,6317294.4434344955,8318428.5343799135,False,0.0,9528.72957988167,0.0,-3.6307028494775295e-09,9528.72957987804,0.0,6354869.462635925,9528.72957987804,2.38218239496951,0.0014994374999995098,1.000000000000381,False,False,False
WALL_LIKE,self_fund_win,1.0,6354869.462635925,1588.7173656589812,7,6317294.4434344955,7304602.164978144,False,0.0,9528.72957988167,0.0,-3.6307028494775295e-09,9528.72957987804,0.0,6354869.462635925,9528.72957987804,2.38218239496951,0.0014994374999995098,1.000000000000381,False,False,False
WALL_LIKE,self_fund_win,1.0,6354869.462635925,1588.7173656589812,8,6317294.4434344955,6125725.482819477,True,0.0,9528.72957988167,0.0,-3.6307028494775295e-09,9528.72957987804,0.0,6354869.462635925,9528.72957987804,2.38218239496951,0.0014994374999995098,1.000000000000381,True,True,False
WALL_LIKE,self_fund_win,1.0,6354869.462635925,1588.7173656589812,9,6317294.4434344955,6574862.650516989,False,0.0,9528.72957988167,0.0,-3.6307028494775295e-09,9528.72957987804,0.0,6354869.462635925,9528.72957987804,2.38218239496951,0.0014994374999995098,1.000000000000381,False,False,False
WALL_LIKE,self_fund_win,1.0,6354869.462635925,1588.7173656589812,10,6317294.4434344955,7066640.50619872,False,0.0,9528.72957988167,0.0,-3.6307028494775295e-09,9528.72957987804,0.0,6354869.462635925,9528.72957987804,2.38218239496951,0.0014994374999995098,1.000000000000381,False,False,False
WALL_LIKE,self_fund_win,1.0,6354869.462635925,1588.7173656589812,11,6317294.4434344955,7333155.072205438,False,0.0,9528.72957988167,0.0,-3.6307028494775295e-09,9528.72957987804,0.0,6354869.462635925,9528.72957987804,2.38218239496951,0.0014994374999995098,1.000000000000381,False,False,False
WALL_LIKE,self_fund_win,1.0,6354869.462635925,1588.7173656589812,12,6317294.4434344955,5933950.059224766,True,0.0,9528.72957988167,0.0,-3.6307028494775295e-09,9528.72957987804,0.0,6354869.462635925,9528.72957987804,2.38218239496951,0.0014994374999995098,1.000000000000381,True,True,False
WALL_LIKE,self_fund_win,1.0,6354869.462635925,1588.7173656589812,13,6317294.4434344955,6479796.695570427,False,0.0,9528.72957988167,0.0,-3.6307028494775295e-09,9528.72957987804,0.0,6354869.462635925,9528.72957987804,2.38218239496951,0.0014994374999995098,1.000000000000381,False,False,False
WALL_LIKE,self_fund_win,1.0,6354869.462635925,1588.7173656589812,14,6317294.4434344955,6060867.430471114,True,0.0,9528.72957988167,0.0,-3.6307028494775295e-09,9528.72957987804,0.0,6354869.462635925,9528.72957987804,2.38218239496951,0.0014994374999995098,1.000000000000381,True,True,False
WALL_LIKE,self_fund_win,1.0,6354869.462635925,1588.7173656589812,15,6317294.4434344955,7344561.262247464,False,0.0,9528.72957988167,0.0,-3.6307028494775295e-09,9528.72957987804,0.0,6354869.462635925,9528.72957987804,2.38218239496951,0.0014994374999995098,1.000000000000381,False,False,False
WALL_LIKE,self_fund_win,1.0,6354869.462635925,1588.7173656589812,16,6317294.4434344955,6203263.761852473,True,0.0,9528.72957988167,0.0,-3.6307028494775295e-09,9528.72957987804,0.0,6354869.462635925,9528.72957987804,2.38218239496951,0.0014994374999995098,1.000000000000381,True,True,False
WALL_LIKE,self_fund_win,1.0,6354869.462635925,1588.7173656589812,17,6317294.4434344955,7379266.090417444,False,0.0,9528.72957988167,0.0,-3.6307028494775295e-09,9528.72957987804,0.0,6354869.462635925,9528.72957987804,2.38218239496951,0.0014994374999995098,1.000000000000381,False,False,False
WALL_LIKE,self_fund_win,1.0,6354869.462635925,1588.7173656589812,18,6317294.4434344955,5772031.820324447,True,0.0,9528.72957988167,0.0,-3.6307028494775295e-09,9528.72957987804,0.0,6354869.462635925,9528.72957987804,2.38218239496951,0.0014994374999995098,1.000000000000381,True,True,False
WALL_LIKE,self_fund_win,1.0,6354869.462635925,1588.7173656589812,19,6317294.4434344955,6240696.1450364,True,0.0,9528.72957988167,0.0,-3.6307028494775295e-09,9528.72957987804,0.0,6354869.462635925,9528.72957987804,2.38218239496951,0.0014994374999995098,1.000000000000381,True,True,False
WALL_LIKE,self_fund_win,1.0,6354869.462635925,1588.7173656589812,20,6317294.4434344955,5934611.217288706,True,0.0,9528.72957988167,0.0,-3.6307028494775295e-09,9528.72957987804,0.0,6354869.462635925,9528.72957987804,2.38218239496951,0.0014994374999995098,1.000000000000381,True,True,False
WALL_LIKE,self_fund_win,1.0,6354869.462635925,1588.7173656589812,21,6317294.4434344955,6285696.973791785,True,0.0,9528.72957988167,0.0,-3.6307028494775295e-09,9528.72957987804,0.0,6354869.462635925,9528.72957987804,2.38218239496951,0.0014994374999995098,1.000000000000381,True,True,False
WALL_LIKE,self_fund_win,1.0,6354869.462635925,1588.7173656589812,22,6317294.4434344955,6188857.467040077,True,0.0,9528.72957988167,0.0,-3.6307028494775295e-09,9528.72957987804,0.0,6354869.462635925,9528.72957987804,2.38218239496951,0.0014994374999995098,1.000000000000381,True,True,False
WALL_LIKE,self_fund_win,1.0,6354869.462635925,1588.7173656589812,23,6317294.4434344955,7024071.080084788,False,0.0,9528.72957988167,0.0,-3.6307028494775295e-09,9528.72957987804,0.0,6354869.462635925,9528.72957987804,2.38218239496951,0.0014994374999995098,1.000000000000381,False,False,False
WALL_LIKE,self_fund_win,1.0,6354869.462635925,1588.7173656589812,24,6317294.4434344955,7461751.0131032625,False,0.0,9528.72957988167,0.0,-3.6307028494775295e-09,9528.72957987804,0.0,6354869.462635925,9528.72957987804,2.38218239496951,0.0014994374999995098,1.000000000000381,False,False,False
WALL_LIKE,self_fund_win,1.0,6354869.462635925,1588.7173656589812,25,6317294.4434344955,5988706.907156648,True,0.0,9528.72957988167,0.0,-3.6307028494775295e-09,9528.72957987804,0.0,6354869.462635925,9528.72957987804,2.38218239496951,0.0014994374999995098,1.000000000000381,True,True,False
WALL_LIKE,self_fund_win,1.0,6354869.462635925,1588.7173656589812,26,6317294.4434344955,7747929.709867072,False,0.0,9528.72957988167,0.0,-3.6307028494775295e-09,9528.72957987804,0.0,6354869.462635925,9528.72957987804,2.38218239496951,0.0014994374999995098,1.000000000000381,False,False,False
WALL_LIKE,self_fund_win,1.0,6354869.462635925,1588.7173656589812,27,6317294.4434344955,5970251.754356942,True,0.0,9528.72957988167,0.0,-3.6307028494775295e-09,9528.72957987804,0.0,6354869.462635925,9528.72957987804,2.38218239496951,0.0014994374999995098,1.000000000000381,True,True,False
WALL_LIKE,self_fund_win,1.0,6354869.462635925,1588.7173656589812,28,6317294.4434344955,6330053.082724573,False,0.0,9528.72957988167,0.0,-3.6307028494775295e-09,9528.72957987804,0.0,6354869.462635925,9528.72957987804,2.38218239496951,0.0014994374999995098,1.000000000000381,False,False,False
WALL_LIKE,self_fund_win,1.0,6354869.462635925,1588.7173656589812,29,6317294.4434344955,7531845.084391724,False,0.0,9528.72957988167,0.0,-3.6307028494775295e-09,9528.72957987804,0.0,6354869.462635925,9528.72957987804,2.38218239496951,0.0014994374999995098,1.000000000000381,False,False,False
WALL_LIKE,self_fund_win,1.0,6354869.462635925,1588.7173656589812,30,6317294.4434344955,6777597.163006686,False,0.0,9528.72957988167,0.0,-3.6307028494775295e-09,9528.72957987804,0.0,6354869.462635925,9528.72957987804,2.38218239496951,0.0014994374999995098,1.000000000000381,False,False,False
WALL_LIKE,self_fund_win,1.0,6354869.462635925,1588.7173656589812,31,6317294.4434344955,4720949.090162627,True,0.0,9528.72957988167,0.0,-3.6307028494775295e-09,9528.72957987804,0.0,6354869.462635925,9528.72957987804,2.38218239496951,0.0014994374999995098,1.000000000000381,True,True,False
WALL_LIKE,self_fund_win,1.0,6354869.462635925,1588.7173656589812,32,6317294.4434344955,7378949.968837668,False,0.0,9528.72957988167,0.0,-3.6307028494775295e-09,9528.72957987804,0.0,6354869.462635925,9528.72957987804,2.38218239496951,0.0014994374999995098,1.000000000000381,False,False,False
WALL_LIKE,self_fund_win,1.0,6354869.462635925,1588.7173656589812,33,6317294.4434344955,6177382.979284192,True,0.0,9528.72957988167,0.0,-3.6307028494775295e-09,9528.72957987804,0.0,6354869.462635925,9528.72957987804,2.38218239496951,0.0014994374999995098,1.000000000000381,True,True,False
WALL_LIKE,self_fund_win,1.0,6354869.462635925,1588.7173656589812,34,6317294.4434344955,4721570.90384638,True,0.0,9528.72957988167,0.0,-3.6307028494775295e-09,9528.72957987804,0.0,6354869.462635925,9528.72957987804,2.38218239496951,0.0014994374999995098,1.000000000000381,True,True,False
WALL_LIKE,self_fund_win,1.0,6354869.462635925,1588.7173656589812,35,6317294.4434344955,7286573.621504879,False,0.0,9528.72957988167,0.0,-3.6307028494775295e-09,9528.72957987804,0.0,6354869.462635925,9528.72957987804,2.38218239496951,0.0014994374999995098,1.000000000000381,False,False,False
WALL_LIKE,self_fund_win,1.0,6354869.462635925,1588.7173656589812,36,6317294.4434344955,6741700.090530903,False,0.0,9528.72957988167,0.0,-3.6307028494775295e-09,9528.72957987804,0.0,6354869.462635925,9528.72957987804,2.38218239496951,0.0014994374999995098,1.000000000000381,False,False,False
WALL_LIKE,self_fund_win,1.0,6354869.462635925,1588.7173656589812,37,6317294.4434344955,6022662.602977843,True,0.0,9528.72957988167,0.0,-3.6307028494775295e-09,9528.72957987804,0.0,6354869.462635925,9528.72957987804,2.38218239496951,0.0014994374999995098,1.000000000000381,True,True,False
WALL_LIKE,self_fund_win,1.0,6354869.462635925,1588.7173656589812,38,6317294.4434344955,5666155.2950393455,True,0.0,9528.72957988167,0.0,-3.6307028494775295e-09,9528.72957987804,0.0,6354869.462635925,9528.72957987804,2.38218239496951,0.0014994374999995098,1.000000000000381,True,True,False
WALL_LIKE,self_fund_win,1.0,6354869.462635925,1588.7173656589812,39,6317294.4434344955,7265952.722566346,False,0.0,9528.72957988167,0.0,-3.6307028494775295e-09,9528.72957987804,0.0,6354869.462635925,9528.72957987804,2.38218239496951,0.0014994374999995098,1.000000000000381,False,False,False
WALL_LIKE,self_fund_win,2.0,12709738.92527185,3177.4347313179624,0,12634588.886868991,7943683.342537333,True,0.0,19057.45915976334,0.0,-3.536115400493145e-09,19057.459159759805,0.0,12709738.92527185,19057.459159759805,4.764364789939951,0.0014994374999998028,1.0000000000001856,True,True,True
WALL_LIKE,self_fund_win,2.0,12709738.92527185,3177.4347313179624,1,12634588.886868991,6845362.801882595,True,0.0,19057.45915976334,0.0,-3.536115400493145e-09,19057.459159759805,0.0,12709738.92527185,19057.459159759805,4.764364789939951,0.0014994374999998028,1.0000000000001856,True,True,True
WALL_LIKE,self_fund_win,2.0,12709738.92527185,3177.4347313179624,2,12634588.886868991,5903397.121010864,True,0.0,19057.45915976334,0.0,-3.536115400493145e-09,19057.459159759805,0.0,12709738.92527185,19057.459159759805,4.764364789939951,0.0014994374999998028,1.0000000000001856,True,True,True
WALL_LIKE,self_fund_win,2.0,12709738.92527185,3177.4347313179624,3,12634588.886868991,8767538.247933226,True,0.0,19057.45915976334,0.0,-3.536115400493145e-09,19057.459159759805,0.0,12709738.92527185,19057.459159759805,4.764364789939951,0.0014994374999998028,1.0000000000001856,True,True,True
WALL_LIKE,self_fund_win,2.0,12709738.92527185,3177.4347313179624,4,12634588.886868991,5128859.231679642,True,0.0,19057.45915976334,0.0,-3.536115400493145e-09,19057.459159759805,0.0,12709738.92527185,19057.459159759805,4.764364789939951,0.0014994374999998028,1.0000000000001856,True,True,True
WALL_LIKE,self_fund_win,2.0,12709738.92527185,3177.4347313179624,5,12634588.886868991,6497687.572031651,True,0.0,19057.45915976334,0.0,-3.536115400493145e-09,19057.459159759805,0.0,12709738.92527185,19057.459159759805,4.764364789939951,0.0014994374999998028,1.0000000000001856,True,True,True
WALL_LIKE,self_fund_win,2.0,12709738.92527185,3177.4347313179624,6,12634588.886868991,7302394.219304126,True,0.0,19057.45915976334,0.0,-3.536115400493145e-09,19057.459159759805,0.0,12709738.92527185,19057.459159759805,4.764364789939951,0.0014994374999998028,1.0000000000001856,True,True,True
WALL_LIKE,self_fund_win,2.0,12709738.92527185,3177.4347313179624,7,12634588.886868991,7099605.87389045,True,0.0,19057.45915976334,0.0,-3.536115400493145e-09,19057.459159759805,0.0,12709738.92527185,19057.459159759805,4.764364789939951,0.0014994374999998028,1.0000000000001856,True,True,True
WALL_LIKE,self_fund_win,2.0,12709738.92527185,3177.4347313179624,8,12634588.886868991,5945762.115994329,True,0.0,19057.45915976334,0.0,-3.536115400493145e-09,19057.459159759805,0.0,12709738.92527185,19057.459159759805,4.764364789939951,0.0014994374999998028,1.0000000000001856,True,True,True
WALL_LIKE,self_fund_win,2.0,12709738.92527185,3177.4347313179624,9,12634588.886868991,5624015.017991481,True,0.0,19057.45915976334,0.0,-3.536115400493145e-09,19057.459159759805,0.0,12709738.92527185,19057.459159759805,4.764364789939951,0.0014994374999998028,1.0000000000001856,True,True,True
WALL_LIKE,self_fund_win,2.0,12709738.92527185,3177.4347313179624,10,12634588.886868991,6071999.505958168,True,0.0,19057.45915976334,0.0,-3.536115400493145e-09,19057.459159759805,0.0,12709738.92527185,19057.459159759805,4.764364789939951,0.0014994374999998028,1.0000000000001856,True,True,True
WALL_LIKE,self_fund_win,2.0,12709738.92527185,3177.4347313179624,11,12634588.886868991,6938955.43282337,True,0.0,19057.45915976334,0.0,-3.536115400493145e-09,19057.459159759805,0.0,12709738.92527185,19057.459159759805,4.764364789939951,0.0014994374999998028,1.0000000000001856,True,True,True
WALL_LIKE,self_fund_win,2.0,12709738.92527185,3177.4347313179624,12,12634588.886868991,7583739.015981438,True,0.0,19057.45915976334,0.0,-3.536115400493145e-09,19057.459159759805,0.0,12709738.92527185,19057.459159759805,4.764364789939951,0.0014994374999998028,1.0000000000001856,True,True,True
WALL_LIKE,self_fund_win,2.0,12709738.92527185,3177.4347313179624,13,12634588.886868991,5970702.011751131,True,0.0,19057.45915976334,0.0,-3.536115400493145e-09,19057.459159759805,0.0,12709738.92527185,19057.459159759805,4.764364789939951,0.0014994374999998028,1.0000000000001856,True,True,True
WALL_LIKE,self_fund_win,2.0,12709738.92527185,3177.4347313179624,14,12634588.886868991,6947374.181024533,True,0.0,19057.45915976334,0.0,-3.536115400493145e-09,19057.459159759805,0.0,12709738.92527185,19057.459159759805,4.764364789939951,0.0014994374999998028,1.0000000000001856,True,True,True
WALL_LIKE,self_fund_win,2.0,12709738.92527185,3177.4347313179624,15,12634588.886868991,6215261.949139936,True,0.0,19057.45915976334,0.0,-3.536115400493145e-09,19057.459159759805,0.0,12709738.92527185,19057.459159759805,4.764364789939951,0.0014994374999998028,1.0000000000001856,True,True,True
WALL_LIKE,self_fund_win,2.0,12709738.92527185,3177.4347313179624,16,12634588.886868991,5564043.096960532,True,0.0,19057.45915976334,0.0,-3.536115400493145e-09,19057.459159759805,0.0,12709738.92527185,19057.459159759805,4.764364789939951,0.0014994374999998028,1.0000000000001856,True,True,True
WALL_LIKE,self_fund_win,2.0,12709738.92527185,3177.4347313179624,17,12634588.886868991,6055173.900618448,True,0.0,19057.45915976334,0.0,-3.536115400493145e-09,19057.459159759805,0.0,12709738.92527185,19057.459159759805,4.764364789939951,0.0014994374999998028,1.0000000000001856,True,True,True
WALL_LIKE,self_fund_win,2.0,12709738.92527185,3177.4347313179624,18,12634588.886868991,7911345.460195225,True,0.0,19057.45915976334,0.0,-3.536115400493145e-09,19057.459159759805,0.0,12709738.92527185,19057.459159759805,4.764364789939951,0.0014994374999998028,1.0000000000001856,True,True,True
WALL_LIKE,self_fund_win,2.0,12709738.92527185,3177.4347313179624,19,12634588.886868991,6320142.245518427,True,0.0,19057.45915976334,0.0,-3.536115400493145e-09,19057.459159759805,0.0,12709738.92527185,19057.459159759805,4.764364789939951,0.0014994374999998028,1.0000000000001856,True,True,True
WALL_LIKE,self_fund_win,2.0,12709738.92527185,3177.4347313179624,20,12634588.886868991,7342697.271030865,True,0.0,19057.45915976334,0.0,-3.536115400493145e-09,19057.459159759805,0.0,12709738.92527185,19057.459159759805,4.764364789939951,0.0014994374999998028,1.0000000000001856,True,True,True
WALL_LIKE,self_fund_win,2.0,12709738.92527185,3177.4347313179624,21,12634588.886868991,6128317.373648874,True,0.0,19057.45915976334,0.0,-3.536115400493145e-09,19057.459159759805,0.0,12709738.92527185,19057.459159759805,4.764364789939951,0.0014994374999998028,1.0000000000001856,True,True,True
WALL_LIKE,self_fund_win,2.0,12709738.92527185,3177.4347313179624,22,12634588.886868991,6400636.051125635,True,0.0,19057.45915976334,0.0,-3.536115400493145e-09,19057.459159759805,0.0,12709738.92527185,19057.459159759805,4.764364789939951,0.0014994374999998028,1.0000000000001856,True,True,True
WALL_LIKE,self_fund_win,2.0,12709738.92527185,3177.4347313179624,23,12634588.886868991,5235938.0955884345,True,0.0,19057.45915976334,0.0,-3.536115400493145e-09,19057.459159759805,0.0,12709738.92527185,19057.459159759805,4.764364789939951,0.0014994374999998028,1.0000000000001856,True,True,True
WALL_LIKE,self_fund_win,2.0,12709738.92527185,3177.4347313179624,24,12634588.886868991,7333490.663236735,True,0.0,19057.45915976334,0.0,-3.536115400493145e-09,19057.459159759805,0.0,12709738.92527185,19057.459159759805,4.764364789939951,0.0014994374999998028,1.0000000000001856,True,True,True
WALL_LIKE,self_fund_win,2.0,12709738.92527185,3177.4347313179624,25,12634588.886868991,7028751.92548478,True,0.0,19057.45915976334,0.0,-3.536115400493145e-09,19057.459159759805,0.0,12709738.92527185,19057.459159759805,4.764364789939951,0.0014994374999998028,1.0000000000001856,True,True,True
WALL_LIKE,self_fund_win,2.0,12709738.92527185,3177.4347313179624,26,12634588.886868991,5862789.309166392,True,0.0,19057.45915976334,0.0,-3.536115400493145e-09,19057.459159759805,0.0,12709738.92527185,19057.459159759805,4.764364789939951,0.0014994374999998028,1.0000000000001856,True,True,True
WALL_LIKE,self_fund_win,2.0,12709738.92527185,3177.4347313179624,27,12634588.886868991,6336117.642287862,True,0.0,19057.45915976334,0.0,-3.536115400493145e-09,19057.459159759805,0.0,12709738.92527185,19057.459159759805,4.764364789939951,0.0014994374999998028,1.0000000000001856,True,True,True
WALL_LIKE,self_fund_win,2.0,12709738.92527185,3177.4347313179624,28,12634588.886868991,7695816.970514793,True,0.0,19057.45915976334,0.0,-3.536115400493145e-09,19057.459159759805,0.0,12709738.92527185,19057.459159759805,4.764364789939951,0.0014994374999998028,1.0000000000001856,True,True,True
WALL_LIKE,self_fund_win,2.0,12709738.92527185,3177.4347313179624,29,12634588.886868991,5809470.013192908,True,0.0,19057.45915976334,0.0,-3.536115400493145e-09,19057.459159759805,0.0,12709738.92527185,19057.459159759805,4.764364789939951,0.0014994374999998028,1.0000000000001856,True,True,True
WALL_LIKE,self_fund_win,2.0,12709738.92527185,3177.4347313179624,30,12634588.886868991,7293342.135881901,True,0.0,19057.45915976334,0.0,-3.536115400493145e-09,19057.459159759805,0.0,12709738.92527185,19057.459159759805,4.764364789939951,0.0014994374999998028,1.0000000000001856,True,True,True
WALL_LIKE,self_fund_win,2.0,12709738.92527185,3177.4347313179624,31,12634588.886868991,7354424.2483042255,True,0.0,19057.45915976334,0.0,-3.536115400493145e-09,19057.459159759805,0.0,12709738.92527185,19057.459159759805,4.764364789939951,0.0014994374999998028,1.0000000000001856,True,True,True
WALL_LIKE,self_fund_win,2.0,12709738.92527185,3177.4347313179624,32,12634588.886868991,6458775.420596525,True,0.0,19057.45915976334,0.0,-3.536115400493145e-09,19057.459159759805,0.0,12709738.92527185,19057.459159759805,4.764364789939951,0.0014994374999998028,1.0000000000001856,True,True,True
WALL_LIKE,self_fund_win,2.0,12709738.92527185,3177.4347313179624,33,12634588.886868991,5466695.657083736,True,0.0,19057.45915976334,0.0,-3.536115400493145e-09,19057.459159759805,0.0,12709738.92527185,19057.459159759805,4.764364789939951,0.0014994374999998028,1.0000000000001856,True,True,True
WALL_LIKE,self_fund_win,2.0,12709738.92527185,3177.4347313179624,34,12634588.886868991,7297749.360462262,True,0.0,19057.45915976334,0.0,-3.536115400493145e-09,19057.459159759805,0.0,12709738.92527185,19057.459159759805,4.764364789939951,0.0014994374999998028,1.0000000000001856,True,True,True
WALL_LIKE,self_fund_win,2.0,12709738.92527185,3177.4347313179624,35,12634588.886868991,7143945.185814547,True,0.0,19057.45915976334,0.0,-3.536115400493145e-09,19057.459159759805,0.0,12709738.92527185,19057.459159759805,4.764364789939951,0.0014994374999998028,1.0000000000001856,True,True,True
WALL_LIKE,self_fund_win,2.0,12709738.92527185,3177.4347313179624,36,12634588.886868991,6448707.367265265,True,0.0,19057.45915976334,0.0,-3.536115400493145e-09,19057.459159759805,0.0,12709738.92527185,19057.459159759805,4.764364789939951,0.0014994374999998028,1.0000000000001856,True,True,True
WALL_LIKE,self_fund_win,2.0,12709738.92527185,3177.4347313179624,37,12634588.886868991,8010775.048718498,True,0.0,19057.45915976334,0.0,-3.536115400493145e-09,19057.459159759805,0.0,12709738.92527185,19057.459159759805,4.764364789939951,0.0014994374999998028,1.0000000000001856,True,True,True
WALL_LIKE,self_fund_win,2.0,12709738.92527185,3177.4347313179624,38,12634588.886868991,5841822.252330702,True,0.0,19057.45915976334,0.0,-3.536115400493145e-09,19057.459159759805,0.0,12709738.92527185,19057.459159759805,4.764364789939951,0.0014994374999998028,1.0000000000001856,True,True,True
WALL_LIKE,self_fund_win,2.0,12709738.92527185,3177.4347313179624,39,12634588.886868991,5723783.181354773,True,0.0,19057.45915976334,0.0,-3.536115400493145e-09,19057.459159759805,0.0,12709738.92527185,19057.459159759805,4.764364789939951,0.0014994374999998028,1.0000000000001856,True,True,True
WALL_LIKE,self_fund_win,5.0,31774347.313179627,7943.586828294907,0,31586472.21717248,5695612.984107134,True,0.0,47643.64789940648,0.0,-2.3137545213103294e-09,47643.64789940417,0.0,31774347.313179627,47643.64789940417,11.910911974851043,0.0014994374999999494,1.0000000000000486,True,True,True
WALL_LIKE,self_fund_win,5.0,31774347.313179627,7943.586828294907,1,31586472.21717248,6801844.971873401,True,0.0,47643.64789940648,0.0,-2.3137545213103294e-09,47643.64789940417,0.0,31774347.313179627,47643.64789940417,11.910911974851043,0.0014994374999999494,1.0000000000000486,True,True,True
WALL_LIKE,self_fund_win,5.0,31774347.313179627,7943.586828294907,2,31586472.21717248,6961851.183834155,True,0.0,47643.64789940648,0.0,-2.3137545213103294e-09,47643.64789940417,0.0,31774347.313179627,47643.64789940417,11.910911974851043,0.0014994374999999494,1.0000000000000486,True,True,True
WALL_LIKE,self_fund_win,5.0,31774347.313179627,7943.586828294907,3,31586472.21717248,5819267.797172575,True,0.0,47643.64789940648,0.0,-2.3137545213103294e-09,47643.64789940417,0.0,31774347.313179627,47643.64789940417,11.910911974851043,0.0014994374999999494,1.0000000000000486,True,True,True
WALL_LIKE,self_fund_win,5.0,31774347.313179627,7943.586828294907,4,31586472.21717248,5741404.250297029,True,0.0,47643.64789940648,0.0,-2.3137545213103294e-09,47643.64789940417,0.0,31774347.313179627,47643.64789940417,11.910911974851043,0.0014994374999999494,1.0000000000000486,True,True,True
WALL_LIKE,self_fund_win,5.0,31774347.313179627,7943.586828294907,5,31586472.21717248,6049726.799932628,True,0.0,47643.64789940648,0.0,-2.3137545213103294e-09,47643.64789940417,0.0,31774347.313179627,47643.64789940417,11.910911974851043,0.0014994374999999494,1.0000000000000486,True,True,True
WALL_LIKE,self_fund_win,5.0,31774347.313179627,7943.586828294907,6,31586472.21717248,5687107.414243838,True,0.0,47643.64789940648,0.0,-2.3137545213103294e-09,47643.64789940417,0.0,31774347.313179627,47643.64789940417,11.910911974851043,0.0014994374999999494,1.0000000000000486,True,True,True
WALL_LIKE,self_fund_win,5.0,31774347.313179627,7943.586828294907,7,31586472.21717248,6744890.313094605,True,0.0,47643.64789940648,0.0,-2.3137545213103294e-09,47643.64789940417,0.0,31774347.313179627,47643.64789940417,11.910911974851043,0.0014994374999999494,1.0000000000000486,True,True,True
WALL_LIKE,self_fund_win,5.0,31774347.313179627,7943.586828294907,8,31586472.21717248,8218585.040195791,True,0.0,47643.64789940648,0.0,-2.3137545213103294e-09,47643.64789940417,0.0,31774347.313179627,47643.64789940417,11.910911974851043,0.0014994374999999494,1.0000000000000486,True,True,True
WALL_LIKE,self_fund_win,5.0,31774347.313179627,7943.586828294907,9,31586472.21717248,5293314.987890395,True,0.0,47643.64789940648,0.0,-2.3137545213103294e-09,47643.64789940417,0.0,31774347.313179627,47643.64789940417,11.910911974851043,0.0014994374999999494,1.0000000000000486,True,True,True
WALL_LIKE,self_fund_win,5.0,31774347.313179627,7943.586828294907,10,31586472.21717248,6977404.94099473,True,0.0,47643.64789940648,0.0,-2.3137545213103294e-09,47643.64789940417,0.0,31774347.313179627,47643.64789940417,11.910911974851043,0.0014994374999999494,1.0000000000000486,True,True,True
WALL_LIKE,self_fund_win,5.0,31774347.313179627,7943.586828294907,11,31586472.21717248,6935881.305904515,True,0.0,47643.64789940648,0.0,-2.3137545213103294e-09,47643.64789940417,0.0,31774347.313179627,47643.64789940417,11.910911974851043,0.0014994374999999494,1.0000000000000486,True,True,True
WALL_LIKE,self_fund_win,5.0,31774347.313179627,7943.586828294907,12,31586472.21717248,6497816.7625792,True,0.0,47643.64789940648,0.0,-2.3137545213103294e-09,47643.64789940417,0.0,31774347.313179627,47643.64789940417,11.910911974851043,0.0014994374999999494,1.0000000000000486,True,True,True
WALL_LIKE,self_fund_win,5.0,31774347.313179627,7943.586828294907,13,31586472.21717248,6380401.285081619,True,0.0,47643.64789940648,0.0,-2.3137545213103294e-09,47643.64789940417,0.0,31774347.313179627,47643.64789940417,11.910911974851043,0.0014994374999999494,1.0000000000000486,True,True,True
WALL_LIKE,self_fund_win,5.0,31774347.313179627,7943.586828294907,14,31586472.21717248,7568681.254285997,True,0.0,47643.64789940648,0.0,-2.3137545213103294e-09,47643.64789940417,0.0,31774347.313179627,47643.64789940417,11.910911974851043,0.0014994374999999494,1.0000000000000486,True,True,True
WALL_LIKE,self_fund_win,5.0,31774347.313179627,7943.586828294907,15,31586472.21717248,5951353.937038317,True,0.0,47643.64789940648,0.0,-2.3137545213103294e-09,47643.64789940417,0.0,31774347.313179627,47643.64789940417,11.910911974851043,0.0014994374999999494,1.0000000000000486,True,True,True
WALL_LIKE,self_fund_win,5.0,31774347.313179627,7943.586828294907,16,31586472.21717248,7086094.324846863,True,0.0,47643.64789940648,0.0,-2.3137545213103294e-09,47643.64789940417,0.0,31774347.313179627,47643.64789940417,11.910911974851043,0.0014994374999999494,1.0000000000000486,True,True,True
WALL_LIKE,self_fund_win,5.0,31774347.313179627,7943.586828294907,17,31586472.21717248,7091699.1596718095,True,0.0,47643.64789940648,0.0,-2.3137545213103294e-09,47643.64789940417,0.0,31774347.313179627,47643.64789940417,11.910911974851043,0.0014994374999999494,1.0000000000000486,True,True,True
WALL_LIKE,self_fund_win,5.0,31774347.313179627,7943.586828294907,18,31586472.21717248,6411260.020759818,True,0.0,47643.64789940648,0.0,-2.3137545213103294e-09,47643.64789940417,0.0,31774347.313179627,47643.64789940417,11.910911974851043,0.0014994374999999494,1.0000000000000486,True,True,True
WALL_LIKE,self_fund_win,5.0,31774347.313179627,7943.586828294907,19,31586472.21717248,5448148.633688162,True,0.0,47643.64789940648,0.0,-2.3137545213103294e-09,47643.64789940417,0.0,31774347.313179627,47643.64789940417,11.910911974851043,0.0014994374999999494,1.0000000000000486,True,True,True
WALL_LIKE,self_fund_win,5.0,31774347.313179627,7943.586828294907,20,31586472.21717248,8661968.700348858,True,0.0,47643.64789940648,0.0,-2.3137545213103294e-09,47643.64789940417,0.0,31774347.313179627,47643.64789940417,11.910911974851043,0.0014994374999999494,1.0000000000000486,True,True,True
WALL_LIKE,self_fund_win,5.0,31774347.313179627,7943.586828294907,21,31586472.21717248,5583460.024920303,True,0.0,47643.64789940648,0.0,-2.3137545213103294e-09,47643.64789940417,0.0,31774347.313179627,47643.64789940417,11.910911974851043,0.0014994374999999494,1.0000000000000486,True,True,True
WALL_LIKE,self_fund_win,5.0,31774347.313179627,7943.586828294907,22,31586472.21717248,6013379.5238782,True,0.0,47643.64789940648,0.0,-2.3137545213103294e-09,47643.64789940417,0.0,31774347.313179627,47643.64789940417,11.910911974851043,0.0014994374999999494,1.0000000000000486,True,True,True
WALL_LIKE,self_fund_win,5.0,31774347.313179627,7943.586828294907,23,31586472.21717248,6488066.847360372,True,0.0,47643.64789940648,0.0,-2.3137545213103294e-09,47643.64789940417,0.0,31774347.313179627,47643.64789940417,11.910911974851043,0.0014994374999999494,1.0000000000000486,True,True,True
WALL_LIKE,self_fund_win,5.0,31774347.313179627,7943.586828294907,24,31586472.21717248,5360800.101817737,True,0.0,47643.64789940648,0.0,-2.3137545213103294e-09,47643.64789940417,0.0,31774347.313179627,47643.64789940417,11.910911974851043,0.0014994374999999494,1.0000000000000486,True,True,True
WALL_LIKE,self_fund_win,5.0,31774347.313179627,7943.586828294907,25,31586472.21717248,6207655.071653819,True,0.0,47643.64789940648,0.0,-2.3137545213103294e-09,47643.64789940417,0.0,31774347.313179627,47643.64789940417,11.910911974851043,0.0014994374999999494,1.0000000000000486,True,True,True
WALL_LIKE,self_fund_win,5.0,31774347.313179627,7943.586828294907,26,31586472.21717248,5283663.111022276,True,0.0,47643.64789940648,0.0,-2.3137545213103294e-09,47643.64789940417,0.0,31774347.313179627,47643.64789940417,11.910911974851043,0.0014994374999999494,1.0000000000000486,True,True,True
WALL_LIKE,self_fund_win,5.0,31774347.313179627,7943.586828294907,27,31586472.21717248,6262805.905976242,True,0.0,47643.64789940648,0.0,-2.3137545213103294e-09,47643.64789940417,0.0,31774347.313179627,47643.64789940417,11.910911974851043,0.0014994374999999494,1.0000000000000486,True,True,True
WALL_LIKE,self_fund_win,5.0,31774347.313179627,7943.586828294907,28,31586472.21717248,6695747.661571242,True,0.0,47643.64789940648,0.0,-2.3137545213103294e-09,47643.64789940417,0.0,31774347.313179627,47643.64789940417,11.910911974851043,0.0014994374999999494,1.0000000000000486,True,True,True
WALL_LIKE,self_fund_win,5.0,31774347.313179627,7943.586828294907,29,31586472.21717248,6416249.275192993,True,0.0,47643.64789940648,0.0,-2.3137545213103294e-09,47643.64789940417,0.0,31774347.313179627,47643.64789940417,11.910911974851043,0.0014994374999999494,1.0000000000000486,True,True,True
WALL_LIKE,self_fund_win,5.0,31774347.313179627,7943.586828294907,30,31586472.21717248,5854380.9450841015,True,0.0,47643.64789940648,0.0,-2.3137545213103294e-09,47643.64789940417,0.0,31774347.313179627,47643.64789940417,11.910911974851043,0.0014994374999999494,1.0000000000000486,True,True,True
WALL_LIKE,self_fund_win,5.0,31774347.313179627,7943.586828294907,31,31586472.21717248,6390112.086300754,True,0.0,47643.64789940648,0.0,-2.3137545213103294e-09,47643.64789940417,0.0,31774347.313179627,47643.64789940417,11.910911974851043,0.0014994374999999494,1.0000000000000486,True,True,True
WALL_LIKE,self_fund_win,5.0,31774347.313179627,7943.586828294907,32,31586472.21717248,5795704.171724597,True,0.0,47643.64789940648,0.0,-2.3137545213103294e-09,47643.64789940417,0.0,31774347.313179627,47643.64789940417,11.910911974851043,0.0014994374999999494,1.0000000000000486,True,True,True
WALL_LIKE,self_fund_win,5.0,31774347.313179627,7943.586828294907,33,31586472.21717248,6207067.233474128,True,0.0,47643.64789940648,0.0,-2.3137545213103294e-09,47643.64789940417,0.0,31774347.313179627,47643.64789940417,11.910911974851043,0.0014994374999999494,1.0000000000000486,True,True,True
WALL_LIKE,self_fund_win,5.0,31774347.313179627,7943.586828294907,34,31586472.21717248,6379457.02345806,True,0.0,47643.64789940648,0.0,-2.3137545213103294e-09,47643.64789940417,0.0,31774347.313179627,47643.64789940417,11.910911974851043,0.0014994374999999494,1.0000000000000486,True,True,True
WALL_LIKE,self_fund_win,5.0,31774347.313179627,7943.586828294907,35,31586472.21717248,6901503.7459349735,True,0.0,47643.64789940648,0.0,-2.3137545213103294e-09,47643.64789940417,0.0,31774347.313179627,47643.64789940417,11.910911974851043,0.0014994374999999494,1.0000000000000486,True,True,True
WALL_LIKE,self_fund_win,5.0,31774347.313179627,7943.586828294907,36,31586472.21717248,7386235.774251817,True,0.0,47643.64789940648,0.0,-2.3137545213103294e-09,47643.64789940417,0.0,31774347.313179627,47643.64789940417,11.910911974851043,0.0014994374999999494,1.0000000000000486,True,True,True
WALL_LIKE,self_fund_win,5.0,31774347.313179627,7943.586828294907,37,31586472.21717248,7545590.435917641,True,0.0,47643.64789940648,0.0,-2.3137545213103294e-09,47643.64789940417,0.0,31774347.313179627,47643.64789940417,11.910911974851043,0.0014994374999999494,1.0000000000000486,True,True,True
WALL_LIKE,self_fund_win,5.0,31774347.313179627,7943.586828294907,38,31586472.21717248,7595015.829214633,True,0.0,47643.64789940648,0.0,-2.3137545213103294e-09,47643.64789940417,0.0,31774347.313179627,47643.64789940417,11.910911974851043,0.0014994374999999494,1.0000000000000486,True,True,True
WALL_LIKE,self_fund_win,5.0,31774347.313179627,7943.586828294907,39,31586472.21717248,7891109.700169685,True,0.0,47643.64789940648,0.0,-2.3137545213103294e-09,47643.64789940417,0.0,31774347.313179627,47643.64789940417,11.910911974851043,0.0014994374999999494,1.0000000000000486,True,True,True
WALL_LIKE,self_fund_win,10.0,63548694.626359254,15887.173656589814,0,63172944.43434496,6140794.409599086,True,0.0,95287.29579881296,0.0,-4.627509042620659e-09,95287.29579880834,0.0,63548694.626359254,95287.29579880834,23.821823949702086,0.0014994374999999494,1.0000000000000486,True,True,True
WALL_LIKE,self_fund_win,10.0,63548694.626359254,15887.173656589814,1,63172944.43434496,6710912.019813004,True,0.0,95287.29579881296,0.0,-4.627509042620659e-09,95287.29579880834,0.0,63548694.626359254,95287.29579880834,23.821823949702086,0.0014994374999999494,1.0000000000000486,True,True,True
WALL_LIKE,self_fund_win,10.0,63548694.626359254,15887.173656589814,2,63172944.43434496,6864314.369958488,True,0.0,95287.29579881296,0.0,-4.627509042620659e-09,95287.29579880834,0.0,63548694.626359254,95287.29579880834,23.821823949702086,0.0014994374999999494,1.0000000000000486,True,True,True
WALL_LIKE,self_fund_win,10.0,63548694.626359254,15887.173656589814,3,63172944.43434496,6155225.302609012,True,0.0,95287.29579881296,0.0,-4.627509042620659e-09,95287.29579880834,0.0,63548694.626359254,95287.29579880834,23.821823949702086,0.0014994374999999494,1.0000000000000486,True,True,True
WALL_LIKE,self_fund_win,10.0,63548694.626359254,15887.173656589814,4,63172944.43434496,5417549.936185932,True,0.0,95287.29579881296,0.0,-4.627509042620659e-09,95287.29579880834,0.0,63548694.626359254,95287.29579880834,23.821823949702086,0.0014994374999999494,1.0000000000000486,True,True,True
WALL_LIKE,self_fund_win,10.0,63548694.626359254,15887.173656589814,5,63172944.43434496,7089789.561381635,True,0.0,95287.29579881296,0.0,-4.627509042620659e-09,95287.29579880834,0.0,63548694.626359254,95287.29579880834,23.821823949702086,0.0014994374999999494,1.0000000000000486,True,True,True
WALL_LIKE,self_fund_win,10.0,63548694.626359254,15887.173656589814,6,63172944.43434496,5506634.959275363,True,0.0,95287.29579881296,0.0,-4.627509042620659e-09,95287.29579880834,0.0,63548694.626359254,95287.29579880834,23.821823949702086,0.0014994374999999494,1.0000000000000486,True,True,True
WALL_LIKE,self_fund_win,10.0,63548694.626359254,15887.173656589814,7,63172944.43434496,6178940.436737925,True,0.0,95287.29579881296,0.0,-4.627509042620659e-09,95287.29579880834,0.0,63548694.626359254,95287.29579880834,23.821823949702086,0.0014994374999999494,1.0000000000000486,True,True,True
WALL_LIKE,self_fund_win,10.0,63548694.626359254,15887.173656589814,8,63172944.43434496,7005237.515860989,True,0.0,95287.29579881296,0.0,-4.627509042620659e-09,95287.29579880834,0.0,63548694.626359254,95287.29579880834,23.821823949702086,0.0014994374999999494,1.0000000000000486,True,True,True
WALL_LIKE,self_fund_win,10.0,63548694.626359254,15887.173656589814,9,63172944.43434496,7358796.635359046,True,0.0,95287.29579881296,0.0,-4.627509042620659e-09,95287.29579880834,0.0,63548694.626359254,95287.29579880834,23.821823949702086,0.0014994374999999494,1.0000000000000486,True,True,True
WALL_LIKE,self_fund_win,10.0,63548694.626359254,15887.173656589814,10,63172944.43434496,6311787.73312012,True,0.0,95287.29579881296,0.0,-4.627509042620659e-09,95287.29579880834,0.0,63548694.626359254,95287.29579880834,23.821823949702086,0.0014994374999999494,1.0000000000000486,True,True,True
WALL_LIKE,self_fund_win,10.0,63548694.626359254,15887.173656589814,11,63172944.43434496,6452414.163993198,True,0.0,95287.29579881296,0.0,-4.627509042620659e-09,95287.29579880834,0.0,63548694.626359254,95287.29579880834,23.821823949702086,0.0014994374999999494,1.0000000000000486,True,True,True
WALL_LIKE,self_fund_win,10.0,63548694.626359254,15887.173656589814,12,63172944.43434496,5717856.605023005,True,0.0,95287.29579881296,0.0,-4.627509042620659e-09,95287.29579880834,0.0,63548694.626359254,95287.29579880834,23.821823949702086,0.0014994374999999494,1.0000000000000486,True,True,True
WALL_LIKE,self_fund_win,10.0,63548694.626359254,15887.173656589814,13,63172944.43434496,5479805.711495279,True,0.0,95287.29579881296,0.0,-4.627509042620659e-09,95287.29579880834,0.0,63548694.626359254,95287.29579880834,23.821823949702086,0.0014994374999999494,1.0000000000000486,True,True,True
WALL_LIKE,self_fund_win,10.0,63548694.626359254,15887.173656589814,14,63172944.43434496,6602973.115230215,True,0.0,95287.29579881296,0.0,-4.627509042620659e-09,95287.29579880834,0.0,63548694.626359254,95287.29579880834,23.821823949702086,0.0014994374999999494,1.0000000000000486,True,True,True
WALL_LIKE,self_fund_win,10.0,63548694.626359254,15887.173656589814,15,63172944.43434496,7888452.1988020865,True,0.0,95287.29579881296,0.0,-4.627509042620659e-09,95287.29579880834,0.0,63548694.626359254,95287.29579880834,23.821823949702086,0.0014994374999999494,1.0000000000000486,True,True,True
WALL_LIKE,self_fund_win,10.0,63548694.626359254,15887.173656589814,16,63172944.43434496,6478758.775731317,True,0.0,95287.29579881296,0.0,-4.627509042620659e-09,95287.29579880834,0.0,63548694.626359254,95287.29579880834,23.821823949702086,0.0014994374999999494,1.0000000000000486,True,True,True
WALL_LIKE,self_fund_win,10.0,63548694.626359254,15887.173656589814,17,63172944.43434496,6535860.519121251,True,0.0,95287.29579881296,0.0,-4.627509042620659e-09,95287.29579880834,0.0,63548694.626359254,95287.29579880834,23.821823949702086,0.0014994374999999494,1.0000000000000486,True,True,True
WALL_LIKE,self_fund_win,10.0,63548694.626359254,15887.173656589814,18,63172944.43434496,6370688.4500702415,True,0.0,95287.29579881296,0.0,-4.627509042620659e-09,95287.29579880834,0.0,63548694.626359254,95287.29579880834,23.821823949702086,0.0014994374999999494,1.0000000000000486,True,True,True
WALL_LIKE,self_fund_win,10.0,63548694.626359254,15887.173656589814,19,63172944.43434496,5661845.342808085,True,0.0,95287.29579881296,0.0,-4.627509042620659e-09,95287.29579880834,0.0,63548694.626359254,95287.29579880834,23.821823949702086,0.0014994374999999494,1.0000000000000486,True,True,True
WALL_LIKE,self_fund_win,10.0,63548694.626359254,15887.173656589814,20,63172944.43434496,7059981.954742812,True,0.0,95287.29579881296,0.0,-4.627509042620659e-09,95287.29579880834,0.0,63548694.626359254,95287.29579880834,23.821823949702086,0.0014994374999999494,1.0000000000000486,True,True,True
WALL_LIKE,self_fund_win,10.0,63548694.626359254,15887.173656589814,21,63172944.43434496,5449695.776687419,True,0.0,95287.29579881296,0.0,-4.627509042620659e-09,95287.29579880834,0.0,63548694.626359254,95287.29579880834,23.821823949702086,0.0014994374999999494,1.0000000000000486,True,True,True
WALL_LIKE,self_fund_win,10.0,63548694.626359254,15887.173656589814,22,63172944.43434496,7006168.450571752,True,0.0,95287.29579881296,0.0,-4.627509042620659e-09,95287.29579880834,0.0,63548694.626359254,95287.29579880834,23.821823949702086,0.0014994374999999494,1.0000000000000486,True,True,True
WALL_LIKE,self_fund_win,10.0,63548694.626359254,15887.173656589814,23,63172944.43434496,6379591.2549390765,True,0.0,95287.29579881296,0.0,-4.627509042620659e-09,95287.29579880834,0.0,63548694.626359254,95287.29579880834,23.821823949702086,0.0014994374999999494,1.0000000000000486,True,True,True
WALL_LIKE,self_fund_win,10.0,63548694.626359254,15887.173656589814,24,63172944.43434496,6233752.847069591,True,0.0,95287.29579881296,0.0,-4.627509042620659e-09,95287.29579880834,0.0,63548694.626359254,95287.29579880834,23.821823949702086,0.0014994374999999494,1.0000000000000486,True,True,True
WALL_LIKE,self_fund_win,10.0,63548694.626359254,15887.173656589814,25,63172944.43434496,4774496.452716891,True,0.0,95287.29579881296,0.0,-4.627509042620659e-09,95287.29579880834,0.0,63548694.626359254,95287.29579880834,23.821823949702086,0.0014994374999999494,1.0000000000000486,True,True,True
WALL_LIKE,self_fund_win,10.0,63548694.626359254,15887.173656589814,26,63172944.43434496,5842114.929224401,True,0.0,95287.29579881296,0.0,-4.627509042620659e-09,95287.29579880834,0.0,63548694.626359254,95287.29579880834,23.821823949702086,0.0014994374999999494,1.0000000000000486,True,True,True
WALL_LIKE,self_fund_win,10.0,63548694.626359254,15887.173656589814,27,63172944.43434496,6490288.691849212,True,0.0,95287.29579881296,0.0,-4.627509042620659e-09,95287.29579880834,0.0,63548694.626359254,95287.29579880834,23.821823949702086,0.0014994374999999494,1.0000000000000486,True,True,True
WALL_LIKE,self_fund_win,10.0,63548694.626359254,15887.173656589814,28,63172944.43434496,5120523.192464099,True,0.0,95287.29579881296,0.0,-4.627509042620659e-09,95287.29579880834,0.0,63548694.626359254,95287.29579880834,23.821823949702086,0.0014994374999999494,1.0000000000000486,True,True,True
WALL_LIKE,self_fund_win,10.0,63548694.626359254,15887.173656589814,29,63172944.43434496,7929834.618045451,True,0.0,95287.29579881296,0.0,-4.627509042620659e-09,95287.29579880834,0.0,63548694.626359254,95287.29579880834,23.821823949702086,0.0014994374999999494,1.0000000000000486,True,True,True
WALL_LIKE,self_fund_win,10.0,63548694.626359254,15887.173656589814,30,63172944.43434496,6016389.5573578505,True,0.0,95287.29579881296,0.0,-4.627509042620659e-09,95287.29579880834,0.0,63548694.626359254,95287.29579880834,23.821823949702086,0.0014994374999999494,1.0000000000000486,True,True,True
WALL_LIKE,self_fund_win,10.0,63548694.626359254,15887.173656589814,31,63172944.43434496,5772535.966390682,True,0.0,95287.29579881296,0.0,-4.627509042620659e-09,95287.29579880834,0.0,63548694.626359254,95287.29579880834,23.821823949702086,0.0014994374999999494,1.0000000000000486,True,True,True
WALL_LIKE,self_fund_win,10.0,63548694.626359254,15887.173656589814,32,63172944.43434496,7236128.0424602255,True,0.0,95287.29579881296,0.0,-4.627509042620659e-09,95287.29579880834,0.0,63548694.626359254,95287.29579880834,23.821823949702086,0.0014994374999999494,1.0000000000000486,True,True,True
WALL_LIKE,self_fund_win,10.0,63548694.626359254,15887.173656589814,33,63172944.43434496,7042774.774664378,True,0.0,95287.29579881296,0.0,-4.627509042620659e-09,95287.29579880834,0.0,63548694.626359254,95287.29579880834,23.821823949702086,0.0014994374999999494,1.0000000000000486,True,True,True
WALL_LIKE,self_fund_win,10.0,63548694.626359254,15887.173656589814,34,63172944.43434496,7797932.655261285,True,0.0,95287.29579881296,0.0,-4.627509042620659e-09,95287.29579880834,0.0,63548694.626359254,95287.29579880834,23.821823949702086,0.0014994374999999494,1.0000000000000486,True,True,True
WALL_LIKE,self_fund_win,10.0,63548694.626359254,15887.173656589814,35,63172944.43434496,6662162.954777798,True,0.0,95287.29579881296,0.0,-4.627509042620659e-09,95287.29579880834,0.0,63548694.626359254,95287.29579880834,23.821823949702086,0.0014994374999999494,1.0000000000000486,True,True,True
WALL_LIKE,self_fund_win,10.0,63548694.626359254,15887.173656589814,36,63172944.43434496,7672943.827283272,True,0.0,95287.29579881296,0.0,-4.627509042620659e-09,95287.29579880834,0.0,63548694.626359254,95287.29579880834,23.821823949702086,0.0014994374999999494,1.0000000000000486,True,True,True
WALL_LIKE,self_fund_win,10.0,63548694.626359254,15887.173656589814,37,63172944.43434496,6842007.96912898,True,0.0,95287.29579881296,0.0,-4.627509042620659e-09,95287.29579880834,0.0,63548694.626359254,95287.29579880834,23.821823949702086,0.0014994374999999494,1.0000000000000486,True,True,True
WALL_LIKE,self_fund_win,10.0,63548694.626359254,15887.173656589814,38,63172944.43434496,7773937.824251054,True,0.0,95287.29579881296,0.0,-4.627509042620659e-09,95287.29579880834,0.0,63548694.626359254,95287.29579880834,23.821823949702086,0.0014994374999999494,1.0000000000000486,True,True,True
WALL_LIKE,self_fund_win,10.0,63548694.626359254,15887.173656589814,39,63172944.43434496,6498685.881007716,True,0.0,95287.29579881296,0.0,-4.627509042620659e-09,95287.29579880834,0.0,63548694.626359254,95287.29579880834,23.821823949702086,0.0014994374999999494,1.0000000000000486,True,True,True
GENTLE_LIKE,self_fund_win,0.5,3041149.637315888,760.287409328972,0,3023167.95308328,6040806.095554675,False,0.0,4560.013809302958,0.0,-6.020854925736785e-10,4560.013809302356,0.0,3041149.637315888,4560.013809302356,1.140003452325589,0.0014994374999998403,1.0000000000001321,False,False,False
GENTLE_LIKE,self_fund_win,0.5,3041149.637315888,760.287409328972,1,3023167.95308328,8895780.294778032,False,0.0,4560.013809302958,0.0,-6.020854925736785e-10,4560.013809302356,0.0,3041149.637315888,4560.013809302356,1.140003452325589,0.0014994374999998403,1.0000000000001321,False,False,False
GENTLE_LIKE,self_fund_win,0.5,3041149.637315888,760.287409328972,2,3023167.95308328,5713976.973743994,False,0.0,4560.013809302958,0.0,-6.020854925736785e-10,4560.013809302356,0.0,3041149.637315888,4560.013809302356,1.140003452325589,0.0014994374999998403,1.0000000000001321,False,False,False
GENTLE_LIKE,self_fund_win,0.5,3041149.637315888,760.287409328972,3,3023167.95308328,6177572.522645601,False,0.0,4560.013809302958,0.0,-6.020854925736785e-10,4560.013809302356,0.0,3041149.637315888,4560.013809302356,1.140003452325589,0.0014994374999998403,1.0000000000001321,False,False,False
GENTLE_LIKE,self_fund_win,0.5,3041149.637315888,760.287409328972,4,3023167.95308328,4543998.014814025,False,0.0,4560.013809302958,0.0,-6.020854925736785e-10,4560.013809302356,0.0,3041149.637315888,4560.013809302356,1.140003452325589,0.0014994374999998403,1.0000000000001321,False,False,False
GENTLE_LIKE,self_fund_win,0.5,3041149.637315888,760.287409328972,5,3023167.95308328,6315599.086786181,False,0.0,4560.013809302958,0.0,-6.020854925736785e-10,4560.013809302356,0.0,3041149.637315888,4560.013809302356,1.140003452325589,0.0014994374999998403,1.0000000000001321,False,False,False
GENTLE_LIKE,self_fund_win,0.5,3041149.637315888,760.287409328972,6,3023167.95308328,6498244.896364239,False,0.0,4560.013809302958,0.0,-6.020854925736785e-10,4560.013809302356,0.0,3041149.637315888,4560.013809302356,1.140003452325589,0.0014994374999998403,1.0000000000001321,False,False,False
GENTLE_LIKE,self_fund_win,0.5,3041149.637315888,760.287409328972,7,3023167.95308328,5298571.465671975,False,0.0,4560.013809302958,0.0,-6.020854925736785e-10,4560.013809302356,0.0,3041149.637315888,4560.013809302356,1.140003452325589,0.0014994374999998403,1.0000000000001321,False,False,False
GENTLE_LIKE,self_fund_win,0.5,3041149.637315888,760.287409328972,8,3023167.95308328,7357329.555312823,False,0.0,4560.013809302958,0.0,-6.020854925736785e-10,4560.013809302356,0.0,3041149.637315888,4560.013809302356,1.140003452325589,0.0014994374999998403,1.0000000000001321,False,False,False
GENTLE_LIKE,self_fund_win,0.5,3041149.637315888,760.287409328972,9,3023167.95308328,7347874.355377942,False,0.0,4560.013809302958,0.0,-6.020854925736785e-10,4560.013809302356,0.0,3041149.637315888,4560.013809302356,1.140003452325589,0.0014994374999998403,1.0000000000001321,False,False,False
GENTLE_LIKE,self_fund_win,0.5,3041149.637315888,760.287409328972,10,3023167.95308328,7295396.898388302,False,0.0,4560.013809302958,0.0,-6.020854925736785e-10,4560.013809302356,0.0,3041149.637315888,4560.013809302356,1.140003452325589,0.0014994374999998403,1.0000000000001321,False,False,False
GENTLE_LIKE,self_fund_win,0.5,3041149.637315888,760.287409328972,11,3023167.95308328,5263208.460642524,False,0.0,4560.013809302958,0.0,-6.020854925736785e-10,4560.013809302356,0.0,3041149.637315888,4560.013809302356,1.140003452325589,0.0014994374999998403,1.0000000000001321,False,False,False
GENTLE_LIKE,self_fund_win,0.5,3041149.637315888,760.287409328972,12,3023167.95308328,8214846.806024486,False,0.0,4560.013809302958,0.0,-6.020854925736785e-10,4560.013809302356,0.0,3041149.637315888,4560.013809302356,1.140003452325589,0.0014994374999998403,1.0000000000001321,False,False,False
GENTLE_LIKE,self_fund_win,0.5,3041149.637315888,760.287409328972,13,3023167.95308328,8195720.17309401,False,0.0,4560.013809302958,0.0,-6.020854925736785e-10,4560.013809302356,0.0,3041149.637315888,4560.013809302356,1.140003452325589,0.0014994374999998403,1.0000000000001321,False,False,False
GENTLE_LIKE,self_fund_win,0.5,3041149.637315888,760.287409328972,14,3023167.95308328,6910343.22987151,False,0.0,4560.013809302958,0.0,-6.020854925736785e-10,4560.013809302356,0.0,3041149.637315888,4560.013809302356,1.140003452325589,0.0014994374999998403,1.0000000000001321,False,False,False
GENTLE_LIKE,self_fund_win,0.5,3041149.637315888,760.287409328972,15,3023167.95308328,6316724.792769997,False,0.0,4560.013809302958,0.0,-6.020854925736785e-10,4560.013809302356,0.0,3041149.637315888,4560.013809302356,1.140003452325589,0.0014994374999998403,1.0000000000001321,False,False,False
GENTLE_LIKE,self_fund_win,0.5,3041149.637315888,760.287409328972,16,3023167.95308328,7087670.009286891,False,0.0,4560.013809302958,0.0,-6.020854925736785e-10,4560.013809302356,0.0,3041149.637315888,4560.013809302356,1.140003452325589,0.0014994374999998403,1.0000000000001321,False,False,False
GENTLE_LIKE,self_fund_win,0.5,3041149.637315888,760.287409328972,17,3023167.95308328,6529939.321639926,False,0.0,4560.013809302958,0.0,-6.020854925736785e-10,4560.013809302356,0.0,3041149.637315888,4560.013809302356,1.140003452325589,0.0014994374999998403,1.0000000000001321,False,False,False
GENTLE_LIKE,self_fund_win,0.5,3041149.637315888,760.287409328972,18,3023167.95308328,7313608.135253922,False,0.0,4560.013809302958,0.0,-6.020854925736785e-10,4560.013809302356,0.0,3041149.637315888,4560.013809302356,1.140003452325589,0.0014994374999998403,1.0000000000001321,False,False,False
GENTLE_LIKE,self_fund_win,0.5,3041149.637315888,760.287409328972,19,3023167.95308328,6490546.304922679,False,0.0,4560.013809302958,0.0,-6.020854925736785e-10,4560.013809302356,0.0,3041149.637315888,4560.013809302356,1.140003452325589,0.0014994374999998403,1.0000000000001321,False,False,False
GENTLE_LIKE,self_fund_win,0.5,3041149.637315888,760.287409328972,20,3023167.95308328,6793691.540978919,False,0.0,4560.013809302958,0.0,-6.020854925736785e-10,4560.013809302356,0.0,3041149.637315888,4560.013809302356,1.140003452325589,0.0014994374999998403,1.0000000000001321,False,False,False
GENTLE_LIKE,self_fund_win,0.5,3041149.637315888,760.287409328972,21,3023167.95308328,5992874.003562056,False,0.0,4560.013809302958,0.0,-6.020854925736785e-10,4560.013809302356,0.0,3041149.637315888,4560.013809302356,1.140003452325589,0.0014994374999998403,1.0000000000001321,False,False,False
GENTLE_LIKE,self_fund_win,0.5,3041149.637315888,760.287409328972,22,3023167.95308328,5427421.06489621,False,0.0,4560.013809302958,0.0,-6.020854925736785e-10,4560.013809302356,0.0,3041149.637315888,4560.013809302356,1.140003452325589,0.0014994374999998403,1.0000000000001321,False,False,False
GENTLE_LIKE,self_fund_win,0.5,3041149.637315888,760.287409328972,23,3023167.95308328,7821302.29912423,False,0.0,4560.013809302958,0.0,-6.020854925736785e-10,4560.013809302356,0.0,3041149.637315888,4560.013809302356,1.140003452325589,0.0014994374999998403,1.0000000000001321,False,False,False
GENTLE_LIKE,self_fund_win,0.5,3041149.637315888,760.287409328972,24,3023167.95308328,7800311.764057371,False,0.0,4560.013809302958,0.0,-6.020854925736785e-10,4560.013809302356,0.0,3041149.637315888,4560.013809302356,1.140003452325589,0.0014994374999998403,1.0000000000001321,False,False,False
GENTLE_LIKE,self_fund_win,0.5,3041149.637315888,760.287409328972,25,3023167.95308328,6298476.092768888,False,0.0,4560.013809302958,0.0,-6.020854925736785e-10,4560.013809302356,0.0,3041149.637315888,4560.013809302356,1.140003452325589,0.0014994374999998403,1.0000000000001321,False,False,False
GENTLE_LIKE,self_fund_win,0.5,3041149.637315888,760.287409328972,26,3023167.95308328,5286914.898544151,False,0.0,4560.013809302958,0.0,-6.020854925736785e-10,4560.013809302356,0.0,3041149.637315888,4560.013809302356,1.140003452325589,0.0014994374999998403,1.0000000000001321,False,False,False
GENTLE_LIKE,self_fund_win,0.5,3041149.637315888,760.287409328972,27,3023167.95308328,7770303.456617906,False,0.0,4560.013809302958,0.0,-6.020854925736785e-10,4560.013809302356,0.0,3041149.637315888,4560.013809302356,1.140003452325589,0.0014994374999998403,1.0000000000001321,False,False,False
GENTLE_LIKE,self_fund_win,0.5,3041149.637315888,760.287409328972,28,3023167.95308328,6743990.923682507,False,0.0,4560.013809302958,0.0,-6.020854925736785e-10,4560.013809302356,0.0,3041149.637315888,4560.013809302356,1.140003452325589,0.0014994374999998403,1.0000000000001321,False,False,False
GENTLE_LIKE,self_fund_win,0.5,3041149.637315888,760.287409328972,29,3023167.95308328,8755333.250222253,False,0.0,4560.013809302958,0.0,-6.020854925736785e-10,4560.013809302356,0.0,3041149.637315888,4560.013809302356,1.140003452325589,0.0014994374999998403,1.0000000000001321,False,False,False
GENTLE_LIKE,self_fund_win,0.5,3041149.637315888,760.287409328972,30,3023167.95308328,7807357.980074404,False,0.0,4560.013809302958,0.0,-6.020854925736785e-10,4560.013809302356,0.0,3041149.637315888,4560.013809302356,1.140003452325589,0.0014994374999998403,1.0000000000001321,False,False,False
GENTLE_LIKE,self_fund_win,0.5,3041149.637315888,760.287409328972,31,3023167.95308328,5618881.05411416,False,0.0,4560.013809302958,0.0,-6.020854925736785e-10,4560.013809302356,0.0,3041149.637315888,4560.013809302356,1.140003452325589,0.0014994374999998403,1.0000000000001321,False,False,False
GENTLE_LIKE,self_fund_win,0.5,3041149.637315888,760.287409328972,32,3023167.95308328,6976991.165653772,False,0.0,4560.013809302958,0.0,-6.020854925736785e-10,4560.013809302356,0.0,3041149.637315888,4560.013809302356,1.140003452325589,0.0014994374999998403,1.0000000000001321,False,False,False
GENTLE_LIKE,self_fund_win,0.5,3041149.637315888,760.287409328972,33,3023167.95308328,7125272.7986682365,False,0.0,4560.013809302958,0.0,-6.020854925736785e-10,4560.013809302356,0.0,3041149.637315888,4560.013809302356,1.140003452325589,0.0014994374999998403,1.0000000000001321,False,False,False
GENTLE_LIKE,self_fund_win,0.5,3041149.637315888,760.287409328972,34,3023167.95308328,6425976.875697873,False,0.0,4560.013809302958,0.0,-6.020854925736785e-10,4560.013809302356,0.0,3041149.637315888,4560.013809302356,1.140003452325589,0.0014994374999998403,1.0000000000001321,False,False,False
GENTLE_LIKE,self_fund_win,0.5,3041149.637315888,760.287409328972,35,3023167.95308328,5857494.266919337,False,0.0,4560.013809302958,0.0,-6.020854925736785e-10,4560.013809302356,0.0,3041149.637315888,4560.013809302356,1.140003452325589,0.0014994374999998403,1.0000000000001321,False,False,False
GENTLE_LIKE,self_fund_win,0.5,3041149.637315888,760.287409328972,36,3023167.95308328,7468559.3503632955,False,0.0,4560.013809302958,0.0,-6.020854925736785e-10,4560.013809302356,0.0,3041149.637315888,4560.013809302356,1.140003452325589,0.0014994374999998403,1.0000000000001321,False,False,False
GENTLE_LIKE,self_fund_win,0.5,3041149.637315888,760.287409328972,37,3023167.95308328,6018812.564162704,False,0.0,4560.013809302958,0.0,-6.020854925736785e-10,4560.013809302356,0.0,3041149.637315888,4560.013809302356,1.140003452325589,0.0014994374999998403,1.0000000000001321,False,False,False
GENTLE_LIKE,self_fund_win,0.5,3041149.637315888,760.287409328972,38,3023167.95308328,5848977.836751887,False,0.0,4560.013809302958,0.0,-6.020854925736785e-10,4560.013809302356,0.0,3041149.637315888,4560.013809302356,1.140003452325589,0.0014994374999998403,1.0000000000001321,False,False,False
GENTLE_LIKE,self_fund_win,0.5,3041149.637315888,760.287409328972,39,3023167.95308328,6417444.464042611,False,0.0,4560.013809302958,0.0,-6.020854925736785e-10,4560.013809302356,0.0,3041149.637315888,4560.013809302356,1.140003452325589,0.0014994374999998403,1.0000000000001321,False,False,False
GENTLE_LIKE,self_fund_win,1.0,6082299.274631776,1520.574818657944,0,6046335.90616656,7068666.638434018,False,0.0,9120.027618605916,0.0,-2.7284841053187847e-10,9120.027618605644,0.0,6082299.274631776,9120.027618605644,2.280006904651411,0.0014994374999999934,1.00000000000003,False,False,False
GENTLE_LIKE,self_fund_win,1.0,6082299.274631776,1520.574818657944,1,6046335.90616656,5445917.153649051,True,0.0,9120.027618605916,0.0,-2.7284841053187847e-10,9120.027618605644,0.0,6082299.274631776,9120.027618605644,2.280006904651411,0.0014994374999999934,1.00000000000003,True,True,False
GENTLE_LIKE,self_fund_win,1.0,6082299.274631776,1520.574818657944,2,6046335.90616656,7385370.977617364,False,0.0,9120.027618605916,0.0,-2.7284841053187847e-10,9120.027618605644,0.0,6082299.274631776,9120.027618605644,2.280006904651411,0.0014994374999999934,1.00000000000003,False,False,False
GENTLE_LIKE,self_fund_win,1.0,6082299.274631776,1520.574818657944,3,6046335.90616656,6870744.511740811,False,0.0,9120.027618605916,0.0,-2.7284841053187847e-10,9120.027618605644,0.0,6082299.274631776,9120.027618605644,2.280006904651411,0.0014994374999999934,1.00000000000003,False,False,False
GENTLE_LIKE,self_fund_win,1.0,6082299.274631776,1520.574818657944,4,6046335.90616656,6898390.111818809,False,0.0,9120.027618605916,0.0,-2.7284841053187847e-10,9120.027618605644,0.0,6082299.274631776,9120.027618605644,2.280006904651411,0.0014994374999999934,1.00000000000003,False,False,False
GENTLE_LIKE,self_fund_win,1.0,6082299.274631776,1520.574818657944,5,6046335.90616656,6620011.775141368,False,0.0,9120.027618605916,0.0,-2.7284841053187847e-10,9120.027618605644,0.0,6082299.274631776,9120.027618605644,2.280006904651411,0.0014994374999999934,1.00000000000003,False,False,False
GENTLE_LIKE,self_fund_win,1.0,6082299.274631776,1520.574818657944,6,6046335.90616656,6864876.031036471,False,0.0,9120.027618605916,0.0,-2.7284841053187847e-10,9120.027618605644,0.0,6082299.274631776,9120.027618605644,2.280006904651411,0.0014994374999999934,1.00000000000003,False,False,False
GENTLE_LIKE,self_fund_win,1.0,6082299.274631776,1520.574818657944,7,6046335.90616656,6366033.307902001,False,0.0,9120.027618605916,0.0,-2.7284841053187847e-10,9120.027618605644,0.0,6082299.274631776,9120.027618605644,2.280006904651411,0.0014994374999999934,1.00000000000003,False,False,False
GENTLE_LIKE,self_fund_win,1.0,6082299.274631776,1520.574818657944,8,6046335.90616656,7090393.763512827,False,0.0,9120.027618605916,0.0,-2.7284841053187847e-10,9120.027618605644,0.0,6082299.274631776,9120.027618605644,2.280006904651411,0.0014994374999999934,1.00000000000003,False,False,False
GENTLE_LIKE,self_fund_win,1.0,6082299.274631776,1520.574818657944,9,6046335.90616656,6228680.209609371,False,0.0,9120.027618605916,0.0,-2.7284841053187847e-10,9120.027618605644,0.0,6082299.274631776,9120.027618605644,2.280006904651411,0.0014994374999999934,1.00000000000003,False,False,False
GENTLE_LIKE,self_fund_win,1.0,6082299.274631776,1520.574818657944,10,6046335.90616656,7094508.168159479,False,0.0,9120.027618605916,0.0,-2.7284841053187847e-10,9120.027618605644,0.0,6082299.274631776,9120.027618605644,2.280006904651411,0.0014994374999999934,1.00000000000003,False,False,False
GENTLE_LIKE,self_fund_win,1.0,6082299.274631776,1520.574818657944,11,6046335.90616656,6487703.565842527,False,0.0,9120.027618605916,0.0,-2.7284841053187847e-10,9120.027618605644,0.0,6082299.274631776,9120.027618605644,2.280006904651411,0.0014994374999999934,1.00000000000003,False,False,False
GENTLE_LIKE,self_fund_win,1.0,6082299.274631776,1520.574818657944,12,6046335.90616656,5766389.731808446,True,0.0,9120.027618605916,0.0,-2.7284841053187847e-10,9120.027618605644,0.0,6082299.274631776,9120.027618605644,2.280006904651411,0.0014994374999999934,1.00000000000003,True,True,False
GENTLE_LIKE,self_fund_win,1.0,6082299.274631776,1520.574818657944,13,6046335.90616656,5455380.276913027,True,0.0,9120.027618605916,0.0,-2.7284841053187847e-10,9120.027618605644,0.0,6082299.274631776,9120.027618605644,2.280006904651411,0.0014994374999999934,1.00000000000003,True,True,False
GENTLE_LIKE,self_fund_win,1.0,6082299.274631776,1520.574818657944,14,6046335.90616656,6870949.578409002,False,0.0,9120.027618605916,0.0,-2.7284841053187847e-10,9120.027618605644,0.0,6082299.274631776,9120.027618605644,2.280006904651411,0.0014994374999999934,1.00000000000003,False,False,False
GENTLE_LIKE,self_fund_win,1.0,6082299.274631776,1520.574818657944,15,6046335.90616656,6819958.9407502,False,0.0,9120.027618605916,0.0,-2.7284841053187847e-10,9120.027618605644,0.0,6082299.274631776,9120.027618605644,2.280006904651411,0.0014994374999999934,1.00000000000003,False,False,False
GENTLE_LIKE,self_fund_win,1.0,6082299.274631776,1520.574818657944,16,6046335.90616656,5648422.755794003,True,0.0,9120.027618605916,0.0,-2.7284841053187847e-10,9120.027618605644,0.0,6082299.274631776,9120.027618605644,2.280006904651411,0.0014994374999999934,1.00000000000003,True,True,False
GENTLE_LIKE,self_fund_win,1.0,6082299.274631776,1520.574818657944,17,6046335.90616656,7109137.875903913,False,0.0,9120.027618605916,0.0,-2.7284841053187847e-10,9120.027618605644,0.0,6082299.274631776,9120.027618605644,2.280006904651411,0.0014994374999999934,1.00000000000003,False,False,False
GENTLE_LIKE,self_fund_win,1.0,6082299.274631776,1520.574818657944,18,6046335.90616656,7005985.001057631,False,0.0,9120.027618605916,0.0,-2.7284841053187847e-10,9120.027618605644,0.0,6082299.274631776,9120.027618605644,2.280006904651411,0.0014994374999999934,1.00000000000003,False,False,False
GENTLE_LIKE,self_fund_win,1.0,6082299.274631776,1520.574818657944,19,6046335.90616656,5682828.749662012,True,0.0,9120.027618605916,0.0,-2.7284841053187847e-10,9120.027618605644,0.0,6082299.274631776,9120.027618605644,2.280006904651411,0.0014994374999999934,1.00000000000003,True,True,False
GENTLE_LIKE,self_fund_win,1.0,6082299.274631776,1520.574818657944,20,6046335.90616656,8610630.624458738,False,0.0,9120.027618605916,0.0,-2.7284841053187847e-10,9120.027618605644,0.0,6082299.274631776,9120.027618605644,2.280006904651411,0.0014994374999999934,1.00000000000003,False,False,False
GENTLE_LIKE,self_fund_win,1.0,6082299.274631776,1520.574818657944,21,6046335.90616656,6295189.2257237015,False,0.0,9120.027618605916,0.0,-2.7284841053187847e-10,9120.027618605644,0.0,6082299.274631776,9120.027618605644,2.280006904651411,0.0014994374999999934,1.00000000000003,False,False,False
GENTLE_LIKE,self_fund_win,1.0,6082299.274631776,1520.574818657944,22,6046335.90616656,5009042.346973535,True,0.0,9120.027618605916,0.0,-2.7284841053187847e-10,9120.027618605644,0.0,6082299.274631776,9120.027618605644,2.280006904651411,0.0014994374999999934,1.00000000000003,True,True,False
GENTLE_LIKE,self_fund_win,1.0,6082299.274631776,1520.574818657944,23,6046335.90616656,7430111.723573228,False,0.0,9120.027618605916,0.0,-2.7284841053187847e-10,9120.027618605644,0.0,6082299.274631776,9120.027618605644,2.280006904651411,0.0014994374999999934,1.00000000000003,False,False,False
GENTLE_LIKE,self_fund_win,1.0,6082299.274631776,1520.574818657944,24,6046335.90616656,6924128.245255224,False,0.0,9120.027618605916,0.0,-2.7284841053187847e-10,9120.027618605644,0.0,6082299.274631776,9120.027618605644,2.280006904651411,0.0014994374999999934,1.00000000000003,False,False,False
GENTLE_LIKE,self_fund_win,1.0,6082299.274631776,1520.574818657944,25,6046335.90616656,5616533.084044949,True,0.0,9120.027618605916,0.0,-2.7284841053187847e-10,9120.027618605644,0.0,6082299.274631776,9120.027618605644,2.280006904651411,0.0014994374999999934,1.00000000000003,True,True,False
GENTLE_LIKE,self_fund_win,1.0,6082299.274631776,1520.574818657944,26,6046335.90616656,5882473.15277467,True,0.0,9120.027618605916,0.0,-2.7284841053187847e-10,9120.027618605644,0.0,6082299.274631776,9120.027618605644,2.280006904651411,0.0014994374999999934,1.00000000000003,True,True,False
GENTLE_LIKE,self_fund_win,1.0,6082299.274631776,1520.574818657944,27,6046335.90616656,6334350.919767308,False,0.0,9120.027618605916,0.0,-2.7284841053187847e-10,9120.027618605644,0.0,6082299.274631776,9120.027618605644,2.280006904651411,0.0014994374999999934,1.00000000000003,False,False,False
GENTLE_LIKE,self_fund_win,1.0,6082299.274631776,1520.574818657944,28,6046335.90616656,5371822.982236359,True,0.0,9120.027618605916,0.0,-2.7284841053187847e-10,9120.027618605644,0.0,6082299.274631776,9120.027618605644,2.280006904651411,0.0014994374999999934,1.00000000000003,True,True,False
GENTLE_LIKE,self_fund_win,1.0,6082299.274631776,1520.574818657944,29,6046335.90616656,6273656.500313423,False,0.0,9120.027618605916,0.0,-2.7284841053187847e-10,9120.027618605644,0.0,6082299.274631776,9120.027618605644,2.280006904651411,0.0014994374999999934,1.00000000000003,False,False,False
GENTLE_LIKE,self_fund_win,1.0,6082299.274631776,1520.574818657944,30,6046335.90616656,6990401.7156062275,False,0.0,9120.027618605916,0.0,-2.7284841053187847e-10,9120.027618605644,0.0,6082299.274631776,9120.027618605644,2.280006904651411,0.0014994374999999934,1.00000000000003,False,False,False
GENTLE_LIKE,self_fund_win,1.0,6082299.274631776,1520.574818657944,31,6046335.90616656,6181138.999392226,False,0.0,9120.027618605916,0.0,-2.7284841053187847e-10,9120.027618605644,0.0,6082299.274631776,9120.027618605644,2.280006904651411,0.0014994374999999934,1.00000000000003,False,False,False
GENTLE_LIKE,self_fund_win,1.0,6082299.274631776,1520.574818657944,32,6046335.90616656,6377252.382527415,False,0.0,9120.027618605916,0.0,-2.7284841053187847e-10,9120.027618605644,0.0,6082299.274631776,9120.027618605644,2.280006904651411,0.0014994374999999934,1.00000000000003,False,False,False
GENTLE_LIKE,self_fund_win,1.0,6082299.274631776,1520.574818657944,33,6046335.90616656,6784431.162711641,False,0.0,9120.027618605916,0.0,-2.7284841053187847e-10,9120.027618605644,0.0,6082299.274631776,9120.027618605644,2.280006904651411,0.0014994374999999934,1.00000000000003,False,False,False
GENTLE_LIKE,self_fund_win,1.0,6082299.274631776,1520.574818657944,34,6046335.90616656,6653935.372320338,False,0.0,9120.027618605916,0.0,-2.7284841053187847e-10,9120.027618605644,0.0,6082299.274631776,9120.027618605644,2.280006904651411,0.0014994374999999934,1.00000000000003,False,False,False
GENTLE_LIKE,self_fund_win,1.0,6082299.274631776,1520.574818657944,35,6046335.90616656,6914686.702020708,False,0.0,9120.027618605916,0.0,-2.7284841053187847e-10,9120.027618605644,0.0,6082299.274631776,9120.027618605644,2.280006904651411,0.0014994374999999934,1.00000000000003,False,False,False
GENTLE_LIKE,self_fund_win,1.0,6082299.274631776,1520.574818657944,36,6046335.90616656,5141316.665881534,True,0.0,9120.027618605916,0.0,-2.7284841053187847e-10,9120.027618605644,0.0,6082299.274631776,9120.027618605644,2.280006904651411,0.0014994374999999934,1.00000000000003,True,True,False
GENTLE_LIKE,self_fund_win,1.0,6082299.274631776,1520.574818657944,37,6046335.90616656,5621908.490044954,True,0.0,9120.027618605916,0.0,-2.7284841053187847e-10,9120.027618605644,0.0,6082299.274631776,9120.027618605644,2.280006904651411,0.0014994374999999934,1.00000000000003,True,True,False
GENTLE_LIKE,self_fund_win,1.0,6082299.274631776,1520.574818657944,38,6046335.90616656,6531150.41615282,False,0.0,9120.027618605916,0.0,-2.7284841053187847e-10,9120.027618605644,0.0,6082299.274631776,9120.027618605644,2.280006904651411,0.0014994374999999934,1.00000000000003,False,False,False
GENTLE_LIKE,self_fund_win,1.0,6082299.274631776,1520.574818657944,39,6046335.90616656,6777331.323717008,False,0.0,9120.027618605916,0.0,-2.7284841053187847e-10,9120.027618605644,0.0,6082299.274631776,9120.027618605644,2.280006904651411,0.0014994374999999934,1.00000000000003,False,False,False
GENTLE_LIKE,self_fund_win,2.0,12164598.549263552,3041.149637315888,0,12092671.81233312,7196151.904228827,True,0.0,18240.055237211833,0.0,-2.408341970294714e-09,18240.055237209424,0.0,12164598.549263552,18240.055237209424,4.560013809302356,0.0014994374999998403,1.0000000000001321,True,True,True
GENTLE_LIKE,self_fund_win,2.0,12164598.549263552,3041.149637315888,1,12092671.81233312,7634959.281705001,True,0.0,18240.055237211833,0.0,-2.408341970294714e-09,18240.055237209424,0.0,12164598.549263552,18240.055237209424,4.560013809302356,0.0014994374999998403,1.0000000000001321,True,True,True
GENTLE_LIKE,self_fund_win,2.0,12164598.549263552,3041.149637315888,2,12092671.81233312,7771974.907914068,True,0.0,18240.055237211833,0.0,-2.408341970294714e-09,18240.055237209424,0.0,12164598.549263552,18240.055237209424,4.560013809302356,0.0014994374999998403,1.0000000000001321,True,True,True
GENTLE_LIKE,self_fund_win,2.0,12164598.549263552,3041.149637315888,3,12092671.81233312,6772151.486946111,True,0.0,18240.055237211833,0.0,-2.408341970294714e-09,18240.055237209424,0.0,12164598.549263552,18240.055237209424,4.560013809302356,0.0014994374999998403,1.0000000000001321,True,True,True
GENTLE_LIKE,self_fund_win,2.0,12164598.549263552,3041.149637315888,4,12092671.81233312,6701643.553971398,True,0.0,18240.055237211833,0.0,-2.408341970294714e-09,18240.055237209424,0.0,12164598.549263552,18240.055237209424,4.560013809302356,0.0014994374999998403,1.0000000000001321,True,True,True
GENTLE_LIKE,self_fund_win,2.0,12164598.549263552,3041.149637315888,5,12092671.81233312,5318532.340156762,True,0.0,18240.055237211833,0.0,-2.408341970294714e-09,18240.055237209424,0.0,12164598.549263552,18240.055237209424,4.560013809302356,0.0014994374999998403,1.0000000000001321,True,True,True
GENTLE_LIKE,self_fund_win,2.0,12164598.549263552,3041.149637315888,6,12092671.81233312,6595753.026271052,True,0.0,18240.055237211833,0.0,-2.408341970294714e-09,18240.055237209424,0.0,12164598.549263552,18240.055237209424,4.560013809302356,0.0014994374999998403,1.0000000000001321,True,True,True
GENTLE_LIKE,self_fund_win,2.0,12164598.549263552,3041.149637315888,7,12092671.81233312,6965096.2804586515,True,0.0,18240.055237211833,0.0,-2.408341970294714e-09,18240.055237209424,0.0,12164598.549263552,18240.055237209424,4.560013809302356,0.0014994374999998403,1.0000000000001321,True,True,True
GENTLE_LIKE,self_fund_win,2.0,12164598.549263552,3041.149637315888,8,12092671.81233312,7956406.854513247,True,0.0,18240.055237211833,0.0,-2.408341970294714e-09,18240.055237209424,0.0,12164598.549263552,18240.055237209424,4.560013809302356,0.0014994374999998403,1.0000000000001321,True,True,True
GENTLE_LIKE,self_fund_win,2.0,12164598.549263552,3041.149637315888,9,12092671.81233312,6198607.792347234,True,0.0,18240.055237211833,0.0,-2.408341970294714e-09,18240.055237209424,0.0,12164598.549263552,18240.055237209424,4.560013809302356,0.0014994374999998403,1.0000000000001321,True,True,True
GENTLE_LIKE,self_fund_win,2.0,12164598.549263552,3041.149637315888,10,12092671.81233312,6340695.635818129,True,0.0,18240.055237211833,0.0,-2.408341970294714e-09,18240.055237209424,0.0,12164598.549263552,18240.055237209424,4.560013809302356,0.0014994374999998403,1.0000000000001321,True,True,True
GENTLE_LIKE,self_fund_win,2.0,12164598.549263552,3041.149637315888,11,12092671.81233312,6116004.6346413195,True,0.0,18240.055237211833,0.0,-2.408341970294714e-09,18240.055237209424,0.0,12164598.549263552,18240.055237209424,4.560013809302356,0.0014994374999998403,1.0000000000001321,True,True,True
GENTLE_LIKE,self_fund_win,2.0,12164598.549263552,3041.149637315888,12,12092671.81233312,6317270.479272786,True,0.0,18240.055237211833,0.0,-2.408341970294714e-09,18240.055237209424,0.0,12164598.549263552,18240.055237209424,4.560013809302356,0.0014994374999998403,1.0000000000001321,True,True,True
GENTLE_LIKE,self_fund_win,2.0,12164598.549263552,3041.149637315888,13,12092671.81233312,7277147.547521337,True,0.0,18240.055237211833,0.0,-2.408341970294714e-09,18240.055237209424,0.0,12164598.549263552,18240.055237209424,4.560013809302356,0.0014994374999998403,1.0000000000001321,True,True,True
GENTLE_LIKE,self_fund_win,2.0,12164598.549263552,3041.149637315888,14,12092671.81233312,6679955.618763681,True,0.0,18240.055237211833,0.0,-2.408341970294714e-09,18240.055237209424,0.0,12164598.549263552,18240.055237209424,4.560013809302356,0.0014994374999998403,1.0000000000001321,True,True,True
GENTLE_LIKE,self_fund_win,2.0,12164598.549263552,3041.149637315888,15,12092671.81233312,6407832.068426777,True,0.0,18240.055237211833,0.0,-2.408341970294714e-09,18240.055237209424,0.0,12164598.549263552,18240.055237209424,4.560013809302356,0.0014994374999998403,1.0000000000001321,True,True,True
GENTLE_LIKE,self_fund_win,2.0,12164598.549263552,3041.149637315888,16,12092671.81233312,7855860.602836168,True,0.0,18240.055237211833,0.0,-2.408341970294714e-09,18240.055237209424,0.0,12164598.549263552,18240.055237209424,4.560013809302356,0.0014994374999998403,1.0000000000001321,True,True,True
GENTLE_LIKE,self_fund_win,2.0,12164598.549263552,3041.149637315888,17,12092671.81233312,6601170.57779367,True,0.0,18240.055237211833,0.0,-2.408341970294714e-09,18240.055237209424,0.0,12164598.549263552,18240.055237209424,4.560013809302356,0.0014994374999998403,1.0000000000001321,True,True,True
GENTLE_LIKE,self_fund_win,2.0,12164598.549263552,3041.149637315888,18,12092671.81233312,5780547.597603528,True,0.0,18240.055237211833,0.0,-2.408341970294714e-09,18240.055237209424,0.0,12164598.549263552,18240.055237209424,4.560013809302356,0.0014994374999998403,1.0000000000001321,True,True,True
GENTLE_LIKE,self_fund_win,2.0,12164598.549263552,3041.149637315888,19,12092671.81233312,6642523.069204517,True,0.0,18240.055237211833,0.0,-2.408341970294714e-09,18240.055237209424,0.0,12164598.549263552,18240.055237209424,4.560013809302356,0.0014994374999998403,1.0000000000001321,True,True,True
GENTLE_LIKE,self_fund_win,2.0,12164598.549263552,3041.149637315888,20,12092671.81233312,7601117.284428199,True,0.0,18240.055237211833,0.0,-2.408341970294714e-09,18240.055237209424,0.0,12164598.549263552,18240.055237209424,4.560013809302356,0.0014994374999998403,1.0000000000001321,True,True,True
GENTLE_LIKE,self_fund_win,2.0,12164598.549263552,3041.149637315888,21,12092671.81233312,7336062.494747308,True,0.0,18240.055237211833,0.0,-2.408341970294714e-09,18240.055237209424,0.0,12164598.549263552,18240.055237209424,4.560013809302356,0.0014994374999998403,1.0000000000001321,True,True,True
GENTLE_LIKE,self_fund_win,2.0,12164598.549263552,3041.149637315888,22,12092671.81233312,6369581.117670202,True,0.0,18240.055237211833,0.0,-2.408341970294714e-09,18240.055237209424,0.0,12164598.549263552,18240.055237209424,4.560013809302356,0.0014994374999998403,1.0000000000001321,True,True,True
GENTLE_LIKE,self_fund_win,2.0,12164598.549263552,3041.149637315888,23,12092671.81233312,6187254.928312966,True,0.0,18240.055237211833,0.0,-2.408341970294714e-09,18240.055237209424,0.0,12164598.549263552,18240.055237209424,4.560013809302356,0.0014994374999998403,1.0000000000001321,True,True,True
GENTLE_LIKE,self_fund_win,2.0,12164598.549263552,3041.149637315888,24,12092671.81233312,5166757.537009403,True,0.0,18240.055237211833,0.0,-2.408341970294714e-09,18240.055237209424,0.0,12164598.549263552,18240.055237209424,4.560013809302356,0.0014994374999998403,1.0000000000001321,True,True,True
GENTLE_LIKE,self_fund_win,2.0,12164598.549263552,3041.149637315888,25,12092671.81233312,6896921.640958188,True,0.0,18240.055237211833,0.0,-2.408341970294714e-09,18240.055237209424,0.0,12164598.549263552,18240.055237209424,4.560013809302356,0.0014994374999998403,1.0000000000001321,True,True,True
GENTLE_LIKE,self_fund_win,2.0,12164598.549263552,3041.149637315888,26,12092671.81233312,7177745.3855152195,True,0.0,18240.055237211833,0.0,-2.408341970294714e-09,18240.055237209424,0.0,12164598.549263552,18240.055237209424,4.560013809302356,0.0014994374999998403,1.0000000000001321,True,True,True
GENTLE_LIKE,self_fund_win,2.0,12164598.549263552,3041.149637315888,27,12092671.81233312,6885960.082879464,True,0.0,18240.055237211833,0.0,-2.408341970294714e-09,18240.055237209424,0.0,12164598.549263552,18240.055237209424,4.560013809302356,0.0014994374999998403,1.0000000000001321,True,True,True
GENTLE_LIKE,self_fund_win,2.0,12164598.549263552,3041.149637315888,28,12092671.81233312,5533152.112686112,True,0.0,18240.055237211833,0.0,-2.408341970294714e-09,18240.055237209424,0.0,12164598.549263552,18240.055237209424,4.560013809302356,0.0014994374999998403,1.0000000000001321,True,True,True
GENTLE_LIKE,self_fund_win,2.0,12164598.549263552,3041.149637315888,29,12092671.81233312,7735725.064057474,True,0.0,18240.055237211833,0.0,-2.408341970294714e-09,18240.055237209424,0.0,12164598.549263552,18240.055237209424,4.560013809302356,0.0014994374999998403,1.0000000000001321,True,True,True
GENTLE_LIKE,self_fund_win,2.0,12164598.549263552,3041.149637315888,30,12092671.81233312,5583270.855936893,True,0.0,18240.055237211833,0.0,-2.408341970294714e-09,18240.055237209424,0.0,12164598.549263552,18240.055237209424,4.560013809302356,0.0014994374999998403,1.0000000000001321,True,True,True
GENTLE_LIKE,self_fund_win,2.0,12164598.549263552,3041.149637315888,31,12092671.81233312,7012995.256192286,True,0.0,18240.055237211833,0.0,-2.408341970294714e-09,18240.055237209424,0.0,12164598.549263552,18240.055237209424,4.560013809302356,0.0014994374999998403,1.0000000000001321,True,True,True
GENTLE_LIKE,self_fund_win,2.0,12164598.549263552,3041.149637315888,32,12092671.81233312,6360821.706898685,True,0.0,18240.055237211833,0.0,-2.408341970294714e-09,18240.055237209424,0.0,12164598.549263552,18240.055237209424,4.560013809302356,0.0014994374999998403,1.0000000000001321,True,True,True
GENTLE_LIKE,self_fund_win,2.0,12164598.549263552,3041.149637315888,33,12092671.81233312,7598131.755096577,True,0.0,18240.055237211833,0.0,-2.408341970294714e-09,18240.055237209424,0.0,12164598.549263552,18240.055237209424,4.560013809302356,0.0014994374999998403,1.0000000000001321,True,True,True
GENTLE_LIKE,self_fund_win,2.0,12164598.549263552,3041.149637315888,34,12092671.81233312,6235608.347216295,True,0.0,18240.055237211833,0.0,-2.408341970294714e-09,18240.055237209424,0.0,12164598.549263552,18240.055237209424,4.560013809302356,0.0014994374999998403,1.0000000000001321,True,True,True
GENTLE_LIKE,self_fund_win,2.0,12164598.549263552,3041.149637315888,35,12092671.81233312,7399013.81252731,True,0.0,18240.055237211833,0.0,-2.408341970294714e-09,18240.055237209424,0.0,12164598.549263552,18240.055237209424,4.560013809302356,0.0014994374999998403,1.0000000000001321,True,True,True
GENTLE_LIKE,self_fund_win,2.0,12164598.549263552,3041.149637315888,36,12092671.81233312,6650560.994722043,True,0.0,18240.055237211833,0.0,-2.408341970294714e-09,18240.055237209424,0.0,12164598.549263552,18240.055237209424,4.560013809302356,0.0014994374999998403,1.0000000000001321,True,True,True
GENTLE_LIKE,self_fund_win,2.0,12164598.549263552,3041.149637315888,37,12092671.81233312,6444499.378475434,True,0.0,18240.055237211833,0.0,-2.408341970294714e-09,18240.055237209424,0.0,12164598.549263552,18240.055237209424,4.560013809302356,0.0014994374999998403,1.0000000000001321,True,True,True
GENTLE_LIKE,self_fund_win,2.0,12164598.549263552,3041.149637315888,38,12092671.81233312,8083296.766955576,True,0.0,18240.055237211833,0.0,-2.408341970294714e-09,18240.055237209424,0.0,12164598.549263552,18240.055237209424,4.560013809302356,0.0014994374999998403,1.0000000000001321,True,True,True
GENTLE_LIKE,self_fund_win,2.0,12164598.549263552,3041.149637315888,39,12092671.81233312,6746661.537124988,True,0.0,18240.055237211833,0.0,-2.408341970294714e-09,18240.055237209424,0.0,12164598.549263552,18240.055237209424,4.560013809302356,0.0014994374999998403,1.0000000000001321,True,True,True
GENTLE_LIKE,self_fund_win,5.0,30411496.37315888,7602.87409328972,0,30231679.5308328,6998211.347449656,True,0.0,45600.13809303051,0.0,5.158653948456049e-09,45600.13809303567,0.0,30411496.37315888,45600.13809303567,11.400034523258917,0.0014994375000002384,0.9999999999998869,True,True,True
GENTLE_LIKE,self_fund_win,5.0,30411496.37315888,7602.87409328972,1,30231679.5308328,6520153.450044637,True,0.0,45600.13809303051,0.0,5.158653948456049e-09,45600.13809303567,0.0,30411496.37315888,45600.13809303567,11.400034523258917,0.0014994375000002384,0.9999999999998869,True,True,True
GENTLE_LIKE,self_fund_win,5.0,30411496.37315888,7602.87409328972,2,30231679.5308328,5489755.324719355,True,0.0,45600.13809303051,0.0,5.158653948456049e-09,45600.13809303567,0.0,30411496.37315888,45600.13809303567,11.400034523258917,0.0014994375000002384,0.9999999999998869,True,True,True
GENTLE_LIKE,self_fund_win,5.0,30411496.37315888,7602.87409328972,3,30231679.5308328,6416468.154717423,True,0.0,45600.13809303051,0.0,5.158653948456049e-09,45600.13809303567,0.0,30411496.37315888,45600.13809303567,11.400034523258917,0.0014994375000002384,0.9999999999998869,True,True,True
GENTLE_LIKE,self_fund_win,5.0,30411496.37315888,7602.87409328972,4,30231679.5308328,4828695.432728119,True,0.0,45600.13809303051,0.0,5.158653948456049e-09,45600.13809303567,0.0,30411496.37315888,45600.13809303567,11.400034523258917,0.0014994375000002384,0.9999999999998869,True,True,True
GENTLE_LIKE,self_fund_win,5.0,30411496.37315888,7602.87409328972,5,30231679.5308328,7010380.8509150045,True,0.0,45600.13809303051,0.0,5.158653948456049e-09,45600.13809303567,0.0,30411496.37315888,45600.13809303567,11.400034523258917,0.0014994375000002384,0.9999999999998869,True,True,True
GENTLE_LIKE,self_fund_win,5.0,30411496.37315888,7602.87409328972,6,30231679.5308328,6517077.786230724,True,0.0,45600.13809303051,0.0,5.158653948456049e-09,45600.13809303567,0.0,30411496.37315888,45600.13809303567,11.400034523258917,0.0014994375000002384,0.9999999999998869,True,True,True
GENTLE_LIKE,self_fund_win,5.0,30411496.37315888,7602.87409328972,7,30231679.5308328,6039371.942840352,True,0.0,45600.13809303051,0.0,5.158653948456049e-09,45600.13809303567,0.0,30411496.37315888,45600.13809303567,11.400034523258917,0.0014994375000002384,0.9999999999998869,True,True,True
GENTLE_LIKE,self_fund_win,5.0,30411496.37315888,7602.87409328972,8,30231679.5308328,7026932.166236024,True,0.0,45600.13809303051,0.0,5.158653948456049e-09,45600.13809303567,0.0,30411496.37315888,45600.13809303567,11.400034523258917,0.0014994375000002384,0.9999999999998869,True,True,True
GENTLE_LIKE,self_fund_win,5.0,30411496.37315888,7602.87409328972,9,30231679.5308328,6463703.913070712,True,0.0,45600.13809303051,0.0,5.158653948456049e-09,45600.13809303567,0.0,30411496.37315888,45600.13809303567,11.400034523258917,0.0014994375000002384,0.9999999999998869,True,True,True
GENTLE_LIKE,self_fund_win,5.0,30411496.37315888,7602.87409328972,10,30231679.5308328,8483081.910799976,True,0.0,45600.13809303051,0.0,5.158653948456049e-09,45600.13809303567,0.0,30411496.37315888,45600.13809303567,11.400034523258917,0.0014994375000002384,0.9999999999998869,True,True,True
GENTLE_LIKE,self_fund_win,5.0,30411496.37315888,7602.87409328972,11,30231679.5308328,5737686.368374438,True,0.0,45600.13809303051,0.0,5.158653948456049e-09,45600.13809303567,0.0,30411496.37315888,45600.13809303567,11.400034523258917,0.0014994375000002384,0.9999999999998869,True,True,True
GENTLE_LIKE,self_fund_win,5.0,30411496.37315888,7602.87409328972,12,30231679.5308328,6225511.4443081105,True,0.0,45600.13809303051,0.0,5.158653948456049e-09,45600.13809303567,0.0,30411496.37315888,45600.13809303567,11.400034523258917,0.0014994375000002384,0.9999999999998869,True,True,True
GENTLE_LIKE,self_fund_win,5.0,30411496.37315888,7602.87409328972,13,30231679.5308328,6131782.14211575,True,0.0,45600.13809303051,0.0,5.158653948456049e-09,45600.13809303567,0.0,30411496.37315888,45600.13809303567,11.400034523258917,0.0014994375000002384,0.9999999999998869,True,True,True
GENTLE_LIKE,self_fund_win,5.0,30411496.37315888,7602.87409328972,14,30231679.5308328,5298874.382842738,True,0.0,45600.13809303051,0.0,5.158653948456049e-09,45600.13809303567,0.0,30411496.37315888,45600.13809303567,11.400034523258917,0.0014994375000002384,0.9999999999998869,True,True,True
GENTLE_LIKE,self_fund_win,5.0,30411496.37315888,7602.87409328972,15,30231679.5308328,6294544.890173577,True,0.0,45600.13809303051,0.0,5.158653948456049e-09,45600.13809303567,0.0,30411496.37315888,45600.13809303567,11.400034523258917,0.0014994375000002384,0.9999999999998869,True,True,True
GENTLE_LIKE,self_fund_win,5.0,30411496.37315888,7602.87409328972,16,30231679.5308328,5196918.053725283,True,0.0,45600.13809303051,0.0,5.158653948456049e-09,45600.13809303567,0.0,30411496.37315888,45600.13809303567,11.400034523258917,0.0014994375000002384,0.9999999999998869,True,True,True
GENTLE_LIKE,self_fund_win,5.0,30411496.37315888,7602.87409328972,17,30231679.5308328,7585631.361502557,True,0.0,45600.13809303051,0.0,5.158653948456049e-09,45600.13809303567,0.0,30411496.37315888,45600.13809303567,11.400034523258917,0.0014994375000002384,0.9999999999998869,True,True,True
GENTLE_LIKE,self_fund_win,5.0,30411496.37315888,7602.87409328972,18,30231679.5308328,7243504.354893696,True,0.0,45600.13809303051,0.0,5.158653948456049e-09,45600.13809303567,0.0,30411496.37315888,45600.13809303567,11.400034523258917,0.0014994375000002384,0.9999999999998869,True,True,True
GENTLE_LIKE,self_fund_win,5.0,30411496.37315888,7602.87409328972,19,30231679.5308328,7010778.958471309,True,0.0,45600.13809303051,0.0,5.158653948456049e-09,45600.13809303567,0.0,30411496.37315888,45600.13809303567,11.400034523258917,0.0014994375000002384,0.9999999999998869,True,True,True
GENTLE_LIKE,self_fund_win,5.0,30411496.37315888,7602.87409328972,20,30231679.5308328,5697429.882292996,True,0.0,45600.13809303051,0.0,5.158653948456049e-09,45600.13809303567,0.0,30411496.37315888,45600.13809303567,11.400034523258917,0.0014994375000002384,0.9999999999998869,True,True,True
GENTLE_LIKE,self_fund_win,5.0,30411496.37315888,7602.87409328972,21,30231679.5308328,6449366.176687207,True,0.0,45600.13809303051,0.0,5.158653948456049e-09,45600.13809303567,0.0,30411496.37315888,45600.13809303567,11.400034523258917,0.0014994375000002384,0.9999999999998869,True,True,True
GENTLE_LIKE,self_fund_win,5.0,30411496.37315888,7602.87409328972,22,30231679.5308328,6129246.845769364,True,0.0,45600.13809303051,0.0,5.158653948456049e-09,45600.13809303567,0.0,30411496.37315888,45600.13809303567,11.400034523258917,0.0014994375000002384,0.9999999999998869,True,True,True
GENTLE_LIKE,self_fund_win,5.0,30411496.37315888,7602.87409328972,23,30231679.5308328,6694782.679614783,True,0.0,45600.13809303051,0.0,5.158653948456049e-09,45600.13809303567,0.0,30411496.37315888,45600.13809303567,11.400034523258917,0.0014994375000002384,0.9999999999998869,True,True,True
GENTLE_LIKE,self_fund_win,5.0,30411496.37315888,7602.87409328972,24,30231679.5308328,5880736.032693655,True,0.0,45600.13809303051,0.0,5.158653948456049e-09,45600.13809303567,0.0,30411496.37315888,45600.13809303567,11.400034523258917,0.0014994375000002384,0.9999999999998869,True,True,True
GENTLE_LIKE,self_fund_win,5.0,30411496.37315888,7602.87409328972,25,30231679.5308328,5756869.540139221,True,0.0,45600.13809303051,0.0,5.158653948456049e-09,45600.13809303567,0.0,30411496.37315888,45600.13809303567,11.400034523258917,0.0014994375000002384,0.9999999999998869,True,True,True
GENTLE_LIKE,self_fund_win,5.0,30411496.37315888,7602.87409328972,26,30231679.5308328,5979582.026843914,True,0.0,45600.13809303051,0.0,5.158653948456049e-09,45600.13809303567,0.0,30411496.37315888,45600.13809303567,11.400034523258917,0.0014994375000002384,0.9999999999998869,True,True,True
GENTLE_LIKE,self_fund_win,5.0,30411496.37315888,7602.87409328972,27,30231679.5308328,5651668.226112448,True,0.0,45600.13809303051,0.0,5.158653948456049e-09,45600.13809303567,0.0,30411496.37315888,45600.13809303567,11.400034523258917,0.0014994375000002384,0.9999999999998869,True,True,True
GENTLE_LIKE,self_fund_win,5.0,30411496.37315888,7602.87409328972,28,30231679.5308328,6214987.147896877,True,0.0,45600.13809303051,0.0,5.158653948456049e-09,45600.13809303567,0.0,30411496.37315888,45600.13809303567,11.400034523258917,0.0014994375000002384,0.9999999999998869,True,True,True
GENTLE_LIKE,self_fund_win,5.0,30411496.37315888,7602.87409328972,29,30231679.5308328,6404001.591413388,True,0.0,45600.13809303051,0.0,5.158653948456049e-09,45600.13809303567,0.0,30411496.37315888,45600.13809303567,11.400034523258917,0.0014994375000002384,0.9999999999998869,True,True,True
GENTLE_LIKE,self_fund_win,5.0,30411496.37315888,7602.87409328972,30,30231679.5308328,6299523.1680987375,True,0.0,45600.13809303051,0.0,5.158653948456049e-09,45600.13809303567,0.0,30411496.37315888,45600.13809303567,11.400034523258917,0.0014994375000002384,0.9999999999998869,True,True,True
GENTLE_LIKE,self_fund_win,5.0,30411496.37315888,7602.87409328972,31,30231679.5308328,6298484.796610781,True,0.0,45600.13809303051,0.0,5.158653948456049e-09,45600.13809303567,0.0,30411496.37315888,45600.13809303567,11.400034523258917,0.0014994375000002384,0.9999999999998869,True,True,True
GENTLE_LIKE,self_fund_win,5.0,30411496.37315888,7602.87409328972,32,30231679.5308328,7174920.248091338,True,0.0,45600.13809303051,0.0,5.158653948456049e-09,45600.13809303567,0.0,30411496.37315888,45600.13809303567,11.400034523258917,0.0014994375000002384,0.9999999999998869,True,True,True
GENTLE_LIKE,self_fund_win,5.0,30411496.37315888,7602.87409328972,33,30231679.5308328,6303224.593980202,True,0.0,45600.13809303051,0.0,5.158653948456049e-09,45600.13809303567,0.0,30411496.37315888,45600.13809303567,11.400034523258917,0.0014994375000002384,0.9999999999998869,True,True,True
GENTLE_LIKE,self_fund_win,5.0,30411496.37315888,7602.87409328972,34,30231679.5308328,7436255.234948233,True,0.0,45600.13809303051,0.0,5.158653948456049e-09,45600.13809303567,0.0,30411496.37315888,45600.13809303567,11.400034523258917,0.0014994375000002384,0.9999999999998869,True,True,True
GENTLE_LIKE,self_fund_win,5.0,30411496.37315888,7602.87409328972,35,30231679.5308328,5197684.803550331,True,0.0,45600.13809303051,0.0,5.158653948456049e-09,45600.13809303567,0.0,30411496.37315888,45600.13809303567,11.400034523258917,0.0014994375000002384,0.9999999999998869,True,True,True
GENTLE_LIKE,self_fund_win,5.0,30411496.37315888,7602.87409328972,36,30231679.5308328,7284987.2703338545,True,0.0,45600.13809303051,0.0,5.158653948456049e-09,45600.13809303567,0.0,30411496.37315888,45600.13809303567,11.400034523258917,0.0014994375000002384,0.9999999999998869,True,True,True
GENTLE_LIKE,self_fund_win,5.0,30411496.37315888,7602.87409328972,37,30231679.5308328,5736774.482015861,True,0.0,45600.13809303051,0.0,5.158653948456049e-09,45600.13809303567,0.0,30411496.37315888,45600.13809303567,11.400034523258917,0.0014994375000002384,0.9999999999998869,True,True,True
GENTLE_LIKE,self_fund_win,5.0,30411496.37315888,7602.87409328972,38,30231679.5308328,7022075.391855867,True,0.0,45600.13809303051,0.0,5.158653948456049e-09,45600.13809303567,0.0,30411496.37315888,45600.13809303567,11.400034523258917,0.0014994375000002384,0.9999999999998869,True,True,True
GENTLE_LIKE,self_fund_win,5.0,30411496.37315888,7602.87409328972,39,30231679.5308328,8533311.3134345,True,0.0,45600.13809303051,0.0,5.158653948456049e-09,45600.13809303567,0.0,30411496.37315888,45600.13809303567,11.400034523258917,0.0014994375000002384,0.9999999999998869,True,True,True
GENTLE_LIKE,self_fund_win,10.0,60822992.74631776,15205.74818657944,0,60463359.0616656,6713432.311174276,True,0.0,91200.27618606103,0.0,-4.598405212163925e-09,91200.27618605644,0.0,60822992.74631776,91200.27618605644,22.80006904651411,0.0014994374999999934,1.0000000000000504,True,True,True
GENTLE_LIKE,self_fund_win,10.0,60822992.74631776,15205.74818657944,1,60463359.0616656,8035202.067488672,True,0.0,91200.27618606103,0.0,-4.598405212163925e-09,91200.27618605644,0.0,60822992.74631776,91200.27618605644,22.80006904651411,0.0014994374999999934,1.0000000000000504,True,True,True
GENTLE_LIKE,self_fund_win,10.0,60822992.74631776,15205.74818657944,2,60463359.0616656,6308867.301437848,True,0.0,91200.27618606103,0.0,-4.598405212163925e-09,91200.27618605644,0.0,60822992.74631776,91200.27618605644,22.80006904651411,0.0014994374999999934,1.0000000000000504,True,True,True
GENTLE_LIKE,self_fund_win,10.0,60822992.74631776,15205.74818657944,3,60463359.0616656,7985035.529658122,True,0.0,91200.27618606103,0.0,-4.598405212163925e-09,91200.27618605644,0.0,60822992.74631776,91200.27618605644,22.80006904651411,0.0014994374999999934,1.0000000000000504,True,True,True
GENTLE_LIKE,self_fund_win,10.0,60822992.74631776,15205.74818657944,4,60463359.0616656,7089485.683608968,True,0.0,91200.27618606103,0.0,-4.598405212163925e-09,91200.27618605644,0.0,60822992.74631776,91200.27618605644,22.80006904651411,0.0014994374999999934,1.0000000000000504,True,True,True
GENTLE_LIKE,self_fund_win,10.0,60822992.74631776,15205.74818657944,5,60463359.0616656,7583249.177790966,True,0.0,91200.27618606103,0.0,-4.598405212163925e-09,91200.27618605644,0.0,60822992.74631776,91200.27618605644,22.80006904651411,0.0014994374999999934,1.0000000000000504,True,True,True
GENTLE_LIKE,self_fund_win,10.0,60822992.74631776,15205.74818657944,6,60463359.0616656,6263663.781829603,True,0.0,91200.27618606103,0.0,-4.598405212163925e-09,91200.27618605644,0.0,60822992.74631776,91200.27618605644,22.80006904651411,0.0014994374999999934,1.0000000000000504,True,True,True
GENTLE_LIKE,self_fund_win,10.0,60822992.74631776,15205.74818657944,7,60463359.0616656,6523703.2020470435,True,0.0,91200.27618606103,0.0,-4.598405212163925e-09,91200.27618605644,0.0,60822992.74631776,91200.27618605644,22.80006904651411,0.0014994374999999934,1.0000000000000504,True,True,True
GENTLE_LIKE,self_fund_win,10.0,60822992.74631776,15205.74818657944,8,60463359.0616656,6082752.072471073,True,0.0,91200.27618606103,0.0,-4.598405212163925e-09,91200.27618605644,0.0,60822992.74631776,91200.27618605644,22.80006904651411,0.0014994374999999934,1.0000000000000504,True,True,True
GENTLE_LIKE,self_fund_win,10.0,60822992.74631776,15205.74818657944,9,60463359.0616656,7309737.70133521,True,0.0,91200.27618606103,0.0,-4.598405212163925e-09,91200.27618605644,0.0,60822992.74631776,91200.27618605644,22.80006904651411,0.0014994374999999934,1.0000000000000504,True,True,True
GENTLE_LIKE,self_fund_win,10.0,60822992.74631776,15205.74818657944,10,60463359.0616656,6597608.662626498,True,0.0,91200.27618606103,0.0,-4.598405212163925e-09,91200.27618605644,0.0,60822992.74631776,91200.27618605644,22.80006904651411,0.0014994374999999934,1.0000000000000504,True,True,True
GENTLE_LIKE,self_fund_win,10.0,60822992.74631776,15205.74818657944,11,60463359.0616656,5899847.087627172,True,0.0,91200.27618606103,0.0,-4.598405212163925e-09,91200.27618605644,0.0,60822992.74631776,91200.27618605644,22.80006904651411,0.0014994374999999934,1.0000000000000504,True,True,True
GENTLE_LIKE,self_fund_win,10.0,60822992.74631776,15205.74818657944,12,60463359.0616656,5575927.32753387,True,0.0,91200.27618606103,0.0,-4.598405212163925e-09,91200.27618605644,0.0,60822992.74631776,91200.27618605644,22.80006904651411,0.0014994374999999934,1.0000000000000504,True,True,True
GENTLE_LIKE,self_fund_win,10.0,60822992.74631776,15205.74818657944,13,60463359.0616656,4208885.413771151,True,0.0,91200.27618606103,0.0,-4.598405212163925e-09,91200.27618605644,0.0,60822992.74631776,91200.27618605644,22.80006904651411,0.0014994374999999934,1.0000000000000504,True,True,True
GENTLE_LIKE,self_fund_win,10.0,60822992.74631776,15205.74818657944,14,60463359.0616656,7404054.974969769,True,0.0,91200.27618606103,0.0,-4.598405212163925e-09,91200.27618605644,0.0,60822992.74631776,91200.27618605644,22.80006904651411,0.0014994374999999934,1.0000000000000504,True,True,True
GENTLE_LIKE,self_fund_win,10.0,60822992.74631776,15205.74818657944,15,60463359.0616656,6601400.081829939,True,0.0,91200.27618606103,0.0,-4.598405212163925e-09,91200.27618605644,0.0,60822992.74631776,91200.27618605644,22.80006904651411,0.0014994374999999934,1.0000000000000504,True,True,True
GENTLE_LIKE,self_fund_win,10.0,60822992.74631776,15205.74818657944,16,60463359.0616656,7423150.925806599,True,0.0,91200.27618606103,0.0,-4.598405212163925e-09,91200.27618605644,0.0,60822992.74631776,91200.27618605644,22.80006904651411,0.0014994374999999934,1.0000000000000504,True,True,True
GENTLE_LIKE,self_fund_win,10.0,60822992.74631776,15205.74818657944,17,60463359.0616656,6835500.036181088,True,0.0,91200.27618606103,0.0,-4.598405212163925e-09,91200.27618605644,0.0,60822992.74631776,91200.27618605644,22.80006904651411,0.0014994374999999934,1.0000000000000504,True,True,True
GENTLE_LIKE,self_fund_win,10.0,60822992.74631776,15205.74818657944,18,60463359.0616656,7697984.309674492,True,0.0,91200.27618606103,0.0,-4.598405212163925e-09,91200.27618605644,0.0,60822992.74631776,91200.27618605644,22.80006904651411,0.0014994374999999934,1.0000000000000504,True,True,True
GENTLE_LIKE,self_fund_win,10.0,60822992.74631776,15205.74818657944,19,60463359.0616656,5993771.2698848285,True,0.0,91200.27618606103,0.0,-4.598405212163925e-09,91200.27618605644,0.0,60822992.74631776,91200.27618605644,22.80006904651411,0.0014994374999999934,1.0000000000000504,True,True,True
GENTLE_LIKE,self_fund_win,10.0,60822992.74631776,15205.74818657944,20,60463359.0616656,6559839.951030092,True,0.0,91200.27618606103,0.0,-4.598405212163925e-09,91200.27618605644,0.0,60822992.74631776,91200.27618605644,22.80006904651411,0.0014994374999999934,1.0000000000000504,True,True,True
GENTLE_LIKE,self_fund_win,10.0,60822992.74631776,15205.74818657944,21,60463359.0616656,5970946.890744914,True,0.0,91200.27618606103,0.0,-4.598405212163925e-09,91200.27618605644,0.0,60822992.74631776,91200.27618605644,22.80006904651411,0.0014994374999999934,1.0000000000000504,True,True,True
GENTLE_LIKE,self_fund_win,10.0,60822992.74631776,15205.74818657944,22,60463359.0616656,6436127.885353581,True,0.0,91200.27618606103,0.0,-4.598405212163925e-09,91200.27618605644,0.0,60822992.74631776,91200.27618605644,22.80006904651411,0.0014994374999999934,1.0000000000000504,True,True,True
GENTLE_LIKE,self_fund_win,10.0,60822992.74631776,15205.74818657944,23,60463359.0616656,6838858.60506754,True,0.0,91200.27618606103,0.0,-4.598405212163925e-09,91200.27618605644,0.0,60822992.74631776,91200.27618605644,22.80006904651411,0.0014994374999999934,1.0000000000000504,True,True,True
GENTLE_LIKE,self_fund_win,10.0,60822992.74631776,15205.74818657944,24,60463359.0616656,6671531.904244829,True,0.0,91200.27618606103,0.0,-4.598405212163925e-09,91200.27618605644,0.0,60822992.74631776,91200.27618605644,22.80006904651411,0.0014994374999999934,1.0000000000000504,True,True,True
GENTLE_LIKE,self_fund_win,10.0,60822992.74631776,15205.74818657944,25,60463359.0616656,6040746.205941153,True,0.0,91200.27618606103,0.0,-4.598405212163925e-09,91200.27618605644,0.0,60822992.74631776,91200.27618605644,22.80006904651411,0.0014994374999999934,1.0000000000000504,True,True,True
GENTLE_LIKE,self_fund_win,10.0,60822992.74631776,15205.74818657944,26,60463359.0616656,7859144.805830822,True,0.0,91200.27618606103,0.0,-4.598405212163925e-09,91200.27618605644,0.0,60822992.74631776,91200.27618605644,22.80006904651411,0.0014994374999999934,1.0000000000000504,True,True,True
GENTLE_LIKE,self_fund_win,10.0,60822992.74631776,15205.74818657944,27,60463359.0616656,6961932.623257388,True,0.0,91200.27618606103,0.0,-4.598405212163925e-09,91200.27618605644,0.0,60822992.74631776,91200.27618605644,22.80006904651411,0.0014994374999999934,1.0000000000000504,True,True,True
GENTLE_LIKE,self_fund_win,10.0,60822992.74631776,15205.74818657944,28,60463359.0616656,7365704.2725486485,True,0.0,91200.27618606103,0.0,-4.598405212163925e-09,91200.27618605644,0.0,60822992.74631776,91200.27618605644,22.80006904651411,0.0014994374999999934,1.0000000000000504,True,True,True
GENTLE_LIKE,self_fund_win,10.0,60822992.74631776,15205.74818657944,29,60463359.0616656,6833387.166399201,True,0.0,91200.27618606103,0.0,-4.598405212163925e-09,91200.27618605644,0.0,60822992.74631776,91200.27618605644,22.80006904651411,0.0014994374999999934,1.0000000000000504,True,True,True
GENTLE_LIKE,self_fund_win,10.0,60822992.74631776,15205.74818657944,30,60463359.0616656,5489367.457005992,True,0.0,91200.27618606103,0.0,-4.598405212163925e-09,91200.27618605644,0.0,60822992.74631776,91200.27618605644,22.80006904651411,0.0014994374999999934,1.0000000000000504,True,True,True
GENTLE_LIKE,self_fund_win,10.0,60822992.74631776,15205.74818657944,31,60463359.0616656,6019250.530445442,True,0.0,91200.27618606103,0.0,-4.598405212163925e-09,91200.27618605644,0.0,60822992.74631776,91200.27618605644,22.80006904651411,0.0014994374999999934,1.0000000000000504,True,True,True
GENTLE_LIKE,self_fund_win,10.0,60822992.74631776,15205.74818657944,32,60463359.0616656,4900241.737403398,True,0.0,91200.27618606103,0.0,-4.598405212163925e-09,91200.27618605644,0.0,60822992.74631776,91200.27618605644,22.80006904651411,0.0014994374999999934,1.0000000000000504,True,True,True
GENTLE_LIKE,self_fund_win,10.0,60822992.74631776,15205.74818657944,33,60463359.0616656,8447081.402241504,True,0.0,91200.27618606103,0.0,-4.598405212163925e-09,91200.27618605644,0.0,60822992.74631776,91200.27618605644,22.80006904651411,0.0014994374999999934,1.0000000000000504,True,True,True
GENTLE_LIKE,self_fund_win,10.0,60822992.74631776,15205.74818657944,34,60463359.0616656,6614221.635594999,True,0.0,91200.27618606103,0.0,-4.598405212163925e-09,91200.27618605644,0.0,60822992.74631776,91200.27618605644,22.80006904651411,0.0014994374999999934,1.0000000000000504,True,True,True
GENTLE_LIKE,self_fund_win,10.0,60822992.74631776,15205.74818657944,35,60463359.0616656,5856312.191106452,True,0.0,91200.27618606103,0.0,-4.598405212163925e-09,91200.27618605644,0.0,60822992.74631776,91200.27618605644,22.80006904651411,0.0014994374999999934,1.0000000000000504,True,True,True
GENTLE_LIKE,self_fund_win,10.0,60822992.74631776,15205.74818657944,36,60463359.0616656,7265831.074646876,True,0.0,91200.27618606103,0.0,-4.598405212163925e-09,91200.27618605644,0.0,60822992.74631776,91200.27618605644,22.80006904651411,0.0014994374999999934,1.0000000000000504,True,True,True
GENTLE_LIKE,self_fund_win,10.0,60822992.74631776,15205.74818657944,37,60463359.0616656,5539197.261187999,True,0.0,91200.27618606103,0.0,-4.598405212163925e-09,91200.27618605644,0.0,60822992.74631776,91200.27618605644,22.80006904651411,0.0014994374999999934,1.0000000000000504,True,True,True
GENTLE_LIKE,self_fund_win,10.0,60822992.74631776,15205.74818657944,38,60463359.0616656,6232761.186127285,True,0.0,91200.27618606103,0.0,-4.598405212163925e-09,91200.27618605644,0.0,60822992.74631776,91200.27618605644,22.80006904651411,0.0014994374999999934,1.0000000000000504,True,True,True
GENTLE_LIKE,self_fund_win,10.0,60822992.74631776,15205.74818657944,39,60463359.0616656,7776064.618123897,True,0.0,91200.27618606103,0.0,-4.598405212163925e-09,91200.27618605644,0.0,60822992.74631776,91200.27618605644,22.80006904651411,0.0014994374999999934,1.0000000000000504,True,True,True
